{
    "diffused_index_map": {},
    "metrics": {
        "max_ca_deviation": 0.1161203384399414,
        "n_chainbreaks": 0,
        "n_clashing.interresidue_clashes_w_sidechain": 1,
        "n_clashing.interresidue_clashes_w_backbone": 0,
        "n_clashing.ligand_clashes": 0,
        "n_clashing.ligand_min_distance": 3.283590793609619,
        "non_loop_fraction": 0.6881720430107526,
        "loop_fraction": 0.3118279569892473,
        "helix_fraction": 0.5268817204301075,
        "sheet_fraction": 0.16129032258064516,
        "num_ss_elements": 22,
        "radius_of_gyration": 18.213458103507033,
        "alanine_content": 0.3844086021505376,
        "glycine_content": 0.051075268817204304,
        "num_residues": 372,
        "diffused_com": [
            1.2712827920913696,
            -0.04685180261731148,
            1.500624656677246
        ],
        "fixed_com": [
            -0.00042403372935950756,
            -0.00010279605339746922,
            -5.139802669873461e-05
        ]
    },
    "specification": {
        "input": "/home/iska/amelie-ai/ThermoGFN/data/rfd3/ccd_ligands/structures/A1A9G.cif",
        "length": "20-400",
        "ligand": "A1A9G",
        "extra": {
            "example": "ligand_240_ccd_a1a9g",
            "task_name": "spec_ligand_240_ccd_a1a9g_ligand_240_ccd_a1a9g",
            "sampled_contig": "372",
            "num_tokens_in": 373,
            "num_residues_in": 373,
            "num_chains": 2,
            "num_atoms": 1879,
            "num_residues": 375,
            "example_id": "spec_ligand_240_ccd_a1a9g_ligand_240_ccd_a1a9g_2"
        },
        "select_fixed_atoms": {
            "A1A9G": "ALL"
        },
        "select_unfixed_sequence": false
    },
    "ckpt_path": "/home/iska/amelie-ai/ThermoGFN/weights/rfd3_latest.ckpt",
    "seed": null
}