{
    "diffused_index_map": {},
    "metrics": {
        "max_ca_deviation": 0.08892989158630371,
        "n_chainbreaks": 0,
        "n_clashing.interresidue_clashes_w_sidechain": 0,
        "n_clashing.interresidue_clashes_w_backbone": 0,
        "n_clashing.ligand_clashes": 0,
        "n_clashing.ligand_min_distance": 3.91560959815979,
        "non_loop_fraction": 0.7245508982035928,
        "loop_fraction": 0.2754491017964072,
        "helix_fraction": 0.5449101796407185,
        "sheet_fraction": 0.17964071856287425,
        "num_ss_elements": 25,
        "radius_of_gyration": 17.797019563728114,
        "alanine_content": 0.38622754491017963,
        "glycine_content": 0.07784431137724551,
        "num_residues": 334,
        "diffused_com": [
            -1.0841525793075562,
            1.5890005826950073,
            -1.1350499391555786
        ],
        "fixed_com": [
            -0.00042403372935950756,
            -0.00010279605339746922,
            -5.139802669873461e-05
        ]
    },
    "specification": {
        "input": "/home/iska/amelie-ai/ThermoGFN/data/rfd3/ccd_ligands/structures/A1A9G.cif",
        "length": "20-400",
        "ligand": "A1A9G",
        "extra": {
            "example": "ligand_240_ccd_a1a9g",
            "task_name": "spec_ligand_240_ccd_a1a9g_ligand_240_ccd_a1a9g",
            "sampled_contig": "334",
            "num_tokens_in": 335,
            "num_residues_in": 335,
            "num_chains": 2,
            "num_atoms": 1689,
            "num_residues": 337,
            "example_id": "spec_ligand_240_ccd_a1a9g_ligand_240_ccd_a1a9g_1"
        },
        "select_fixed_atoms": {
            "A1A9G": "ALL"
        },
        "select_unfixed_sequence": false
    },
    "ckpt_path": "/home/iska/amelie-ai/ThermoGFN/weights/rfd3_latest.ckpt",
    "seed": null
}