{
    "diffused_index_map": {},
    "metrics": {
        "max_ca_deviation": 0.934924840927124,
        "n_chainbreaks": 1,
        "n_clashing.interresidue_clashes_w_sidechain": 0,
        "n_clashing.interresidue_clashes_w_backbone": 0,
        "n_clashing.ligand_clashes": 0,
        "n_clashing.ligand_min_distance": 3.2475063800811768,
        "non_loop_fraction": 0.7320754716981132,
        "loop_fraction": 0.2679245283018868,
        "helix_fraction": 0.6037735849056604,
        "sheet_fraction": 0.12830188679245283,
        "num_ss_elements": 15,
        "radius_of_gyration": 16.648816365999245,
        "alanine_content": 0.41509433962264153,
        "glycine_content": 0.045283018867924525,
        "num_residues": 265,
        "diffused_com": [
            -4.481254577636719,
            -2.348734140396118,
            1.915972352027893
        ],
        "fixed_com": [
            -0.00042403372935950756,
            -0.00010279605339746922,
            -5.139802669873461e-05
        ]
    },
    "specification": {
        "input": "/home/iska/amelie-ai/ThermoGFN/data/rfd3/ccd_ligands/structures/A1A9G.cif",
        "length": "20-400",
        "ligand": "A1A9G",
        "extra": {
            "example": "ligand_240_ccd_a1a9g",
            "task_name": "spec_ligand_240_ccd_a1a9g_ligand_240_ccd_a1a9g",
            "sampled_contig": "265",
            "num_tokens_in": 266,
            "num_residues_in": 266,
            "num_chains": 2,
            "num_atoms": 1344,
            "num_residues": 268,
            "example_id": "spec_ligand_240_ccd_a1a9g_ligand_240_ccd_a1a9g_0"
        },
        "select_fixed_atoms": {
            "A1A9G": "ALL"
        },
        "select_unfixed_sequence": false
    },
    "ckpt_path": "/home/iska/amelie-ai/ThermoGFN/weights/rfd3_latest.ckpt",
    "seed": null
}