{
    "diffused_index_map": {},
    "metrics": {
        "max_ca_deviation": 0.9006526470184326,
        "n_chainbreaks": 2,
        "n_clashing.interresidue_clashes_w_sidechain": 1,
        "n_clashing.interresidue_clashes_w_backbone": 0,
        "n_clashing.ligand_clashes": 0,
        "n_clashing.ligand_min_distance": 3.1178064346313477,
        "non_loop_fraction": 0.7670886075949367,
        "loop_fraction": 0.23291139240506328,
        "helix_fraction": 0.5949367088607594,
        "sheet_fraction": 0.17215189873417722,
        "num_ss_elements": 27,
        "radius_of_gyration": 18.953053650350018,
        "alanine_content": 0.26582278481012656,
        "glycine_content": 0.06835443037974684,
        "num_residues": 395,
        "diffused_com": [
            2.022754430770874,
            0.8871992826461792,
            2.7092502117156982
        ],
        "fixed_com": [
            -0.0010937500046566129,
            -0.0005346679827198386,
            8.789062849245965e-05
        ]
    },
    "specification": {
        "input": "/home/iska/amelie-ai/ThermoGFN/data/rfd3/ccd_ligands/structures/2EL.cif",
        "length": "20-400",
        "ligand": "2EL",
        "extra": {
            "example": "ligand_516_ccd_2el",
            "task_name": "spec_ligand_516_ccd_2el_ligand_516_ccd_2el",
            "sampled_contig": "395",
            "num_tokens_in": 396,
            "num_residues_in": 396,
            "num_chains": 2,
            "num_atoms": 2000,
            "num_residues": 398,
            "example_id": "spec_ligand_516_ccd_2el_ligand_516_ccd_2el_1"
        },
        "select_fixed_atoms": {
            "2EL": "ALL"
        },
        "select_unfixed_sequence": false
    },
    "ckpt_path": "/home/iska/amelie-ai/ThermoGFN/weights/rfd3_latest.ckpt",
    "seed": null
}