{
    "diffused_index_map": {},
    "metrics": {
        "max_ca_deviation": 0.09138131141662598,
        "n_chainbreaks": 0,
        "n_clashing.interresidue_clashes_w_sidechain": 0,
        "n_clashing.interresidue_clashes_w_backbone": 0,
        "n_clashing.ligand_clashes": 0,
        "n_clashing.ligand_min_distance": 3.714412212371826,
        "non_loop_fraction": 0.6498599439775911,
        "loop_fraction": 0.35014005602240894,
        "helix_fraction": 0.4789915966386555,
        "sheet_fraction": 0.17086834733893558,
        "num_ss_elements": 23,
        "radius_of_gyration": 17.98038564784463,
        "alanine_content": 0.36134453781512604,
        "glycine_content": 0.07282913165266107,
        "num_residues": 357,
        "diffused_com": [
            -1.5491971969604492,
            0.22659187018871307,
            0.6994171738624573
        ],
        "fixed_com": [
            -0.0019182477844879031,
            0.00045340400538407266,
            0.0001596723304828629
        ]
    },
    "specification": {
        "input": "/home/iska/amelie-ai/ThermoGFN/data/rfd3/ccd_ligands/structures/4EG.cif",
        "length": "20-400",
        "ligand": "4EG",
        "extra": {
            "example": "ligand_049_ccd_4eg",
            "task_name": "spec_ligand_049_ccd_4eg_ligand_049_ccd_4eg",
            "sampled_contig": "357",
            "num_tokens_in": 358,
            "num_residues_in": 358,
            "num_chains": 2,
            "num_atoms": 1799,
            "num_residues": 360,
            "example_id": "spec_ligand_049_ccd_4eg_ligand_049_ccd_4eg_1"
        },
        "select_fixed_atoms": {
            "4EG": "ALL"
        },
        "select_unfixed_sequence": false
    },
    "ckpt_path": "/home/iska/amelie-ai/ThermoGFN/weights/rfd3_latest.ckpt",
    "seed": null
}