{
    "diffused_index_map": {},
    "metrics": {
        "max_ca_deviation": 0.08780932426452637,
        "n_chainbreaks": 0,
        "n_clashing.interresidue_clashes_w_sidechain": 0,
        "n_clashing.interresidue_clashes_w_backbone": 0,
        "n_clashing.ligand_clashes": 0,
        "n_clashing.ligand_min_distance": 3.304375171661377,
        "non_loop_fraction": 0.6028037383177569,
        "loop_fraction": 0.397196261682243,
        "helix_fraction": 0.308411214953271,
        "sheet_fraction": 0.29439252336448596,
        "num_ss_elements": 14,
        "radius_of_gyration": 15.790700330565548,
        "alanine_content": 0.14485981308411214,
        "glycine_content": 0.06542056074766354,
        "num_residues": 214,
        "diffused_com": [
            2.7084076404571533,
            -1.7811254262924194,
            0.8107466101646423
        ],
        "fixed_com": [
            -0.0010408100206404924,
            -0.001692922436632216,
            -0.00017989308980759233
        ]
    },
    "specification": {
        "input": "/home/iska/amelie-ai/ThermoGFN/data/rfd3/ccd_ligands/structures/7IE.cif",
        "length": "20-400",
        "ligand": "7IE",
        "extra": {
            "example": "ligand_305_ccd_7ie",
            "task_name": "spec_ligand_305_ccd_7ie_ligand_305_ccd_7ie",
            "sampled_contig": "214",
            "num_tokens_in": 215,
            "num_residues_in": 215,
            "num_chains": 2,
            "num_atoms": 1089,
            "num_residues": 217,
            "example_id": "spec_ligand_305_ccd_7ie_ligand_305_ccd_7ie_1"
        },
        "select_fixed_atoms": {
            "7IE": "ALL"
        },
        "select_unfixed_sequence": false
    },
    "ckpt_path": "/home/iska/amelie-ai/ThermoGFN/weights/rfd3_latest.ckpt",
    "seed": null
}