{
    "diffused_index_map": {},
    "metrics": {
        "max_ca_deviation": 0.0839540958404541,
        "n_chainbreaks": 0,
        "n_clashing.interresidue_clashes_w_sidechain": 0,
        "n_clashing.interresidue_clashes_w_backbone": 0,
        "n_clashing.ligand_clashes": 0,
        "n_clashing.ligand_min_distance": 4.069766044616699,
        "non_loop_fraction": 0.6371191135734072,
        "loop_fraction": 0.3628808864265928,
        "helix_fraction": 0.5069252077562327,
        "sheet_fraction": 0.13019390581717452,
        "num_ss_elements": 24,
        "radius_of_gyration": 18.06619201315077,
        "alanine_content": 0.3462603878116344,
        "glycine_content": 0.0886426592797784,
        "num_residues": 361,
        "diffused_com": [
            -1.6404402256011963,
            0.8577162623405457,
            1.2679952383041382
        ],
        "fixed_com": [
            -0.00017438616487197578,
            0.00017438616487197578,
            -0.000152587890625
        ]
    },
    "specification": {
        "input": "/home/iska/amelie-ai/ThermoGFN/data/rfd3/ccd_ligands/structures/A1D6Y.cif",
        "length": "20-400",
        "ligand": "A1D6Y",
        "extra": {
            "example": "ligand_064_ccd_a1d6y",
            "task_name": "spec_ligand_064_ccd_a1d6y_ligand_064_ccd_a1d6y",
            "sampled_contig": "361",
            "num_tokens_in": 362,
            "num_residues_in": 362,
            "num_chains": 2,
            "num_atoms": 1819,
            "num_residues": 364,
            "example_id": "spec_ligand_064_ccd_a1d6y_ligand_064_ccd_a1d6y_1"
        },
        "select_fixed_atoms": {
            "A1D6Y": "ALL"
        },
        "select_unfixed_sequence": false
    },
    "ckpt_path": "/home/iska/amelie-ai/ThermoGFN/weights/rfd3_latest.ckpt",
    "seed": null
}