{
    "diffused_index_map": {},
    "metrics": {
        "max_ca_deviation": 0.11275243759155273,
        "n_chainbreaks": 0,
        "n_clashing.interresidue_clashes_w_sidechain": 0,
        "n_clashing.interresidue_clashes_w_backbone": 0,
        "n_clashing.ligand_clashes": 0,
        "n_clashing.ligand_min_distance": 3.460935115814209,
        "non_loop_fraction": 0.6986301369863014,
        "loop_fraction": 0.3013698630136986,
        "helix_fraction": 0.5958904109589042,
        "sheet_fraction": 0.10273972602739725,
        "num_ss_elements": 16,
        "radius_of_gyration": 17.562185772873153,
        "alanine_content": 0.4349315068493151,
        "glycine_content": 0.05821917808219178,
        "num_residues": 292,
        "diffused_com": [
            -0.7178882360458374,
            1.6714589595794678,
            -0.2510935068130493
        ],
        "fixed_com": [
            0.0018446180038154125,
            -0.00022379557776730508,
            0.00021701389050576836
        ]
    },
    "specification": {
        "input": "/home/iska/amelie-ai/ThermoGFN/data/rfd3/ccd_ligands/structures/V7R.cif",
        "length": "20-400",
        "ligand": "V7R",
        "extra": {
            "example": "ligand_253_ccd_v7r",
            "task_name": "spec_ligand_253_ccd_v7r_ligand_253_ccd_v7r",
            "sampled_contig": "292",
            "num_tokens_in": 293,
            "num_residues_in": 293,
            "num_chains": 2,
            "num_atoms": 1478,
            "num_residues": 295,
            "example_id": "spec_ligand_253_ccd_v7r_ligand_253_ccd_v7r_1"
        },
        "select_fixed_atoms": {
            "V7R": "ALL"
        },
        "select_unfixed_sequence": false
    },
    "ckpt_path": "/home/iska/amelie-ai/ThermoGFN/weights/rfd3_latest.ckpt",
    "seed": null
}