{
    "diffused_index_map": {},
    "metrics": {
        "max_ca_deviation": 0.8737964630126953,
        "n_chainbreaks": 1,
        "n_clashing.interresidue_clashes_w_sidechain": 0,
        "n_clashing.interresidue_clashes_w_backbone": 0,
        "n_clashing.ligand_clashes": 0,
        "n_clashing.ligand_min_distance": 3.3598685264587402,
        "non_loop_fraction": 0.7131979695431472,
        "loop_fraction": 0.2868020304568528,
        "helix_fraction": 0.6294416243654822,
        "sheet_fraction": 0.08375634517766498,
        "num_ss_elements": 24,
        "radius_of_gyration": 18.99525743446179,
        "alanine_content": 0.3629441624365482,
        "glycine_content": 0.07360406091370558,
        "num_residues": 394,
        "diffused_com": [
            -0.1502482146024704,
            0.9428061246871948,
            -0.27006134390830994
        ],
        "fixed_com": [
            -0.0006510416860692203,
            0.0002983940939884633,
            -2.882215630961582e-05
        ]
    },
    "specification": {
        "input": "/home/iska/amelie-ai/ThermoGFN/data/rfd3/ccd_ligands/structures/A1B19.cif",
        "length": "20-400",
        "ligand": "A1B19",
        "extra": {
            "example": "ligand_244_ccd_a1b19",
            "task_name": "spec_ligand_244_ccd_a1b19_ligand_244_ccd_a1b19",
            "sampled_contig": "394",
            "num_tokens_in": 395,
            "num_residues_in": 395,
            "num_chains": 2,
            "num_atoms": 1988,
            "num_residues": 397,
            "example_id": "spec_ligand_244_ccd_a1b19_ligand_244_ccd_a1b19_0"
        },
        "select_fixed_atoms": {
            "A1B19": "ALL"
        },
        "select_unfixed_sequence": false
    },
    "ckpt_path": "/home/iska/amelie-ai/ThermoGFN/weights/rfd3_latest.ckpt",
    "seed": null
}