{
    "diffused_index_map": {},
    "metrics": {
        "max_ca_deviation": 0.07850241661071777,
        "n_chainbreaks": 0,
        "n_clashing.interresidue_clashes_w_sidechain": 0,
        "n_clashing.interresidue_clashes_w_backbone": 0,
        "n_clashing.ligand_clashes": 0,
        "n_clashing.ligand_min_distance": 3.5693650245666504,
        "non_loop_fraction": 0.7378640776699029,
        "loop_fraction": 0.2621359223300971,
        "helix_fraction": 0.34951456310679613,
        "sheet_fraction": 0.3883495145631068,
        "num_ss_elements": 7,
        "radius_of_gyration": 13.764097853478962,
        "alanine_content": 0.1941747572815534,
        "glycine_content": 0.038834951456310676,
        "num_residues": 103,
        "diffused_com": [
            3.1336331367492676,
            3.5133063793182373,
            -1.1878517866134644
        ],
        "fixed_com": [
            -0.0005326704704202712,
            -3.329190440126695e-05,
            0.0004106001288164407
        ]
    },
    "specification": {
        "input": "/home/iska/amelie-ai/ThermoGFN/data/rfd3/ccd_ligands/structures/7D5.cif",
        "length": "20-400",
        "ligand": "7D5",
        "extra": {
            "example": "ligand_411_ccd_7d5",
            "task_name": "spec_ligand_411_ccd_7d5_ligand_411_ccd_7d5",
            "sampled_contig": "103",
            "num_tokens_in": 104,
            "num_residues_in": 104,
            "num_chains": 2,
            "num_atoms": 537,
            "num_residues": 106,
            "example_id": "spec_ligand_411_ccd_7d5_ligand_411_ccd_7d5_2"
        },
        "select_fixed_atoms": {
            "7D5": "ALL"
        },
        "select_unfixed_sequence": false
    },
    "ckpt_path": "/home/iska/amelie-ai/ThermoGFN/weights/rfd3_latest.ckpt",
    "seed": null
}