{
    "diffused_index_map": {},
    "metrics": {
        "max_ca_deviation": 0.8567626476287842,
        "n_chainbreaks": 1,
        "n_clashing.interresidue_clashes_w_sidechain": 0,
        "n_clashing.interresidue_clashes_w_backbone": 0,
        "n_clashing.ligand_clashes": 0,
        "n_clashing.ligand_min_distance": 2.919909715652466,
        "non_loop_fraction": 0.680921052631579,
        "loop_fraction": 0.3190789473684211,
        "helix_fraction": 0.5526315789473685,
        "sheet_fraction": 0.12828947368421054,
        "num_ss_elements": 18,
        "radius_of_gyration": 17.184583602340304,
        "alanine_content": 0.3815789473684211,
        "glycine_content": 0.07236842105263158,
        "num_residues": 304,
        "diffused_com": [
            1.5303009748458862,
            -0.45681774616241455,
            -3.2091379165649414
        ],
        "fixed_com": [
            -0.0005326704704202712,
            -3.329190440126695e-05,
            0.0004106001288164407
        ]
    },
    "specification": {
        "input": "/home/iska/amelie-ai/ThermoGFN/data/rfd3/ccd_ligands/structures/7D5.cif",
        "length": "20-400",
        "ligand": "7D5",
        "extra": {
            "example": "ligand_411_ccd_7d5",
            "task_name": "spec_ligand_411_ccd_7d5_ligand_411_ccd_7d5",
            "sampled_contig": "304",
            "num_tokens_in": 305,
            "num_residues_in": 305,
            "num_chains": 2,
            "num_atoms": 1542,
            "num_residues": 307,
            "example_id": "spec_ligand_411_ccd_7d5_ligand_411_ccd_7d5_1"
        },
        "select_fixed_atoms": {
            "7D5": "ALL"
        },
        "select_unfixed_sequence": false
    },
    "ckpt_path": "/home/iska/amelie-ai/ThermoGFN/weights/rfd3_latest.ckpt",
    "seed": null
}