{
    "diffused_index_map": {},
    "metrics": {
        "max_ca_deviation": 0.06577444076538086,
        "n_chainbreaks": 0,
        "n_clashing.interresidue_clashes_w_sidechain": 0,
        "n_clashing.interresidue_clashes_w_backbone": 0,
        "n_clashing.ligand_clashes": 0,
        "n_clashing.ligand_min_distance": 2.6402509212493896,
        "non_loop_fraction": 0.6645569620253164,
        "loop_fraction": 0.33544303797468356,
        "helix_fraction": 0.5443037974683544,
        "sheet_fraction": 0.12025316455696203,
        "num_ss_elements": 10,
        "radius_of_gyration": 14.837145009065177,
        "alanine_content": 0.20253164556962025,
        "glycine_content": 0.04430379746835443,
        "num_residues": 158,
        "diffused_com": [
            2.3410627841949463,
            -0.021834999322891235,
            2.080258846282959
        ],
        "fixed_com": [
            0.0009765625,
            -0.0006917317514307797,
            -0.00044759115553461015
        ]
    },
    "specification": {
        "input": "/home/iska/amelie-ai/ThermoGFN/data/rfd3/ccd_ligands/structures/093.cif",
        "length": "20-400",
        "ligand": "093",
        "extra": {
            "example": "ligand_563_ccd_093",
            "task_name": "spec_ligand_563_ccd_093_ligand_563_ccd_093",
            "sampled_contig": "158",
            "num_tokens_in": 159,
            "num_residues_in": 159,
            "num_chains": 2,
            "num_atoms": 814,
            "num_residues": 161,
            "example_id": "spec_ligand_563_ccd_093_ligand_563_ccd_093_1"
        },
        "select_fixed_atoms": {
            "093": "ALL"
        },
        "select_unfixed_sequence": false
    },
    "ckpt_path": "/home/iska/amelie-ai/ThermoGFN/weights/rfd3_latest.ckpt",
    "seed": null
}