{
    "diffused_index_map": {},
    "metrics": {
        "max_ca_deviation": 0.8191094398498535,
        "n_chainbreaks": 1,
        "n_clashing.interresidue_clashes_w_sidechain": 0,
        "n_clashing.interresidue_clashes_w_backbone": 0,
        "n_clashing.ligand_clashes": 0,
        "n_clashing.ligand_min_distance": 2.7164793014526367,
        "non_loop_fraction": 0.6986301369863014,
        "loop_fraction": 0.3013698630136986,
        "helix_fraction": 0.2671232876712329,
        "sheet_fraction": 0.4315068493150685,
        "num_ss_elements": 13,
        "radius_of_gyration": 14.417049649620216,
        "alanine_content": 0.19863013698630136,
        "glycine_content": 0.0410958904109589,
        "num_residues": 146,
        "diffused_com": [
            2.268662214279175,
            -1.8632736206054688,
            0.14057645201683044
        ],
        "fixed_com": [
            0.0009765625,
            -0.0006917317514307797,
            -0.00044759115553461015
        ]
    },
    "specification": {
        "input": "/home/iska/amelie-ai/ThermoGFN/data/rfd3/ccd_ligands/structures/093.cif",
        "length": "20-400",
        "ligand": "093",
        "extra": {
            "example": "ligand_563_ccd_093",
            "task_name": "spec_ligand_563_ccd_093_ligand_563_ccd_093",
            "sampled_contig": "146",
            "num_tokens_in": 147,
            "num_residues_in": 147,
            "num_chains": 2,
            "num_atoms": 754,
            "num_residues": 149,
            "example_id": "spec_ligand_563_ccd_093_ligand_563_ccd_093_2"
        },
        "select_fixed_atoms": {
            "093": "ALL"
        },
        "select_unfixed_sequence": false
    },
    "ckpt_path": "/home/iska/amelie-ai/ThermoGFN/weights/rfd3_latest.ckpt",
    "seed": null
}