{
    "diffused_index_map": {},
    "metrics": {
        "max_ca_deviation": 0.07964205741882324,
        "n_chainbreaks": 0,
        "n_clashing.interresidue_clashes_w_sidechain": 0,
        "n_clashing.interresidue_clashes_w_backbone": 0,
        "n_clashing.ligand_clashes": 0,
        "n_clashing.ligand_min_distance": 3.41865873336792,
        "non_loop_fraction": 0.6415094339622641,
        "loop_fraction": 0.3584905660377358,
        "helix_fraction": 0.4797843665768194,
        "sheet_fraction": 0.16172506738544473,
        "num_ss_elements": 23,
        "radius_of_gyration": 18.876541028559704,
        "alanine_content": 0.2803234501347709,
        "glycine_content": 0.0431266846361186,
        "num_residues": 371,
        "diffused_com": [
            0.29708296060562134,
            -2.413013458251953,
            0.052886057645082474
        ],
        "fixed_com": [
            -0.0016983695095404983,
            0.0006952700205147266,
            0.00015922215243335813
        ]
    },
    "specification": {
        "input": "/home/iska/amelie-ai/ThermoGFN/data/rfd3/ccd_ligands/structures/9P1.cif",
        "length": "20-400",
        "ligand": "9P1",
        "extra": {
            "example": "ligand_350_ccd_9p1",
            "task_name": "spec_ligand_350_ccd_9p1_ligand_350_ccd_9p1",
            "sampled_contig": "371",
            "num_tokens_in": 372,
            "num_residues_in": 372,
            "num_chains": 2,
            "num_atoms": 1878,
            "num_residues": 374,
            "example_id": "spec_ligand_350_ccd_9p1_ligand_350_ccd_9p1_0"
        },
        "select_fixed_atoms": {
            "9P1": "ALL"
        },
        "select_unfixed_sequence": false
    },
    "ckpt_path": "/home/iska/amelie-ai/ThermoGFN/weights/rfd3_latest.ckpt",
    "seed": null
}