{
    "diffused_index_map": {},
    "metrics": {
        "max_ca_deviation": 0.08056116104125977,
        "n_chainbreaks": 0,
        "n_clashing.interresidue_clashes_w_sidechain": 1,
        "n_clashing.interresidue_clashes_w_backbone": 0,
        "n_clashing.ligand_clashes": 0,
        "n_clashing.ligand_min_distance": 3.2065515518188477,
        "non_loop_fraction": 0.705521472392638,
        "loop_fraction": 0.294478527607362,
        "helix_fraction": 0.5613496932515337,
        "sheet_fraction": 0.1441717791411043,
        "num_ss_elements": 21,
        "radius_of_gyration": 17.810946403618818,
        "alanine_content": 0.3496932515337423,
        "glycine_content": 0.06748466257668712,
        "num_residues": 326,
        "diffused_com": [
            1.0724432468414307,
            4.664346218109131,
            -0.7869455218315125
        ],
        "fixed_com": [
            0.00040690103196538985,
            0.00020345051598269492,
            0.00014750163245480508
        ]
    },
    "specification": {
        "input": "/home/iska/amelie-ai/ThermoGFN/data/rfd3/ccd_ligands/structures/W40.cif",
        "length": "20-400",
        "ligand": "W40",
        "extra": {
            "example": "ligand_402_ccd_w40",
            "task_name": "spec_ligand_402_ccd_w40_ligand_402_ccd_w40",
            "sampled_contig": "326",
            "num_tokens_in": 327,
            "num_residues_in": 327,
            "num_chains": 2,
            "num_atoms": 1654,
            "num_residues": 329,
            "example_id": "spec_ligand_402_ccd_w40_ligand_402_ccd_w40_0"
        },
        "select_fixed_atoms": {
            "W40": "ALL"
        },
        "select_unfixed_sequence": false
    },
    "ckpt_path": "/home/iska/amelie-ai/ThermoGFN/weights/rfd3_latest.ckpt",
    "seed": null
}