{
    "diffused_index_map": {},
    "metrics": {
        "max_ca_deviation": 0.11229729652404785,
        "n_chainbreaks": 0,
        "n_clashing.interresidue_clashes_w_sidechain": 0,
        "n_clashing.interresidue_clashes_w_backbone": 0,
        "n_clashing.ligand_clashes": 0,
        "n_clashing.ligand_min_distance": 3.0136399269104004,
        "non_loop_fraction": 0.5571955719557196,
        "loop_fraction": 0.44280442804428044,
        "helix_fraction": 0.3726937269372694,
        "sheet_fraction": 0.18450184501845018,
        "num_ss_elements": 16,
        "radius_of_gyration": 17.883673647356037,
        "alanine_content": 0.21033210332103322,
        "glycine_content": 0.1070110701107011,
        "num_residues": 271,
        "diffused_com": [
            2.721273899078369,
            5.786196231842041,
            -1.9171522855758667
        ],
        "fixed_com": [
            0.002775493310764432,
            0.000385485211154446,
            0.00026823344524018466
        ]
    },
    "specification": {
        "input": "/home/iska/amelie-ai/ThermoGFN/data/rfd3/ccd_ligands/structures/1V6.cif",
        "length": "20-400",
        "ligand": "1V6",
        "extra": {
            "example": "ligand_245_ccd_1v6",
            "task_name": "spec_ligand_245_ccd_1v6_ligand_245_ccd_1v6",
            "sampled_contig": "271",
            "num_tokens_in": 272,
            "num_residues_in": 272,
            "num_chains": 2,
            "num_atoms": 1374,
            "num_residues": 274,
            "example_id": "spec_ligand_245_ccd_1v6_ligand_245_ccd_1v6_2"
        },
        "select_fixed_atoms": {
            "1V6": "ALL"
        },
        "select_unfixed_sequence": false
    },
    "ckpt_path": "/home/iska/amelie-ai/ThermoGFN/weights/rfd3_latest.ckpt",
    "seed": null
}