{
    "diffused_index_map": {},
    "metrics": {
        "max_ca_deviation": 0.08154892921447754,
        "n_chainbreaks": 0,
        "n_clashing.interresidue_clashes_w_sidechain": 1,
        "n_clashing.interresidue_clashes_w_backbone": 0,
        "n_clashing.ligand_clashes": 0,
        "n_clashing.ligand_min_distance": 3.535890817642212,
        "non_loop_fraction": 0.6112956810631229,
        "loop_fraction": 0.38870431893687707,
        "helix_fraction": 0.4418604651162791,
        "sheet_fraction": 0.16943521594684385,
        "num_ss_elements": 16,
        "radius_of_gyration": 17.01064723430202,
        "alanine_content": 0.3554817275747508,
        "glycine_content": 0.06312292358803986,
        "num_residues": 301,
        "diffused_com": [
            0.8183376789093018,
            -1.9143165349960327,
            0.6863073110580444
        ],
        "fixed_com": [
            0.002775493310764432,
            0.000385485211154446,
            0.00026823344524018466
        ]
    },
    "specification": {
        "input": "/home/iska/amelie-ai/ThermoGFN/data/rfd3/ccd_ligands/structures/1V6.cif",
        "length": "20-400",
        "ligand": "1V6",
        "extra": {
            "example": "ligand_245_ccd_1v6",
            "task_name": "spec_ligand_245_ccd_1v6_ligand_245_ccd_1v6",
            "sampled_contig": "301",
            "num_tokens_in": 302,
            "num_residues_in": 302,
            "num_chains": 2,
            "num_atoms": 1524,
            "num_residues": 304,
            "example_id": "spec_ligand_245_ccd_1v6_ligand_245_ccd_1v6_1"
        },
        "select_fixed_atoms": {
            "1V6": "ALL"
        },
        "select_unfixed_sequence": false
    },
    "ckpt_path": "/home/iska/amelie-ai/ThermoGFN/weights/rfd3_latest.ckpt",
    "seed": null
}