{
    "diffused_index_map": {},
    "metrics": {
        "max_ca_deviation": 0.07565188407897949,
        "n_chainbreaks": 0,
        "n_clashing.interresidue_clashes_w_sidechain": 0,
        "n_clashing.interresidue_clashes_w_backbone": 0,
        "n_clashing.ligand_clashes": 0,
        "n_clashing.ligand_min_distance": 3.0119926929473877,
        "non_loop_fraction": 0.7153846153846153,
        "loop_fraction": 0.2846153846153846,
        "helix_fraction": 0.573076923076923,
        "sheet_fraction": 0.1423076923076923,
        "num_ss_elements": 15,
        "radius_of_gyration": 16.975204254744963,
        "alanine_content": 0.3269230769230769,
        "glycine_content": 0.046153846153846156,
        "num_residues": 260,
        "diffused_com": [
            0.15743030607700348,
            1.176643967628479,
            2.102328062057495
        ],
        "fixed_com": [
            -0.0011800130596384406,
            0.0008748372201807797,
            -0.00018246968102175742
        ]
    },
    "specification": {
        "input": "/home/iska/amelie-ai/ThermoGFN/data/rfd3/ccd_ligands/structures/G1U.cif",
        "length": "20-400",
        "ligand": "G1U",
        "extra": {
            "example": "ligand_458_ccd_g1u",
            "task_name": "spec_ligand_458_ccd_g1u_ligand_458_ccd_g1u",
            "sampled_contig": "260",
            "num_tokens_in": 261,
            "num_residues_in": 261,
            "num_chains": 2,
            "num_atoms": 1324,
            "num_residues": 263,
            "example_id": "spec_ligand_458_ccd_g1u_ligand_458_ccd_g1u_1"
        },
        "select_fixed_atoms": {
            "G1U": "ALL"
        },
        "select_unfixed_sequence": false
    },
    "ckpt_path": "/home/iska/amelie-ai/ThermoGFN/weights/rfd3_latest.ckpt",
    "seed": null
}