{
    "diffused_index_map": {},
    "metrics": {
        "max_ca_deviation": 0.06598258018493652,
        "n_chainbreaks": 0,
        "n_clashing.interresidue_clashes_w_sidechain": 0,
        "n_clashing.interresidue_clashes_w_backbone": 0,
        "n_clashing.ligand_clashes": 0,
        "n_clashing.ligand_min_distance": 3.1779253482818604,
        "non_loop_fraction": 0.654320987654321,
        "loop_fraction": 0.345679012345679,
        "helix_fraction": 0.4444444444444444,
        "sheet_fraction": 0.20987654320987653,
        "num_ss_elements": 12,
        "radius_of_gyration": 16.09916679116959,
        "alanine_content": 0.37037037037037035,
        "glycine_content": 0.07407407407407407,
        "num_residues": 243,
        "diffused_com": [
            0.418374240398407,
            -2.8138134479522705,
            2.8470072746276855
        ],
        "fixed_com": [
            -0.0008789062267169356,
            0.0002807617129292339,
            -0.0003860473516397178
        ]
    },
    "specification": {
        "input": "/home/iska/amelie-ai/ThermoGFN/data/rfd3/ccd_ligands/structures/KY0.cif",
        "length": "20-400",
        "ligand": "KY0",
        "extra": {
            "example": "ligand_296_ccd_ky0",
            "task_name": "spec_ligand_296_ccd_ky0_ligand_296_ccd_ky0",
            "sampled_contig": "243",
            "num_tokens_in": 244,
            "num_residues_in": 244,
            "num_chains": 2,
            "num_atoms": 1235,
            "num_residues": 246,
            "example_id": "spec_ligand_296_ccd_ky0_ligand_296_ccd_ky0_0"
        },
        "select_fixed_atoms": {
            "KY0": "ALL"
        },
        "select_unfixed_sequence": false
    },
    "ckpt_path": "/home/iska/amelie-ai/ThermoGFN/weights/rfd3_latest.ckpt",
    "seed": null
}