{
    "diffused_index_map": {},
    "metrics": {
        "max_ca_deviation": 0.07996249198913574,
        "n_chainbreaks": 0,
        "n_clashing.interresidue_clashes_w_sidechain": 0,
        "n_clashing.interresidue_clashes_w_backbone": 0,
        "n_clashing.ligand_clashes": 0,
        "n_clashing.ligand_min_distance": 3.2559711933135986,
        "non_loop_fraction": 0.5168539325842697,
        "loop_fraction": 0.48314606741573035,
        "helix_fraction": 0.45318352059925093,
        "sheet_fraction": 0.06367041198501873,
        "num_ss_elements": 11,
        "radius_of_gyration": 17.66975145651441,
        "alanine_content": 0.19850187265917604,
        "glycine_content": 0.056179775280898875,
        "num_residues": 267,
        "diffused_com": [
            1.6208922863006592,
            3.831292152404785,
            3.3859927654266357
        ],
        "fixed_com": [
            -0.0008789062267169356,
            0.0002807617129292339,
            -0.0003860473516397178
        ]
    },
    "specification": {
        "input": "/home/iska/amelie-ai/ThermoGFN/data/rfd3/ccd_ligands/structures/KY0.cif",
        "length": "20-400",
        "ligand": "KY0",
        "extra": {
            "example": "ligand_296_ccd_ky0",
            "task_name": "spec_ligand_296_ccd_ky0_ligand_296_ccd_ky0",
            "sampled_contig": "267",
            "num_tokens_in": 268,
            "num_residues_in": 268,
            "num_chains": 2,
            "num_atoms": 1355,
            "num_residues": 270,
            "example_id": "spec_ligand_296_ccd_ky0_ligand_296_ccd_ky0_1"
        },
        "select_fixed_atoms": {
            "KY0": "ALL"
        },
        "select_unfixed_sequence": false
    },
    "ckpt_path": "/home/iska/amelie-ai/ThermoGFN/weights/rfd3_latest.ckpt",
    "seed": null
}