{
    "diffused_index_map": {},
    "metrics": {
        "max_ca_deviation": 0.08205509185791016,
        "n_chainbreaks": 0,
        "n_clashing.interresidue_clashes_w_sidechain": 0,
        "n_clashing.interresidue_clashes_w_backbone": 0,
        "n_clashing.ligand_clashes": 0,
        "n_clashing.ligand_min_distance": 3.2606241703033447,
        "non_loop_fraction": 0.5684210526315789,
        "loop_fraction": 0.43157894736842106,
        "helix_fraction": 0.37894736842105264,
        "sheet_fraction": 0.18947368421052632,
        "num_ss_elements": 12,
        "radius_of_gyration": 14.93053733672029,
        "alanine_content": 0.30526315789473685,
        "glycine_content": 0.04736842105263158,
        "num_residues": 190,
        "diffused_com": [
            2.7140135765075684,
            6.343775749206543,
            -1.334558367729187
        ],
        "fixed_com": [
            0.0013020833721384406,
            -0.00018601190822664648,
            -1.1625744264165405e-05
        ]
    },
    "specification": {
        "input": "/home/iska/amelie-ai/ThermoGFN/data/rfd3/ccd_ligands/structures/9CF.cif",
        "length": "20-400",
        "ligand": "9CF",
        "extra": {
            "example": "ligand_313_ccd_9cf",
            "task_name": "spec_ligand_313_ccd_9cf_ligand_313_ccd_9cf",
            "sampled_contig": "190",
            "num_tokens_in": 191,
            "num_residues_in": 191,
            "num_chains": 2,
            "num_atoms": 971,
            "num_residues": 193,
            "example_id": "spec_ligand_313_ccd_9cf_ligand_313_ccd_9cf_1"
        },
        "select_fixed_atoms": {
            "9CF": "ALL"
        },
        "select_unfixed_sequence": false
    },
    "ckpt_path": "/home/iska/amelie-ai/ThermoGFN/weights/rfd3_latest.ckpt",
    "seed": null
}