{
    "diffused_index_map": {},
    "metrics": {
        "max_ca_deviation": 0.09279799461364746,
        "n_chainbreaks": 0,
        "n_clashing.interresidue_clashes_w_sidechain": 0,
        "n_clashing.interresidue_clashes_w_backbone": 0,
        "n_clashing.ligand_clashes": 0,
        "n_clashing.ligand_min_distance": 2.2842299938201904,
        "non_loop_fraction": 0.8431876606683805,
        "loop_fraction": 0.15681233933161953,
        "helix_fraction": 0.8200514138817481,
        "sheet_fraction": 0.02313624678663239,
        "num_ss_elements": 19,
        "radius_of_gyration": 18.541137317356867,
        "alanine_content": 0.4704370179948586,
        "glycine_content": 0.06683804627249357,
        "num_residues": 389,
        "diffused_com": [
            0.03991621732711792,
            -0.5627690553665161,
            -0.9922498464584351
        ],
        "fixed_com": [
            -0.00035716869751922786,
            -0.0006148726679384708,
            -0.00018084490147884935
        ]
    },
    "specification": {
        "input": "/home/iska/amelie-ai/ThermoGFN/data/rfd3/ccd_ligands/structures/6ZY.cif",
        "length": "20-400",
        "ligand": "6ZY",
        "extra": {
            "example": "ligand_515_ccd_6zy",
            "task_name": "spec_ligand_515_ccd_6zy_ligand_515_ccd_6zy",
            "sampled_contig": "389",
            "num_tokens_in": 390,
            "num_residues_in": 390,
            "num_chains": 2,
            "num_atoms": 1972,
            "num_residues": 392,
            "example_id": "spec_ligand_515_ccd_6zy_ligand_515_ccd_6zy_2"
        },
        "select_fixed_atoms": {
            "6ZY": "ALL"
        },
        "select_unfixed_sequence": false
    },
    "ckpt_path": "/home/iska/amelie-ai/ThermoGFN/weights/rfd3_latest.ckpt",
    "seed": null
}