{
    "diffused_index_map": {},
    "metrics": {
        "max_ca_deviation": 0.06834173202514648,
        "n_chainbreaks": 0,
        "n_clashing.interresidue_clashes_w_sidechain": 0,
        "n_clashing.interresidue_clashes_w_backbone": 0,
        "n_clashing.ligand_clashes": 0,
        "n_clashing.ligand_min_distance": 3.505868434906006,
        "non_loop_fraction": 0.4793388429752066,
        "loop_fraction": 0.5206611570247934,
        "helix_fraction": 0.36363636363636365,
        "sheet_fraction": 0.11570247933884298,
        "num_ss_elements": 12,
        "radius_of_gyration": 18.023580874981555,
        "alanine_content": 0.1446280991735537,
        "glycine_content": 0.05785123966942149,
        "num_residues": 242,
        "diffused_com": [
            7.206186771392822,
            -2.9070680141448975,
            9.600451469421387
        ],
        "fixed_com": [
            0.0024157073348760605,
            0.0006007144111208618,
            -0.00010403833584859967
        ]
    },
    "specification": {
        "input": "/home/iska/amelie-ai/ThermoGFN/data/rfd3/ccd_ligands/structures/0SW.cif",
        "length": "20-400",
        "ligand": "0SW",
        "extra": {
            "example": "ligand_202_ccd_0sw",
            "task_name": "spec_ligand_202_ccd_0sw_ligand_202_ccd_0sw",
            "sampled_contig": "242",
            "num_tokens_in": 243,
            "num_residues_in": 243,
            "num_chains": 2,
            "num_atoms": 1229,
            "num_residues": 245,
            "example_id": "spec_ligand_202_ccd_0sw_ligand_202_ccd_0sw_1"
        },
        "select_fixed_atoms": {
            "0SW": "ALL"
        },
        "select_unfixed_sequence": false
    },
    "ckpt_path": "/home/iska/amelie-ai/ThermoGFN/weights/rfd3_latest.ckpt",
    "seed": null
}