{
    "diffused_index_map": {},
    "metrics": {
        "max_ca_deviation": 0.05188250541687012,
        "n_chainbreaks": 0,
        "n_clashing.interresidue_clashes_w_sidechain": 0,
        "n_clashing.interresidue_clashes_w_backbone": 0,
        "n_clashing.ligand_clashes": 0,
        "n_clashing.ligand_min_distance": 3.7320868968963623,
        "non_loop_fraction": 0.7158671586715867,
        "loop_fraction": 0.28413284132841327,
        "helix_fraction": 0.5682656826568265,
        "sheet_fraction": 0.14760147601476015,
        "num_ss_elements": 17,
        "radius_of_gyration": 16.97960945165236,
        "alanine_content": 0.36531365313653136,
        "glycine_content": 0.07749077490774908,
        "num_residues": 271,
        "diffused_com": [
            -0.3707975149154663,
            -0.927142322063446,
            0.554875373840332
        ],
        "fixed_com": [
            0.0004040948406327516,
            -0.0006061422172933817,
            0.0003451643278822303
        ]
    },
    "specification": {
        "input": "/home/iska/amelie-ai/ThermoGFN/data/rfd3/ccd_ligands/structures/A1D5C.cif",
        "length": "20-400",
        "ligand": "A1D5C",
        "extra": {
            "example": "ligand_560_ccd_a1d5c",
            "task_name": "spec_ligand_560_ccd_a1d5c_ligand_560_ccd_a1d5c",
            "sampled_contig": "271",
            "num_tokens_in": 272,
            "num_residues_in": 272,
            "num_chains": 2,
            "num_atoms": 1384,
            "num_residues": 274,
            "example_id": "spec_ligand_560_ccd_a1d5c_ligand_560_ccd_a1d5c_1"
        },
        "select_fixed_atoms": {
            "A1D5C": "ALL"
        },
        "select_unfixed_sequence": false
    },
    "ckpt_path": "/home/iska/amelie-ai/ThermoGFN/weights/rfd3_latest.ckpt",
    "seed": null
}