{
    "diffused_index_map": {},
    "metrics": {
        "max_ca_deviation": 0.09413027763366699,
        "n_chainbreaks": 0,
        "n_clashing.interresidue_clashes_w_sidechain": 0,
        "n_clashing.interresidue_clashes_w_backbone": 0,
        "n_clashing.ligand_clashes": 0,
        "n_clashing.ligand_min_distance": 3.7498648166656494,
        "non_loop_fraction": 0.6941489361702128,
        "loop_fraction": 0.3058510638297872,
        "helix_fraction": 0.5292553191489362,
        "sheet_fraction": 0.16489361702127658,
        "num_ss_elements": 26,
        "radius_of_gyration": 18.534326449994005,
        "alanine_content": 0.35904255319148937,
        "glycine_content": 0.08244680851063829,
        "num_residues": 376,
        "diffused_com": [
            1.0833791494369507,
            -0.4895268678665161,
            -0.027942532673478127
        ],
        "fixed_com": [
            -0.00146484375,
            0.00035313196713104844,
            0.00013950893480796367
        ]
    },
    "specification": {
        "input": "/home/iska/amelie-ai/ThermoGFN/data/rfd3/ccd_ligands/structures/L0I.cif",
        "length": "20-400",
        "ligand": "L0I",
        "extra": {
            "example": "ligand_551_ccd_l0i",
            "task_name": "spec_ligand_551_ccd_l0i_ligand_551_ccd_l0i",
            "sampled_contig": "376",
            "num_tokens_in": 377,
            "num_residues_in": 377,
            "num_chains": 2,
            "num_atoms": 1908,
            "num_residues": 379,
            "example_id": "spec_ligand_551_ccd_l0i_ligand_551_ccd_l0i_1"
        },
        "select_fixed_atoms": {
            "L0I": "ALL"
        },
        "select_unfixed_sequence": false
    },
    "ckpt_path": "/home/iska/amelie-ai/ThermoGFN/weights/rfd3_latest.ckpt",
    "seed": null
}