{
    "diffused_index_map": {},
    "metrics": {
        "max_ca_deviation": 0.061051368713378906,
        "n_chainbreaks": 0,
        "n_clashing.interresidue_clashes_w_sidechain": 0,
        "n_clashing.interresidue_clashes_w_backbone": 0,
        "n_clashing.ligand_clashes": 0,
        "n_clashing.ligand_min_distance": 3.2922794818878174,
        "non_loop_fraction": 0.5140845070422535,
        "loop_fraction": 0.4859154929577465,
        "helix_fraction": 0.2535211267605634,
        "sheet_fraction": 0.2605633802816901,
        "num_ss_elements": 7,
        "radius_of_gyration": 13.457566328491028,
        "alanine_content": 0.36619718309859156,
        "glycine_content": 0.09154929577464789,
        "num_residues": 142,
        "diffused_com": [
            2.9970345497131348,
            -2.6131246089935303,
            0.062347736209630966
        ],
        "fixed_com": [
            -0.0005347842234186828,
            0.00027029853663407266,
            3.487723370199092e-05
        ]
    },
    "specification": {
        "input": "/home/iska/amelie-ai/ThermoGFN/data/rfd3/ccd_ligands/structures/J86.cif",
        "length": "20-400",
        "ligand": "J86",
        "extra": {
            "example": "ligand_543_ccd_j86",
            "task_name": "spec_ligand_543_ccd_j86_ligand_543_ccd_j86",
            "sampled_contig": "142",
            "num_tokens_in": 143,
            "num_residues_in": 143,
            "num_chains": 2,
            "num_atoms": 731,
            "num_residues": 145,
            "example_id": "spec_ligand_543_ccd_j86_ligand_543_ccd_j86_1"
        },
        "select_fixed_atoms": {
            "J86": "ALL"
        },
        "select_unfixed_sequence": false
    },
    "ckpt_path": "/home/iska/amelie-ai/ThermoGFN/weights/rfd3_latest.ckpt",
    "seed": null
}