{
    "diffused_index_map": {},
    "metrics": {
        "max_ca_deviation": 0.09525036811828613,
        "n_chainbreaks": 0,
        "n_clashing.interresidue_clashes_w_sidechain": 0,
        "n_clashing.interresidue_clashes_w_backbone": 0,
        "n_clashing.ligand_clashes": 0,
        "n_clashing.ligand_min_distance": 3.352015972137451,
        "non_loop_fraction": 0.5869565217391304,
        "loop_fraction": 0.41304347826086957,
        "helix_fraction": 0.4945652173913043,
        "sheet_fraction": 0.09239130434782608,
        "num_ss_elements": 17,
        "radius_of_gyration": 19.52412936787725,
        "alanine_content": 0.25815217391304346,
        "glycine_content": 0.043478260869565216,
        "num_residues": 368,
        "diffused_com": [
            -2.4577224254608154,
            -3.2989604473114014,
            1.2185925245285034
        ],
        "fixed_com": [
            -0.0004625822475645691,
            -0.00012849507038481534,
            -4.0154708358386415e-07
        ]
    },
    "specification": {
        "input": "/home/iska/amelie-ai/ThermoGFN/data/rfd3/ccd_ligands/structures/91F.cif",
        "length": "20-400",
        "ligand": "91F",
        "extra": {
            "example": "ligand_246_ccd_91f",
            "task_name": "spec_ligand_246_ccd_91f_ligand_246_ccd_91f",
            "sampled_contig": "368",
            "num_tokens_in": 369,
            "num_residues_in": 369,
            "num_chains": 2,
            "num_atoms": 1859,
            "num_residues": 371,
            "example_id": "spec_ligand_246_ccd_91f_ligand_246_ccd_91f_0"
        },
        "select_fixed_atoms": {
            "91F": "ALL"
        },
        "select_unfixed_sequence": false
    },
    "ckpt_path": "/home/iska/amelie-ai/ThermoGFN/weights/rfd3_latest.ckpt",
    "seed": null
}