{
    "diffused_index_map": {},
    "metrics": {
        "max_ca_deviation": 0.07172632217407227,
        "n_chainbreaks": 0,
        "n_clashing.interresidue_clashes_w_sidechain": 1,
        "n_clashing.interresidue_clashes_w_backbone": 0,
        "n_clashing.ligand_clashes": 0,
        "n_clashing.ligand_min_distance": 3.396498203277588,
        "non_loop_fraction": 0.7238372093023255,
        "loop_fraction": 0.2761627906976744,
        "helix_fraction": 0.625,
        "sheet_fraction": 0.09883720930232558,
        "num_ss_elements": 19,
        "radius_of_gyration": 17.679222008902947,
        "alanine_content": 0.5203488372093024,
        "glycine_content": 0.06686046511627906,
        "num_residues": 344,
        "diffused_com": [
            1.941245436668396,
            -0.48749566078186035,
            0.16483229398727417
        ],
        "fixed_com": [
            -0.0004625822475645691,
            -0.00012849507038481534,
            -4.0154708358386415e-07
        ]
    },
    "specification": {
        "input": "/home/iska/amelie-ai/ThermoGFN/data/rfd3/ccd_ligands/structures/91F.cif",
        "length": "20-400",
        "ligand": "91F",
        "extra": {
            "example": "ligand_246_ccd_91f",
            "task_name": "spec_ligand_246_ccd_91f_ligand_246_ccd_91f",
            "sampled_contig": "344",
            "num_tokens_in": 345,
            "num_residues_in": 345,
            "num_chains": 2,
            "num_atoms": 1739,
            "num_residues": 347,
            "example_id": "spec_ligand_246_ccd_91f_ligand_246_ccd_91f_1"
        },
        "select_fixed_atoms": {
            "91F": "ALL"
        },
        "select_unfixed_sequence": false
    },
    "ckpt_path": "/home/iska/amelie-ai/ThermoGFN/weights/rfd3_latest.ckpt",
    "seed": null
}