{
    "diffused_index_map": {},
    "metrics": {
        "max_ca_deviation": 0.7959446907043457,
        "n_chainbreaks": 1,
        "n_clashing.interresidue_clashes_w_sidechain": 1,
        "n_clashing.interresidue_clashes_w_backbone": 0,
        "n_clashing.ligand_clashes": 0,
        "n_clashing.ligand_min_distance": 3.235816717147827,
        "non_loop_fraction": 0.7021276595744681,
        "loop_fraction": 0.2978723404255319,
        "helix_fraction": 0.5106382978723404,
        "sheet_fraction": 0.19148936170212766,
        "num_ss_elements": 19,
        "radius_of_gyration": 16.5179466513304,
        "alanine_content": 0.41134751773049644,
        "glycine_content": 0.06382978723404255,
        "num_residues": 282,
        "diffused_com": [
            2.7878448963165283,
            0.5690703392028809,
            -0.03524152562022209
        ],
        "fixed_com": [
            0.0017361111240461469,
            -0.0002757884794846177,
            0.00015612001880072057
        ]
    },
    "specification": {
        "input": "/home/iska/amelie-ai/ThermoGFN/data/rfd3/ccd_ligands/structures/U0N.cif",
        "length": "20-400",
        "ligand": "U0N",
        "extra": {
            "example": "ligand_507_ccd_u0n",
            "task_name": "spec_ligand_507_ccd_u0n_ligand_507_ccd_u0n",
            "sampled_contig": "282",
            "num_tokens_in": 283,
            "num_residues_in": 283,
            "num_chains": 2,
            "num_atoms": 1437,
            "num_residues": 285,
            "example_id": "spec_ligand_507_ccd_u0n_ligand_507_ccd_u0n_1"
        },
        "select_fixed_atoms": {
            "U0N": "ALL"
        },
        "select_unfixed_sequence": false
    },
    "ckpt_path": "/home/iska/amelie-ai/ThermoGFN/weights/rfd3_latest.ckpt",
    "seed": null
}