{
    "diffused_index_map": {},
    "metrics": {
        "max_ca_deviation": 0.8387856483459473,
        "n_chainbreaks": 1,
        "n_clashing.interresidue_clashes_w_sidechain": 0,
        "n_clashing.interresidue_clashes_w_backbone": 0,
        "n_clashing.ligand_clashes": 0,
        "n_clashing.ligand_min_distance": 3.1237905025482178,
        "non_loop_fraction": 0.6835106382978723,
        "loop_fraction": 0.31648936170212766,
        "helix_fraction": 0.526595744680851,
        "sheet_fraction": 0.15691489361702127,
        "num_ss_elements": 21,
        "radius_of_gyration": 18.754491021341988,
        "alanine_content": 0.3351063829787234,
        "glycine_content": 0.06914893617021277,
        "num_residues": 376,
        "diffused_com": [
            -1.3801902532577515,
            2.7670743465423584,
            0.4932001829147339
        ],
        "fixed_com": [
            0.0017361111240461469,
            -0.0002757884794846177,
            0.00015612001880072057
        ]
    },
    "specification": {
        "input": "/home/iska/amelie-ai/ThermoGFN/data/rfd3/ccd_ligands/structures/U0N.cif",
        "length": "20-400",
        "ligand": "U0N",
        "extra": {
            "example": "ligand_507_ccd_u0n",
            "task_name": "spec_ligand_507_ccd_u0n_ligand_507_ccd_u0n",
            "sampled_contig": "376",
            "num_tokens_in": 377,
            "num_residues_in": 377,
            "num_chains": 2,
            "num_atoms": 1907,
            "num_residues": 379,
            "example_id": "spec_ligand_507_ccd_u0n_ligand_507_ccd_u0n_0"
        },
        "select_fixed_atoms": {
            "U0N": "ALL"
        },
        "select_unfixed_sequence": false
    },
    "ckpt_path": "/home/iska/amelie-ai/ThermoGFN/weights/rfd3_latest.ckpt",
    "seed": null
}