{
    "diffused_index_map": {},
    "metrics": {
        "max_ca_deviation": 0.10691499710083008,
        "n_chainbreaks": 0,
        "n_clashing.interresidue_clashes_w_sidechain": 0,
        "n_clashing.interresidue_clashes_w_backbone": 0,
        "n_clashing.ligand_clashes": 0,
        "n_clashing.ligand_min_distance": 3.3874852657318115,
        "non_loop_fraction": 0.5180180180180181,
        "loop_fraction": 0.481981981981982,
        "helix_fraction": 0.2972972972972973,
        "sheet_fraction": 0.22072072072072071,
        "num_ss_elements": 11,
        "radius_of_gyration": 16.045384060909363,
        "alanine_content": 0.24324324324324326,
        "glycine_content": 0.06306306306306306,
        "num_residues": 222,
        "diffused_com": [
            0.7767958641052246,
            3.9574952125549316,
            1.2806370258331299
        ],
        "fixed_com": [
            -0.0008893694030120969,
            -1.3078962183499243e-05,
            0.0001722063316265121
        ]
    },
    "specification": {
        "input": "/home/iska/amelie-ai/ThermoGFN/data/rfd3/ccd_ligands/structures/R57.cif",
        "length": "20-400",
        "ligand": "R57",
        "extra": {
            "example": "ligand_582_ccd_r57",
            "task_name": "spec_ligand_582_ccd_r57_ligand_582_ccd_r57",
            "sampled_contig": "222",
            "num_tokens_in": 223,
            "num_residues_in": 223,
            "num_chains": 2,
            "num_atoms": 1138,
            "num_residues": 225,
            "example_id": "spec_ligand_582_ccd_r57_ligand_582_ccd_r57_0"
        },
        "select_fixed_atoms": {
            "R57": "ALL"
        },
        "select_unfixed_sequence": false
    },
    "ckpt_path": "/home/iska/amelie-ai/ThermoGFN/weights/rfd3_latest.ckpt",
    "seed": null
}