{
    "diffused_index_map": {},
    "metrics": {
        "max_ca_deviation": 0.07719969749450684,
        "n_chainbreaks": 0,
        "n_clashing.interresidue_clashes_w_sidechain": 0,
        "n_clashing.interresidue_clashes_w_backbone": 0,
        "n_clashing.ligand_clashes": 0,
        "n_clashing.ligand_min_distance": 3.119882822036743,
        "non_loop_fraction": 0.542713567839196,
        "loop_fraction": 0.457286432160804,
        "helix_fraction": 0.2864321608040201,
        "sheet_fraction": 0.2562814070351759,
        "num_ss_elements": 12,
        "radius_of_gyration": 15.490518000119778,
        "alanine_content": 0.18090452261306533,
        "glycine_content": 0.06532663316582915,
        "num_residues": 199,
        "diffused_com": [
            0.9629147052764893,
            2.562114953994751,
            -0.7112926244735718
        ],
        "fixed_com": [
            -0.0007005774532444775,
            0.0008491847547702491,
            -0.00016983695968519896
        ]
    },
    "specification": {
        "input": "/home/iska/amelie-ai/ThermoGFN/data/rfd3/ccd_ligands/structures/3PD.cif",
        "length": "20-400",
        "ligand": "3PD",
        "extra": {
            "example": "ligand_459_ccd_3pd",
            "task_name": "spec_ligand_459_ccd_3pd_ligand_459_ccd_3pd",
            "sampled_contig": "199",
            "num_tokens_in": 200,
            "num_residues_in": 200,
            "num_chains": 2,
            "num_atoms": 1018,
            "num_residues": 202,
            "example_id": "spec_ligand_459_ccd_3pd_ligand_459_ccd_3pd_0"
        },
        "select_fixed_atoms": {
            "3PD": "ALL"
        },
        "select_unfixed_sequence": false
    },
    "ckpt_path": "/home/iska/amelie-ai/ThermoGFN/weights/rfd3_latest.ckpt",
    "seed": null
}