{
    "diffused_index_map": {},
    "metrics": {
        "max_ca_deviation": 0.0897061824798584,
        "n_chainbreaks": 0,
        "n_clashing.interresidue_clashes_w_sidechain": 1,
        "n_clashing.interresidue_clashes_w_backbone": 0,
        "n_clashing.ligand_clashes": 0,
        "n_clashing.ligand_min_distance": 3.1242775917053223,
        "non_loop_fraction": 0.6614173228346456,
        "loop_fraction": 0.33858267716535434,
        "helix_fraction": 0.45144356955380577,
        "sheet_fraction": 0.2099737532808399,
        "num_ss_elements": 26,
        "radius_of_gyration": 18.239448556216196,
        "alanine_content": 0.4251968503937008,
        "glycine_content": 0.07874015748031496,
        "num_residues": 381,
        "diffused_com": [
            2.0738680362701416,
            1.0258508920669556,
            0.6907826066017151
        ],
        "fixed_com": [
            0.00027901786961592734,
            0.00033896308741532266,
            0.000301361083984375
        ]
    },
    "specification": {
        "input": "/home/iska/amelie-ai/ThermoGFN/data/rfd3/ccd_ligands/structures/96K.cif",
        "length": "20-400",
        "ligand": "96K",
        "extra": {
            "example": "ligand_080_ccd_96k",
            "task_name": "spec_ligand_080_ccd_96k_ligand_080_ccd_96k",
            "sampled_contig": "381",
            "num_tokens_in": 382,
            "num_residues_in": 382,
            "num_chains": 2,
            "num_atoms": 1919,
            "num_residues": 384,
            "example_id": "spec_ligand_080_ccd_96k_ligand_080_ccd_96k_2"
        },
        "select_fixed_atoms": {
            "96K": "ALL"
        },
        "select_unfixed_sequence": false
    },
    "ckpt_path": "/home/iska/amelie-ai/ThermoGFN/weights/rfd3_latest.ckpt",
    "seed": null
}