{
    "diffused_index_map": {},
    "metrics": {
        "max_ca_deviation": 0.07420873641967773,
        "n_chainbreaks": 0,
        "n_clashing.interresidue_clashes_w_sidechain": 0,
        "n_clashing.interresidue_clashes_w_backbone": 0,
        "n_clashing.ligand_clashes": 0,
        "n_clashing.ligand_min_distance": 3.879347562789917,
        "non_loop_fraction": 0.8206106870229007,
        "loop_fraction": 0.17938931297709923,
        "helix_fraction": 0.8206106870229007,
        "sheet_fraction": 0.0,
        "num_ss_elements": 11,
        "radius_of_gyration": 17.19971014633394,
        "alanine_content": 0.37786259541984735,
        "glycine_content": 0.07251908396946564,
        "num_residues": 262,
        "diffused_com": [
            -0.3342641592025757,
            0.11403580009937286,
            -0.5728554725646973
        ],
        "fixed_com": [
            0.00027901786961592734,
            0.00033896308741532266,
            0.000301361083984375
        ]
    },
    "specification": {
        "input": "/home/iska/amelie-ai/ThermoGFN/data/rfd3/ccd_ligands/structures/96K.cif",
        "length": "20-400",
        "ligand": "96K",
        "extra": {
            "example": "ligand_080_ccd_96k",
            "task_name": "spec_ligand_080_ccd_96k_ligand_080_ccd_96k",
            "sampled_contig": "262",
            "num_tokens_in": 263,
            "num_residues_in": 263,
            "num_chains": 2,
            "num_atoms": 1324,
            "num_residues": 265,
            "example_id": "spec_ligand_080_ccd_96k_ligand_080_ccd_96k_1"
        },
        "select_fixed_atoms": {
            "96K": "ALL"
        },
        "select_unfixed_sequence": false
    },
    "ckpt_path": "/home/iska/amelie-ai/ThermoGFN/weights/rfd3_latest.ckpt",
    "seed": null
}