{
    "diffused_index_map": {},
    "metrics": {
        "max_ca_deviation": 0.09926843643188477,
        "n_chainbreaks": 0,
        "n_clashing.interresidue_clashes_w_sidechain": 0,
        "n_clashing.interresidue_clashes_w_backbone": 0,
        "n_clashing.ligand_clashes": 0,
        "n_clashing.ligand_min_distance": 4.455913066864014,
        "non_loop_fraction": 0.6259541984732824,
        "loop_fraction": 0.37404580152671757,
        "helix_fraction": 0.5038167938931297,
        "sheet_fraction": 0.12213740458015267,
        "num_ss_elements": 16,
        "radius_of_gyration": 16.847848096115648,
        "alanine_content": 0.31679389312977096,
        "glycine_content": 0.061068702290076333,
        "num_residues": 262,
        "diffused_com": [
            3.7081313133239746,
            -3.108133554458618,
            0.5155741572380066
        ],
        "fixed_com": [
            0.0006368886097334325,
            -0.0008597996202297509,
            0.0001707906340016052
        ]
    },
    "specification": {
        "input": "/home/iska/amelie-ai/ThermoGFN/data/rfd3/ccd_ligands/structures/74U.cif",
        "length": "20-400",
        "ligand": "74U",
        "extra": {
            "example": "ligand_337_ccd_74u",
            "task_name": "spec_ligand_337_ccd_74u_ligand_337_ccd_74u",
            "sampled_contig": "262",
            "num_tokens_in": 263,
            "num_residues_in": 263,
            "num_chains": 2,
            "num_atoms": 1333,
            "num_residues": 265,
            "example_id": "spec_ligand_337_ccd_74u_ligand_337_ccd_74u_0"
        },
        "select_fixed_atoms": {
            "74U": "ALL"
        },
        "select_unfixed_sequence": false
    },
    "ckpt_path": "/home/iska/amelie-ai/ThermoGFN/weights/rfd3_latest.ckpt",
    "seed": null
}