{
    "diffused_index_map": {},
    "metrics": {
        "max_ca_deviation": 0.09305548667907715,
        "n_chainbreaks": 0,
        "n_clashing.interresidue_clashes_w_sidechain": 0,
        "n_clashing.interresidue_clashes_w_backbone": 0,
        "n_clashing.ligand_clashes": 0,
        "n_clashing.ligand_min_distance": 3.09857439994812,
        "non_loop_fraction": 0.5414847161572052,
        "loop_fraction": 0.4585152838427948,
        "helix_fraction": 0.4192139737991266,
        "sheet_fraction": 0.1222707423580786,
        "num_ss_elements": 12,
        "radius_of_gyration": 16.790228680157945,
        "alanine_content": 0.2445414847161572,
        "glycine_content": 0.043668122270742356,
        "num_residues": 229,
        "diffused_com": [
            -4.873143672943115,
            -4.322479248046875,
            -1.395236849784851
        ],
        "fixed_com": [
            0.0006368886097334325,
            -0.0008597996202297509,
            0.0001707906340016052
        ]
    },
    "specification": {
        "input": "/home/iska/amelie-ai/ThermoGFN/data/rfd3/ccd_ligands/structures/74U.cif",
        "length": "20-400",
        "ligand": "74U",
        "extra": {
            "example": "ligand_337_ccd_74u",
            "task_name": "spec_ligand_337_ccd_74u_ligand_337_ccd_74u",
            "sampled_contig": "229",
            "num_tokens_in": 230,
            "num_residues_in": 230,
            "num_chains": 2,
            "num_atoms": 1168,
            "num_residues": 232,
            "example_id": "spec_ligand_337_ccd_74u_ligand_337_ccd_74u_2"
        },
        "select_fixed_atoms": {
            "74U": "ALL"
        },
        "select_unfixed_sequence": false
    },
    "ckpt_path": "/home/iska/amelie-ai/ThermoGFN/weights/rfd3_latest.ckpt",
    "seed": null
}