{
    "diffused_index_map": {},
    "metrics": {
        "max_ca_deviation": 0.08037590980529785,
        "n_chainbreaks": 0,
        "n_clashing.interresidue_clashes_w_sidechain": 0,
        "n_clashing.interresidue_clashes_w_backbone": 0,
        "n_clashing.ligand_clashes": 0,
        "n_clashing.ligand_min_distance": 3.365601062774658,
        "non_loop_fraction": 0.7005813953488372,
        "loop_fraction": 0.29941860465116277,
        "helix_fraction": 0.49127906976744184,
        "sheet_fraction": 0.20930232558139536,
        "num_ss_elements": 23,
        "radius_of_gyration": 17.730622466413443,
        "alanine_content": 0.40988372093023256,
        "glycine_content": 0.08139534883720931,
        "num_residues": 344,
        "diffused_com": [
            -3.381747245788574,
            2.5129849910736084,
            -1.2527071237564087
        ],
        "fixed_com": [
            0.0009300595265813172,
            -0.00016276042151730508,
            5.449567652249243e-06
        ]
    },
    "specification": {
        "input": "/home/iska/amelie-ai/ThermoGFN/data/rfd3/ccd_ligands/structures/15C.cif",
        "length": "20-400",
        "ligand": "15C",
        "extra": {
            "example": "ligand_279_ccd_15c",
            "task_name": "spec_ligand_279_ccd_15c_ligand_279_ccd_15c",
            "sampled_contig": "344",
            "num_tokens_in": 345,
            "num_residues_in": 345,
            "num_chains": 2,
            "num_atoms": 1741,
            "num_residues": 347,
            "example_id": "spec_ligand_279_ccd_15c_ligand_279_ccd_15c_2"
        },
        "select_fixed_atoms": {
            "15C": "ALL"
        },
        "select_unfixed_sequence": false
    },
    "ckpt_path": "/home/iska/amelie-ai/ThermoGFN/weights/rfd3_latest.ckpt",
    "seed": null
}