{
    "diffused_index_map": {},
    "metrics": {
        "max_ca_deviation": 0.06090903282165527,
        "n_chainbreaks": 0,
        "n_clashing.interresidue_clashes_w_sidechain": 0,
        "n_clashing.interresidue_clashes_w_backbone": 0,
        "n_clashing.ligand_clashes": 0,
        "n_clashing.ligand_min_distance": 4.300042152404785,
        "non_loop_fraction": 0.8608247422680413,
        "loop_fraction": 0.13917525773195877,
        "helix_fraction": 0.8402061855670103,
        "sheet_fraction": 0.020618556701030927,
        "num_ss_elements": 9,
        "radius_of_gyration": 15.75549878909328,
        "alanine_content": 0.28865979381443296,
        "glycine_content": 0.015463917525773196,
        "num_residues": 194,
        "diffused_com": [
            -1.3576806783676147,
            -0.35926011204719543,
            1.8407301902770996
        ],
        "fixed_com": [
            -0.0011160714784637094,
            -0.00020054409105796367,
            -0.00027901786961592734
        ]
    },
    "specification": {
        "input": "/home/iska/amelie-ai/ThermoGFN/data/rfd3/ccd_ligands/structures/Y4E.cif",
        "length": "20-400",
        "ligand": "Y4E",
        "extra": {
            "example": "ligand_136_ccd_y4e",
            "task_name": "spec_ligand_136_ccd_y4e_ligand_136_ccd_y4e",
            "sampled_contig": "194",
            "num_tokens_in": 195,
            "num_residues_in": 195,
            "num_chains": 2,
            "num_atoms": 984,
            "num_residues": 197,
            "example_id": "spec_ligand_136_ccd_y4e_ligand_136_ccd_y4e_2"
        },
        "select_fixed_atoms": {
            "Y4E": "ALL"
        },
        "select_unfixed_sequence": false
    },
    "ckpt_path": "/home/iska/amelie-ai/ThermoGFN/weights/rfd3_latest.ckpt",
    "seed": null
}