{
    "diffused_index_map": {},
    "metrics": {
        "max_ca_deviation": 0.0652308464050293,
        "n_chainbreaks": 0,
        "n_clashing.interresidue_clashes_w_sidechain": 0,
        "n_clashing.interresidue_clashes_w_backbone": 0,
        "n_clashing.ligand_clashes": 0,
        "n_clashing.ligand_min_distance": 3.1239867210388184,
        "non_loop_fraction": 0.7758620689655173,
        "loop_fraction": 0.22413793103448276,
        "helix_fraction": 0.5459770114942529,
        "sheet_fraction": 0.22988505747126436,
        "num_ss_elements": 12,
        "radius_of_gyration": 14.575417501178704,
        "alanine_content": 0.3735632183908046,
        "glycine_content": 0.05747126436781609,
        "num_residues": 174,
        "diffused_com": [
            -3.0095202922821045,
            3.2364394664764404,
            -0.8318103551864624
        ],
        "fixed_com": [
            -0.0011160714784637094,
            -0.00020054409105796367,
            -0.00027901786961592734
        ]
    },
    "specification": {
        "input": "/home/iska/amelie-ai/ThermoGFN/data/rfd3/ccd_ligands/structures/Y4E.cif",
        "length": "20-400",
        "ligand": "Y4E",
        "extra": {
            "example": "ligand_136_ccd_y4e",
            "task_name": "spec_ligand_136_ccd_y4e_ligand_136_ccd_y4e",
            "sampled_contig": "174",
            "num_tokens_in": 175,
            "num_residues_in": 175,
            "num_chains": 2,
            "num_atoms": 884,
            "num_residues": 177,
            "example_id": "spec_ligand_136_ccd_y4e_ligand_136_ccd_y4e_0"
        },
        "select_fixed_atoms": {
            "Y4E": "ALL"
        },
        "select_unfixed_sequence": false
    },
    "ckpt_path": "/home/iska/amelie-ai/ThermoGFN/weights/rfd3_latest.ckpt",
    "seed": null
}