{
    "diffused_index_map": {},
    "metrics": {
        "max_ca_deviation": 0.09163880348205566,
        "n_chainbreaks": 0,
        "n_clashing.interresidue_clashes_w_sidechain": 0,
        "n_clashing.interresidue_clashes_w_backbone": 0,
        "n_clashing.ligand_clashes": 0,
        "n_clashing.ligand_min_distance": 4.186081409454346,
        "non_loop_fraction": 0.5645645645645645,
        "loop_fraction": 0.43543543543543545,
        "helix_fraction": 0.25225225225225223,
        "sheet_fraction": 0.3123123123123123,
        "num_ss_elements": 21,
        "radius_of_gyration": 17.921313282381554,
        "alanine_content": 0.27627627627627627,
        "glycine_content": 0.07207207207207207,
        "num_residues": 333,
        "diffused_com": [
            0.4440099895000458,
            0.9728937745094299,
            -0.3297611176967621
        ],
        "fixed_com": [
            -0.0004595588252414018,
            0.0006893382524140179,
            5.7444853155175224e-05
        ]
    },
    "specification": {
        "input": "/home/iska/amelie-ai/ThermoGFN/data/rfd3/ccd_ligands/structures/WV7.cif",
        "length": "20-400",
        "ligand": "WV7",
        "extra": {
            "example": "ligand_187_ccd_wv7",
            "task_name": "spec_ligand_187_ccd_wv7_ligand_187_ccd_wv7",
            "sampled_contig": "333",
            "num_tokens_in": 334,
            "num_residues_in": 334,
            "num_chains": 2,
            "num_atoms": 1682,
            "num_residues": 336,
            "example_id": "spec_ligand_187_ccd_wv7_ligand_187_ccd_wv7_1"
        },
        "select_fixed_atoms": {
            "WV7": "ALL"
        },
        "select_unfixed_sequence": false
    },
    "ckpt_path": "/home/iska/amelie-ai/ThermoGFN/weights/rfd3_latest.ckpt",
    "seed": null
}