{
    "diffused_index_map": {},
    "metrics": {
        "max_ca_deviation": 0.07976055145263672,
        "n_chainbreaks": 0,
        "n_clashing.interresidue_clashes_w_sidechain": 0,
        "n_clashing.interresidue_clashes_w_backbone": 0,
        "n_clashing.ligand_clashes": 0,
        "n_clashing.ligand_min_distance": 3.5028536319732666,
        "non_loop_fraction": 0.6595744680851063,
        "loop_fraction": 0.3404255319148936,
        "helix_fraction": 0.48936170212765956,
        "sheet_fraction": 0.1702127659574468,
        "num_ss_elements": 12,
        "radius_of_gyration": 14.959247929633593,
        "alanine_content": 0.30319148936170215,
        "glycine_content": 0.05851063829787234,
        "num_residues": 188,
        "diffused_com": [
            -4.131677627563477,
            -4.512565612792969,
            -1.3815770149230957
        ],
        "fixed_com": [
            0.0016946231480687857,
            0.00034466912620700896,
            -0.00035184971056878567
        ]
    },
    "specification": {
        "input": "/home/iska/amelie-ai/ThermoGFN/data/rfd3/ccd_ligands/structures/W1G.cif",
        "length": "20-400",
        "ligand": "W1G",
        "extra": {
            "example": "ligand_140_ccd_w1g",
            "task_name": "spec_ligand_140_ccd_w1g_ligand_140_ccd_w1g",
            "sampled_contig": "188",
            "num_tokens_in": 189,
            "num_residues_in": 189,
            "num_chains": 2,
            "num_atoms": 957,
            "num_residues": 191,
            "example_id": "spec_ligand_140_ccd_w1g_ligand_140_ccd_w1g_2"
        },
        "select_fixed_atoms": {
            "W1G": "ALL"
        },
        "select_unfixed_sequence": false
    },
    "ckpt_path": "/home/iska/amelie-ai/ThermoGFN/weights/rfd3_latest.ckpt",
    "seed": null
}