{
    "diffused_index_map": {},
    "metrics": {
        "max_ca_deviation": 0.05188870429992676,
        "n_chainbreaks": 0,
        "n_clashing.interresidue_clashes_w_sidechain": 0,
        "n_clashing.interresidue_clashes_w_backbone": 0,
        "n_clashing.ligand_clashes": 0,
        "n_clashing.ligand_min_distance": 4.199008464813232,
        "non_loop_fraction": 0.7212121212121212,
        "loop_fraction": 0.2787878787878788,
        "helix_fraction": 0.509090909090909,
        "sheet_fraction": 0.21212121212121213,
        "num_ss_elements": 10,
        "radius_of_gyration": 15.141414401196414,
        "alanine_content": 0.19393939393939394,
        "glycine_content": 0.04242424242424243,
        "num_residues": 165,
        "diffused_com": [
            0.36331653594970703,
            0.13157036900520325,
            1.6191349029541016
        ],
        "fixed_com": [
            0.0002297794126207009,
            0.00028722427668981254,
            -1.8232009324492537e-07
        ]
    },
    "specification": {
        "input": "/home/iska/amelie-ai/ThermoGFN/data/rfd3/ccd_ligands/structures/B77.cif",
        "length": "20-400",
        "ligand": "B77",
        "extra": {
            "example": "ligand_145_ccd_b77",
            "task_name": "spec_ligand_145_ccd_b77_ligand_145_ccd_b77",
            "sampled_contig": "165",
            "num_tokens_in": 166,
            "num_residues_in": 166,
            "num_chains": 2,
            "num_atoms": 842,
            "num_residues": 168,
            "example_id": "spec_ligand_145_ccd_b77_ligand_145_ccd_b77_1"
        },
        "select_fixed_atoms": {
            "B77": "ALL"
        },
        "select_unfixed_sequence": false
    },
    "ckpt_path": "/home/iska/amelie-ai/ThermoGFN/weights/rfd3_latest.ckpt",
    "seed": null
}