{
    "diffused_index_map": {},
    "metrics": {
        "max_ca_deviation": 0.08344268798828125,
        "n_chainbreaks": 0,
        "n_clashing.interresidue_clashes_w_sidechain": 1,
        "n_clashing.interresidue_clashes_w_backbone": 0,
        "n_clashing.ligand_clashes": 0,
        "n_clashing.ligand_min_distance": 3.372913360595703,
        "non_loop_fraction": 0.6719745222929936,
        "loop_fraction": 0.32802547770700635,
        "helix_fraction": 0.5222929936305732,
        "sheet_fraction": 0.14968152866242038,
        "num_ss_elements": 21,
        "radius_of_gyration": 17.501671209452788,
        "alanine_content": 0.35668789808917195,
        "glycine_content": 0.08598726114649681,
        "num_residues": 314,
        "diffused_com": [
            3.0377869606018066,
            0.06412479281425476,
            -1.1796048879623413
        ],
        "fixed_com": [
            -0.0011858259094879031,
            0.0006539481109939516,
            7.847377128200606e-05
        ]
    },
    "specification": {
        "input": "/home/iska/amelie-ai/ThermoGFN/data/rfd3/ccd_ligands/structures/5WU.cif",
        "length": "20-400",
        "ligand": "5WU",
        "extra": {
            "example": "ligand_065_ccd_5wu",
            "task_name": "spec_ligand_065_ccd_5wu_ligand_065_ccd_5wu",
            "sampled_contig": "314",
            "num_tokens_in": 315,
            "num_residues_in": 315,
            "num_chains": 2,
            "num_atoms": 1584,
            "num_residues": 317,
            "example_id": "spec_ligand_065_ccd_5wu_ligand_065_ccd_5wu_1"
        },
        "select_fixed_atoms": {
            "5WU": "ALL"
        },
        "select_unfixed_sequence": false
    },
    "ckpt_path": "/home/iska/amelie-ai/ThermoGFN/weights/rfd3_latest.ckpt",
    "seed": null
}