{
    "diffused_index_map": {},
    "metrics": {
        "max_ca_deviation": 0.10416769981384277,
        "n_chainbreaks": 0,
        "n_clashing.interresidue_clashes_w_sidechain": 1,
        "n_clashing.interresidue_clashes_w_backbone": 0,
        "n_clashing.ligand_clashes": 0,
        "n_clashing.ligand_min_distance": 3.478841543197632,
        "non_loop_fraction": 0.5777202072538861,
        "loop_fraction": 0.422279792746114,
        "helix_fraction": 0.4533678756476684,
        "sheet_fraction": 0.12435233160621761,
        "num_ss_elements": 21,
        "radius_of_gyration": 18.78697778765191,
        "alanine_content": 0.29015544041450775,
        "glycine_content": 0.07772020725388601,
        "num_residues": 386,
        "diffused_com": [
            2.425201416015625,
            3.0340373516082764,
            0.3030170798301697
        ],
        "fixed_com": [
            0.0017496744403615594,
            0.0017496744403615594,
            0.00015004475426394492
        ]
    },
    "specification": {
        "input": "/home/iska/amelie-ai/ThermoGFN/data/rfd3/ccd_ligands/structures/OD4.cif",
        "length": "20-400",
        "ligand": "OD4",
        "extra": {
            "example": "ligand_491_ccd_od4",
            "task_name": "spec_ligand_491_ccd_od4_ligand_491_ccd_od4",
            "sampled_contig": "386",
            "num_tokens_in": 387,
            "num_residues_in": 387,
            "num_chains": 2,
            "num_atoms": 1954,
            "num_residues": 389,
            "example_id": "spec_ligand_491_ccd_od4_ligand_491_ccd_od4_2"
        },
        "select_fixed_atoms": {
            "OD4": "ALL"
        },
        "select_unfixed_sequence": false
    },
    "ckpt_path": "/home/iska/amelie-ai/ThermoGFN/weights/rfd3_latest.ckpt",
    "seed": null
}