{
    "diffused_index_map": {},
    "metrics": {
        "max_ca_deviation": 0.08537006378173828,
        "n_chainbreaks": 0,
        "n_clashing.interresidue_clashes_w_sidechain": 0,
        "n_clashing.interresidue_clashes_w_backbone": 0,
        "n_clashing.ligand_clashes": 0,
        "n_clashing.ligand_min_distance": 3.782518148422241,
        "non_loop_fraction": 0.6325581395348838,
        "loop_fraction": 0.3674418604651163,
        "helix_fraction": 0.3813953488372093,
        "sheet_fraction": 0.25116279069767444,
        "num_ss_elements": 16,
        "radius_of_gyration": 16.68776028184062,
        "alanine_content": 0.16279069767441862,
        "glycine_content": 0.06976744186046512,
        "num_residues": 215,
        "diffused_com": [
            -0.8489309549331665,
            -0.3816864788532257,
            2.895965576171875
        ],
        "fixed_com": [
            -0.0002297794126207009,
            -0.0004236557870171964,
            0.000263214111328125
        ]
    },
    "specification": {
        "input": "/home/iska/amelie-ai/ThermoGFN/data/rfd3/ccd_ligands/structures/4FD.cif",
        "length": "20-400",
        "ligand": "4FD",
        "extra": {
            "example": "ligand_141_ccd_4fd",
            "task_name": "spec_ligand_141_ccd_4fd_ligand_141_ccd_4fd",
            "sampled_contig": "215",
            "num_tokens_in": 216,
            "num_residues_in": 216,
            "num_chains": 2,
            "num_atoms": 1092,
            "num_residues": 218,
            "example_id": "spec_ligand_141_ccd_4fd_ligand_141_ccd_4fd_2"
        },
        "select_fixed_atoms": {
            "4FD": "ALL"
        },
        "select_unfixed_sequence": false
    },
    "ckpt_path": "/home/iska/amelie-ai/ThermoGFN/weights/rfd3_latest.ckpt",
    "seed": null
}