{
    "diffused_index_map": {},
    "metrics": {
        "max_ca_deviation": 0.8162498474121094,
        "n_chainbreaks": 1,
        "n_clashing.interresidue_clashes_w_sidechain": 0,
        "n_clashing.interresidue_clashes_w_backbone": 0,
        "n_clashing.ligand_clashes": 0,
        "n_clashing.ligand_min_distance": 5.725831508636475,
        "non_loop_fraction": 0.5950920245398773,
        "loop_fraction": 0.4049079754601227,
        "helix_fraction": 0.20245398773006135,
        "sheet_fraction": 0.39263803680981596,
        "num_ss_elements": 11,
        "radius_of_gyration": 14.805369034902395,
        "alanine_content": 0.08588957055214724,
        "glycine_content": 0.06748466257668712,
        "num_residues": 163,
        "diffused_com": [
            0.9782730340957642,
            -1.6255590915679932,
            0.24313557147979736
        ],
        "fixed_com": [
            -0.0002297794126207009,
            -0.0004236557870171964,
            0.000263214111328125
        ]
    },
    "specification": {
        "input": "/home/iska/amelie-ai/ThermoGFN/data/rfd3/ccd_ligands/structures/4FD.cif",
        "length": "20-400",
        "ligand": "4FD",
        "extra": {
            "example": "ligand_141_ccd_4fd",
            "task_name": "spec_ligand_141_ccd_4fd_ligand_141_ccd_4fd",
            "sampled_contig": "163",
            "num_tokens_in": 164,
            "num_residues_in": 164,
            "num_chains": 2,
            "num_atoms": 832,
            "num_residues": 166,
            "example_id": "spec_ligand_141_ccd_4fd_ligand_141_ccd_4fd_0"
        },
        "select_fixed_atoms": {
            "4FD": "ALL"
        },
        "select_unfixed_sequence": false
    },
    "ckpt_path": "/home/iska/amelie-ai/ThermoGFN/weights/rfd3_latest.ckpt",
    "seed": null
}