{
    "diffused_index_map": {},
    "metrics": {
        "max_ca_deviation": 0.07230734825134277,
        "n_chainbreaks": 0,
        "n_clashing.interresidue_clashes_w_sidechain": 1,
        "n_clashing.interresidue_clashes_w_backbone": 0,
        "n_clashing.ligand_clashes": 0,
        "n_clashing.ligand_min_distance": 2.7466001510620117,
        "non_loop_fraction": 0.6049382716049383,
        "loop_fraction": 0.3950617283950617,
        "helix_fraction": 0.4691358024691358,
        "sheet_fraction": 0.13580246913580246,
        "num_ss_elements": 14,
        "radius_of_gyration": 16.009192106916863,
        "alanine_content": 0.39094650205761317,
        "glycine_content": 0.11522633744855967,
        "num_residues": 243,
        "diffused_com": [
            0.013566543348133564,
            -5.988641262054443,
            1.0440539121627808
        ],
        "fixed_com": [
            0.0008491847547702491,
            -0.0003954016719944775,
            -2.122961996064987e-05
        ]
    },
    "specification": {
        "input": "/home/iska/amelie-ai/ThermoGFN/data/rfd3/ccd_ligands/structures/U6X.cif",
        "length": "20-400",
        "ligand": "U6X",
        "extra": {
            "example": "ligand_442_ccd_u6x",
            "task_name": "spec_ligand_442_ccd_u6x_ligand_442_ccd_u6x",
            "sampled_contig": "243",
            "num_tokens_in": 244,
            "num_residues_in": 244,
            "num_chains": 2,
            "num_atoms": 1238,
            "num_residues": 246,
            "example_id": "spec_ligand_442_ccd_u6x_ligand_442_ccd_u6x_1"
        },
        "select_fixed_atoms": {
            "U6X": "ALL"
        },
        "select_unfixed_sequence": false
    },
    "ckpt_path": "/home/iska/amelie-ai/ThermoGFN/weights/rfd3_latest.ckpt",
    "seed": null
}