{
    "diffused_index_map": {},
    "metrics": {
        "max_ca_deviation": 0.06476211547851562,
        "n_chainbreaks": 0,
        "n_clashing.interresidue_clashes_w_sidechain": 0,
        "n_clashing.interresidue_clashes_w_backbone": 0,
        "n_clashing.ligand_clashes": 0,
        "n_clashing.ligand_min_distance": 2.6919140815734863,
        "non_loop_fraction": 0.6294416243654822,
        "loop_fraction": 0.37055837563451777,
        "helix_fraction": 0.5532994923857868,
        "sheet_fraction": 0.07614213197969544,
        "num_ss_elements": 10,
        "radius_of_gyration": 15.321992978786874,
        "alanine_content": 0.3553299492385787,
        "glycine_content": 0.07614213197969544,
        "num_residues": 197,
        "diffused_com": [
            2.0473499298095703,
            0.5911129713058472,
            1.2087206840515137
        ],
        "fixed_com": [
            0.0018404447473585606,
            0.0005887838779017329,
            -0.00041140042594633996
        ]
    },
    "specification": {
        "input": "/home/iska/amelie-ai/ThermoGFN/data/rfd3/ccd_ligands/structures/GH2.cif",
        "length": "20-400",
        "ligand": "GH2",
        "extra": {
            "example": "ligand_556_ccd_gh2",
            "task_name": "spec_ligand_556_ccd_gh2_ligand_556_ccd_gh2",
            "sampled_contig": "197",
            "num_tokens_in": 198,
            "num_residues_in": 198,
            "num_chains": 2,
            "num_atoms": 1011,
            "num_residues": 200,
            "example_id": "spec_ligand_556_ccd_gh2_ligand_556_ccd_gh2_1"
        },
        "select_fixed_atoms": {
            "GH2": "ALL"
        },
        "select_unfixed_sequence": false
    },
    "ckpt_path": "/home/iska/amelie-ai/ThermoGFN/weights/rfd3_latest.ckpt",
    "seed": null
}