{
    "diffused_index_map": {},
    "metrics": {
        "max_ca_deviation": 0.07881307601928711,
        "n_chainbreaks": 0,
        "n_clashing.interresidue_clashes_w_sidechain": 0,
        "n_clashing.interresidue_clashes_w_backbone": 0,
        "n_clashing.ligand_clashes": 0,
        "n_clashing.ligand_min_distance": 3.2347631454467773,
        "non_loop_fraction": 0.6983240223463687,
        "loop_fraction": 0.3016759776536313,
        "helix_fraction": 0.5921787709497207,
        "sheet_fraction": 0.10614525139664804,
        "num_ss_elements": 20,
        "radius_of_gyration": 18.327782635729786,
        "alanine_content": 0.3854748603351955,
        "glycine_content": 0.05865921787709497,
        "num_residues": 358,
        "diffused_com": [
            -1.5755085945129395,
            2.34482479095459,
            -1.3845491409301758
        ],
        "fixed_com": [
            0.0018404447473585606,
            0.0005887838779017329,
            -0.00041140042594633996
        ]
    },
    "specification": {
        "input": "/home/iska/amelie-ai/ThermoGFN/data/rfd3/ccd_ligands/structures/GH2.cif",
        "length": "20-400",
        "ligand": "GH2",
        "extra": {
            "example": "ligand_556_ccd_gh2",
            "task_name": "spec_ligand_556_ccd_gh2_ligand_556_ccd_gh2",
            "sampled_contig": "358",
            "num_tokens_in": 359,
            "num_residues_in": 359,
            "num_chains": 2,
            "num_atoms": 1816,
            "num_residues": 361,
            "example_id": "spec_ligand_556_ccd_gh2_ligand_556_ccd_gh2_0"
        },
        "select_fixed_atoms": {
            "GH2": "ALL"
        },
        "select_unfixed_sequence": false
    },
    "ckpt_path": "/home/iska/amelie-ai/ThermoGFN/weights/rfd3_latest.ckpt",
    "seed": null
}