{
    "diffused_index_map": {},
    "metrics": {
        "max_ca_deviation": 1.0106029510498047,
        "n_chainbreaks": 1,
        "n_clashing.interresidue_clashes_w_sidechain": 1,
        "n_clashing.interresidue_clashes_w_backbone": 0,
        "n_clashing.ligand_clashes": 0,
        "n_clashing.ligand_min_distance": 3.0083892345428467,
        "non_loop_fraction": 0.7012658227848101,
        "loop_fraction": 0.29873417721518986,
        "helix_fraction": 0.5189873417721519,
        "sheet_fraction": 0.18227848101265823,
        "num_ss_elements": 26,
        "radius_of_gyration": 19.036160313391417,
        "alanine_content": 0.3392405063291139,
        "glycine_content": 0.053164556962025315,
        "num_residues": 395,
        "diffused_com": [
            1.3819116353988647,
            1.0447711944580078,
            3.231478214263916
        ],
        "fixed_com": [
            -0.0012350643519312143,
            -0.00017233456310350448,
            -9.963091724785045e-05
        ]
    },
    "specification": {
        "input": "/home/iska/amelie-ai/ThermoGFN/data/rfd3/ccd_ligands/structures/N7M.cif",
        "length": "20-400",
        "ligand": "N7M",
        "extra": {
            "example": "ligand_231_ccd_n7m",
            "task_name": "spec_ligand_231_ccd_n7m_ligand_231_ccd_n7m",
            "sampled_contig": "395",
            "num_tokens_in": 396,
            "num_residues_in": 396,
            "num_chains": 2,
            "num_atoms": 1992,
            "num_residues": 398,
            "example_id": "spec_ligand_231_ccd_n7m_ligand_231_ccd_n7m_1"
        },
        "select_fixed_atoms": {
            "N7M": "ALL"
        },
        "select_unfixed_sequence": false
    },
    "ckpt_path": "/home/iska/amelie-ai/ThermoGFN/weights/rfd3_latest.ckpt",
    "seed": null
}