{
    "diffused_index_map": {},
    "metrics": {
        "max_ca_deviation": 0.0939643383026123,
        "n_chainbreaks": 0,
        "n_clashing.interresidue_clashes_w_sidechain": 0,
        "n_clashing.interresidue_clashes_w_backbone": 0,
        "n_clashing.ligand_clashes": 0,
        "n_clashing.ligand_min_distance": 2.342905282974243,
        "non_loop_fraction": 0.7247191011235955,
        "loop_fraction": 0.2752808988764045,
        "helix_fraction": 0.5393258426966292,
        "sheet_fraction": 0.1853932584269663,
        "num_ss_elements": 23,
        "radius_of_gyration": 18.251342314125502,
        "alanine_content": 0.3342696629213483,
        "glycine_content": 0.05898876404494382,
        "num_residues": 356,
        "diffused_com": [
            -4.583673000335693,
            1.0476408004760742,
            -4.224607467651367
        ],
        "fixed_com": [
            -0.00025475543225184083,
            -0.00014860733062960207,
            -0.0006793478387407959
        ]
    },
    "specification": {
        "input": "/home/iska/amelie-ai/ThermoGFN/data/rfd3/ccd_ligands/structures/T23.cif",
        "length": "20-400",
        "ligand": "T23",
        "extra": {
            "example": "ligand_468_ccd_t23",
            "task_name": "spec_ligand_468_ccd_t23_ligand_468_ccd_t23",
            "sampled_contig": "356",
            "num_tokens_in": 357,
            "num_residues_in": 357,
            "num_chains": 2,
            "num_atoms": 1803,
            "num_residues": 359,
            "example_id": "spec_ligand_468_ccd_t23_ligand_468_ccd_t23_2"
        },
        "select_fixed_atoms": {
            "T23": "ALL"
        },
        "select_unfixed_sequence": false
    },
    "ckpt_path": "/home/iska/amelie-ai/ThermoGFN/weights/rfd3_latest.ckpt",
    "seed": null
}