{
    "diffused_index_map": {},
    "metrics": {
        "max_ca_deviation": 0.04396653175354004,
        "n_chainbreaks": 0,
        "n_clashing.interresidue_clashes_w_sidechain": 0,
        "n_clashing.interresidue_clashes_w_backbone": 0,
        "n_clashing.ligand_clashes": 0,
        "n_clashing.ligand_min_distance": 3.8131325244903564,
        "non_loop_fraction": 0.5223880597014925,
        "loop_fraction": 0.47761194029850745,
        "helix_fraction": 0.1791044776119403,
        "sheet_fraction": 0.34328358208955223,
        "num_ss_elements": 6,
        "radius_of_gyration": 10.84856365870197,
        "alanine_content": 0.23880597014925373,
        "glycine_content": 0.1044776119402985,
        "num_residues": 67,
        "diffused_com": [
            1.0202488899230957,
            2.3409581184387207,
            4.394566535949707
        ],
        "fixed_com": [
            -0.00025475543225184083,
            -0.00014860733062960207,
            -0.0006793478387407959
        ]
    },
    "specification": {
        "input": "/home/iska/amelie-ai/ThermoGFN/data/rfd3/ccd_ligands/structures/T23.cif",
        "length": "20-400",
        "ligand": "T23",
        "extra": {
            "example": "ligand_468_ccd_t23",
            "task_name": "spec_ligand_468_ccd_t23_ligand_468_ccd_t23",
            "sampled_contig": "67",
            "num_tokens_in": 68,
            "num_residues_in": 68,
            "num_chains": 2,
            "num_atoms": 358,
            "num_residues": 70,
            "example_id": "spec_ligand_468_ccd_t23_ligand_468_ccd_t23_1"
        },
        "select_fixed_atoms": {
            "T23": "ALL"
        },
        "select_unfixed_sequence": false
    },
    "ckpt_path": "/home/iska/amelie-ai/ThermoGFN/weights/rfd3_latest.ckpt",
    "seed": null
}