{
    "diffused_index_map": {},
    "metrics": {
        "max_ca_deviation": 0.7869932651519775,
        "n_chainbreaks": 1,
        "n_clashing.interresidue_clashes_w_sidechain": 0,
        "n_clashing.interresidue_clashes_w_backbone": 0,
        "n_clashing.ligand_clashes": 0,
        "n_clashing.ligand_min_distance": 3.3403031826019287,
        "non_loop_fraction": 0.7148936170212765,
        "loop_fraction": 0.2851063829787234,
        "helix_fraction": 0.5787234042553191,
        "sheet_fraction": 0.13617021276595745,
        "num_ss_elements": 12,
        "radius_of_gyration": 16.759527933340188,
        "alanine_content": 0.39148936170212767,
        "glycine_content": 0.07234042553191489,
        "num_residues": 235,
        "diffused_com": [
            -1.3199121952056885,
            2.3534538745880127,
            -1.3057329654693604
        ],
        "fixed_com": [
            -0.00025475543225184083,
            -0.00014860733062960207,
            -0.0006793478387407959
        ]
    },
    "specification": {
        "input": "/home/iska/amelie-ai/ThermoGFN/data/rfd3/ccd_ligands/structures/T23.cif",
        "length": "20-400",
        "ligand": "T23",
        "extra": {
            "example": "ligand_468_ccd_t23",
            "task_name": "spec_ligand_468_ccd_t23_ligand_468_ccd_t23",
            "sampled_contig": "235",
            "num_tokens_in": 236,
            "num_residues_in": 236,
            "num_chains": 2,
            "num_atoms": 1198,
            "num_residues": 238,
            "example_id": "spec_ligand_468_ccd_t23_ligand_468_ccd_t23_0"
        },
        "select_fixed_atoms": {
            "T23": "ALL"
        },
        "select_unfixed_sequence": false
    },
    "ckpt_path": "/home/iska/amelie-ai/ThermoGFN/weights/rfd3_latest.ckpt",
    "seed": null
}