{
    "diffused_index_map": {},
    "metrics": {
        "max_ca_deviation": 0.06574153900146484,
        "n_chainbreaks": 0,
        "n_clashing.interresidue_clashes_w_sidechain": 0,
        "n_clashing.interresidue_clashes_w_backbone": 0,
        "n_clashing.ligand_clashes": 0,
        "n_clashing.ligand_min_distance": 3.3909542560577393,
        "non_loop_fraction": 0.7804878048780488,
        "loop_fraction": 0.21951219512195122,
        "helix_fraction": 0.7609756097560976,
        "sheet_fraction": 0.01951219512195122,
        "num_ss_elements": 10,
        "radius_of_gyration": 15.592577834020766,
        "alanine_content": 0.28292682926829266,
        "glycine_content": 0.04878048780487805,
        "num_residues": 205,
        "diffused_com": [
            1.8375674486160278,
            3.1111080646514893,
            0.8140210509300232
        ],
        "fixed_com": [
            -0.0008138020639307797,
            -4.069010537932627e-05,
            0.00018819172692019492
        ]
    },
    "specification": {
        "input": "/home/iska/amelie-ai/ThermoGFN/data/rfd3/ccd_ligands/structures/BK1.cif",
        "length": "20-400",
        "ligand": "BK1",
        "extra": {
            "example": "ligand_374_ccd_bk1",
            "task_name": "spec_ligand_374_ccd_bk1_ligand_374_ccd_bk1",
            "sampled_contig": "205",
            "num_tokens_in": 206,
            "num_residues_in": 206,
            "num_chains": 2,
            "num_atoms": 1049,
            "num_residues": 208,
            "example_id": "spec_ligand_374_ccd_bk1_ligand_374_ccd_bk1_1"
        },
        "select_fixed_atoms": {
            "BK1": "ALL"
        },
        "select_unfixed_sequence": false
    },
    "ckpt_path": "/home/iska/amelie-ai/ThermoGFN/weights/rfd3_latest.ckpt",
    "seed": null
}