{
    "diffused_index_map": {},
    "metrics": {
        "max_ca_deviation": 0.09601879119873047,
        "n_chainbreaks": 0,
        "n_clashing.interresidue_clashes_w_sidechain": 0,
        "n_clashing.interresidue_clashes_w_backbone": 0,
        "n_clashing.ligand_clashes": 0,
        "n_clashing.ligand_min_distance": 2.8795714378356934,
        "non_loop_fraction": 0.5984555984555985,
        "loop_fraction": 0.4015444015444015,
        "helix_fraction": 0.3590733590733591,
        "sheet_fraction": 0.23938223938223938,
        "num_ss_elements": 17,
        "radius_of_gyration": 17.324739656163786,
        "alanine_content": 0.2471042471042471,
        "glycine_content": 0.04247104247104247,
        "num_residues": 259,
        "diffused_com": [
            -1.2542511224746704,
            0.6715866923332214,
            0.45250585675239563
        ],
        "fixed_com": [
            -0.00034273587516508996,
            7.512019510613754e-05,
            0.0006291316240094602
        ]
    },
    "specification": {
        "input": "/home/iska/amelie-ai/ThermoGFN/data/rfd3/ccd_ligands/structures/1GB.cif",
        "length": "20-400",
        "ligand": "1GB",
        "extra": {
            "example": "ligand_466_ccd_1gb",
            "task_name": "spec_ligand_466_ccd_1gb_ligand_466_ccd_1gb",
            "sampled_contig": "259",
            "num_tokens_in": 260,
            "num_residues_in": 260,
            "num_chains": 2,
            "num_atoms": 1321,
            "num_residues": 262,
            "example_id": "spec_ligand_466_ccd_1gb_ligand_466_ccd_1gb_2"
        },
        "select_fixed_atoms": {
            "1GB": "ALL"
        },
        "select_unfixed_sequence": false
    },
    "ckpt_path": "/home/iska/amelie-ai/ThermoGFN/weights/rfd3_latest.ckpt",
    "seed": null
}