{
    "diffused_index_map": {},
    "metrics": {
        "max_ca_deviation": 0.07287478446960449,
        "n_chainbreaks": 0,
        "n_clashing.interresidue_clashes_w_sidechain": 0,
        "n_clashing.interresidue_clashes_w_backbone": 0,
        "n_clashing.ligand_clashes": 0,
        "n_clashing.ligand_min_distance": 3.4868569374084473,
        "non_loop_fraction": 0.7568493150684932,
        "loop_fraction": 0.24315068493150685,
        "helix_fraction": 0.6472602739726028,
        "sheet_fraction": 0.1095890410958904,
        "num_ss_elements": 18,
        "radius_of_gyration": 17.115606006984738,
        "alanine_content": 0.3664383561643836,
        "glycine_content": 0.07876712328767123,
        "num_residues": 292,
        "diffused_com": [
            4.185131549835205,
            0.40867894887924194,
            1.977761149406433
        ],
        "fixed_com": [
            0.0008138020639307797,
            9.494357800576836e-05,
            -0.00039503310108557343
        ]
    },
    "specification": {
        "input": "/home/iska/amelie-ai/ThermoGFN/data/rfd3/ccd_ligands/structures/0X7.cif",
        "length": "20-400",
        "ligand": "0X7",
        "extra": {
            "example": "ligand_180_ccd_0x7",
            "task_name": "spec_ligand_180_ccd_0x7_ligand_180_ccd_0x7",
            "sampled_contig": "292",
            "num_tokens_in": 293,
            "num_residues_in": 293,
            "num_chains": 2,
            "num_atoms": 1478,
            "num_residues": 295,
            "example_id": "spec_ligand_180_ccd_0x7_ligand_180_ccd_0x7_2"
        },
        "select_fixed_atoms": {
            "0X7": "ALL"
        },
        "select_unfixed_sequence": false
    },
    "ckpt_path": "/home/iska/amelie-ai/ThermoGFN/weights/rfd3_latest.ckpt",
    "seed": null
}