{
    "diffused_index_map": {},
    "metrics": {
        "max_ca_deviation": 0.09439587593078613,
        "n_chainbreaks": 0,
        "n_clashing.interresidue_clashes_w_sidechain": 1,
        "n_clashing.interresidue_clashes_w_backbone": 0,
        "n_clashing.ligand_clashes": 0,
        "n_clashing.ligand_min_distance": 4.433974266052246,
        "non_loop_fraction": 0.6449511400651465,
        "loop_fraction": 0.3550488599348534,
        "helix_fraction": 0.4560260586319218,
        "sheet_fraction": 0.18892508143322476,
        "num_ss_elements": 19,
        "radius_of_gyration": 17.085503846983723,
        "alanine_content": 0.2996742671009772,
        "glycine_content": 0.0781758957654723,
        "num_residues": 307,
        "diffused_com": [
            -2.35308837890625,
            -0.39815378189086914,
            -0.7367683053016663
        ],
        "fixed_com": [
            0.0008138020639307797,
            9.494357800576836e-05,
            -0.00039503310108557343
        ]
    },
    "specification": {
        "input": "/home/iska/amelie-ai/ThermoGFN/data/rfd3/ccd_ligands/structures/0X7.cif",
        "length": "20-400",
        "ligand": "0X7",
        "extra": {
            "example": "ligand_180_ccd_0x7",
            "task_name": "spec_ligand_180_ccd_0x7_ligand_180_ccd_0x7",
            "sampled_contig": "307",
            "num_tokens_in": 308,
            "num_residues_in": 308,
            "num_chains": 2,
            "num_atoms": 1553,
            "num_residues": 310,
            "example_id": "spec_ligand_180_ccd_0x7_ligand_180_ccd_0x7_1"
        },
        "select_fixed_atoms": {
            "0X7": "ALL"
        },
        "select_unfixed_sequence": false
    },
    "ckpt_path": "/home/iska/amelie-ai/ThermoGFN/weights/rfd3_latest.ckpt",
    "seed": null
}