{
    "diffused_index_map": {},
    "metrics": {
        "max_ca_deviation": 0.07225990295410156,
        "n_chainbreaks": 0,
        "n_clashing.interresidue_clashes_w_sidechain": 1,
        "n_clashing.interresidue_clashes_w_backbone": 0,
        "n_clashing.ligand_clashes": 0,
        "n_clashing.ligand_min_distance": 3.0489883422851562,
        "non_loop_fraction": 0.6947791164658634,
        "loop_fraction": 0.30522088353413657,
        "helix_fraction": 0.4939759036144578,
        "sheet_fraction": 0.20080321285140562,
        "num_ss_elements": 17,
        "radius_of_gyration": 16.2286031088921,
        "alanine_content": 0.24497991967871485,
        "glycine_content": 0.06827309236947791,
        "num_residues": 249,
        "diffused_com": [
            -0.46189084649086,
            -2.987062931060791,
            -4.865549564361572
        ],
        "fixed_com": [
            0.0008138020639307797,
            9.494357800576836e-05,
            -0.00039503310108557343
        ]
    },
    "specification": {
        "input": "/home/iska/amelie-ai/ThermoGFN/data/rfd3/ccd_ligands/structures/0X7.cif",
        "length": "20-400",
        "ligand": "0X7",
        "extra": {
            "example": "ligand_180_ccd_0x7",
            "task_name": "spec_ligand_180_ccd_0x7_ligand_180_ccd_0x7",
            "sampled_contig": "249",
            "num_tokens_in": 250,
            "num_residues_in": 250,
            "num_chains": 2,
            "num_atoms": 1263,
            "num_residues": 252,
            "example_id": "spec_ligand_180_ccd_0x7_ligand_180_ccd_0x7_0"
        },
        "select_fixed_atoms": {
            "0X7": "ALL"
        },
        "select_unfixed_sequence": false
    },
    "ckpt_path": "/home/iska/amelie-ai/ThermoGFN/weights/rfd3_latest.ckpt",
    "seed": null
}