{
    "diffused_index_map": {},
    "metrics": {
        "max_ca_deviation": 0.10863518714904785,
        "n_chainbreaks": 0,
        "n_clashing.interresidue_clashes_w_sidechain": 1,
        "n_clashing.interresidue_clashes_w_backbone": 0,
        "n_clashing.ligand_clashes": 0,
        "n_clashing.ligand_min_distance": 3.4272384643554688,
        "non_loop_fraction": 0.6100917431192661,
        "loop_fraction": 0.38990825688073394,
        "helix_fraction": 0.38073394495412843,
        "sheet_fraction": 0.22935779816513763,
        "num_ss_elements": 14,
        "radius_of_gyration": 15.864906180907628,
        "alanine_content": 0.2981651376146789,
        "glycine_content": 0.05045871559633028,
        "num_residues": 218,
        "diffused_com": [
            -4.163778305053711,
            3.3645801544189453,
            -2.1959080696105957
        ],
        "fixed_com": [
            -0.0016084559028968215,
            0.0010340074077248573,
            0.00017233456310350448
        ]
    },
    "specification": {
        "input": "/home/iska/amelie-ai/ThermoGFN/data/rfd3/ccd_ligands/structures/TB5.cif",
        "length": "20-400",
        "ligand": "TB5",
        "extra": {
            "example": "ligand_144_ccd_tb5",
            "task_name": "spec_ligand_144_ccd_tb5_ligand_144_ccd_tb5",
            "sampled_contig": "218",
            "num_tokens_in": 219,
            "num_residues_in": 219,
            "num_chains": 2,
            "num_atoms": 1107,
            "num_residues": 221,
            "example_id": "spec_ligand_144_ccd_tb5_ligand_144_ccd_tb5_0"
        },
        "select_fixed_atoms": {
            "TB5": "ALL"
        },
        "select_unfixed_sequence": false
    },
    "ckpt_path": "/home/iska/amelie-ai/ThermoGFN/weights/rfd3_latest.ckpt",
    "seed": null
}