{
    "diffused_index_map": {},
    "metrics": {
        "max_ca_deviation": 0.07801675796508789,
        "n_chainbreaks": 0,
        "n_clashing.interresidue_clashes_w_sidechain": 0,
        "n_clashing.interresidue_clashes_w_backbone": 0,
        "n_clashing.ligand_clashes": 0,
        "n_clashing.ligand_min_distance": 2.853696823120117,
        "non_loop_fraction": 0.5544554455445545,
        "loop_fraction": 0.44554455445544555,
        "helix_fraction": 0.3217821782178218,
        "sheet_fraction": 0.23267326732673269,
        "num_ss_elements": 12,
        "radius_of_gyration": 17.19177348618517,
        "alanine_content": 0.0891089108910891,
        "glycine_content": 0.07425742574257425,
        "num_residues": 202,
        "diffused_com": [
            0.46092745661735535,
            -4.201237678527832,
            -2.4305851459503174
        ],
        "fixed_com": [
            -0.0016084559028968215,
            0.0010340074077248573,
            0.00017233456310350448
        ]
    },
    "specification": {
        "input": "/home/iska/amelie-ai/ThermoGFN/data/rfd3/ccd_ligands/structures/TB5.cif",
        "length": "20-400",
        "ligand": "TB5",
        "extra": {
            "example": "ligand_144_ccd_tb5",
            "task_name": "spec_ligand_144_ccd_tb5_ligand_144_ccd_tb5",
            "sampled_contig": "202",
            "num_tokens_in": 203,
            "num_residues_in": 203,
            "num_chains": 2,
            "num_atoms": 1027,
            "num_residues": 205,
            "example_id": "spec_ligand_144_ccd_tb5_ligand_144_ccd_tb5_1"
        },
        "select_fixed_atoms": {
            "TB5": "ALL"
        },
        "select_unfixed_sequence": false
    },
    "ckpt_path": "/home/iska/amelie-ai/ThermoGFN/weights/rfd3_latest.ckpt",
    "seed": null
}