{
    "diffused_index_map": {},
    "metrics": {
        "max_ca_deviation": 0.7836198806762695,
        "n_chainbreaks": 1,
        "n_clashing.interresidue_clashes_w_sidechain": 0,
        "n_clashing.interresidue_clashes_w_backbone": 0,
        "n_clashing.ligand_clashes": 0,
        "n_clashing.ligand_min_distance": 3.1279983520507812,
        "non_loop_fraction": 0.6147540983606558,
        "loop_fraction": 0.38524590163934425,
        "helix_fraction": 0.4972677595628415,
        "sheet_fraction": 0.11748633879781421,
        "num_ss_elements": 19,
        "radius_of_gyration": 18.28665109878174,
        "alanine_content": 0.3005464480874317,
        "glycine_content": 0.07923497267759563,
        "num_residues": 366,
        "diffused_com": [
            -1.867438793182373,
            -3.0804169178009033,
            0.0058196792379021645
        ],
        "fixed_com": [
            -0.00014467592700384557,
            0.0006872106459923089,
            0.0004433525900822133
        ]
    },
    "specification": {
        "input": "/home/iska/amelie-ai/ThermoGFN/data/rfd3/ccd_ligands/structures/A1F.cif",
        "length": "20-400",
        "ligand": "A1F",
        "extra": {
            "example": "ligand_567_ccd_a1f",
            "task_name": "spec_ligand_567_ccd_a1f_ligand_567_ccd_a1f",
            "sampled_contig": "366",
            "num_tokens_in": 367,
            "num_residues_in": 367,
            "num_chains": 2,
            "num_atoms": 1857,
            "num_residues": 369,
            "example_id": "spec_ligand_567_ccd_a1f_ligand_567_ccd_a1f_2"
        },
        "select_fixed_atoms": {
            "A1F": "ALL"
        },
        "select_unfixed_sequence": false
    },
    "ckpt_path": "/home/iska/amelie-ai/ThermoGFN/weights/rfd3_latest.ckpt",
    "seed": null
}