{
    "diffused_index_map": {},
    "metrics": {
        "max_ca_deviation": 0.8397009372711182,
        "n_chainbreaks": 1,
        "n_clashing.interresidue_clashes_w_sidechain": 0,
        "n_clashing.interresidue_clashes_w_backbone": 0,
        "n_clashing.ligand_clashes": 0,
        "n_clashing.ligand_min_distance": 3.25553035736084,
        "non_loop_fraction": 0.6378600823045267,
        "loop_fraction": 0.36213991769547327,
        "helix_fraction": 0.4732510288065844,
        "sheet_fraction": 0.1646090534979424,
        "num_ss_elements": 15,
        "radius_of_gyration": 16.121316085942105,
        "alanine_content": 0.3168724279835391,
        "glycine_content": 0.07818930041152264,
        "num_residues": 243,
        "diffused_com": [
            1.5209777355194092,
            -3.4340009689331055,
            1.5307987928390503
        ],
        "fixed_com": [
            -0.0007595486240461469,
            0.00018988715601153672,
            0.00030157301807776093
        ]
    },
    "specification": {
        "input": "/home/iska/amelie-ai/ThermoGFN/data/rfd3/ccd_ligands/structures/P4H.cif",
        "length": "20-400",
        "ligand": "P4H",
        "extra": {
            "example": "ligand_190_ccd_p4h",
            "task_name": "spec_ligand_190_ccd_p4h_ligand_190_ccd_p4h",
            "sampled_contig": "243",
            "num_tokens_in": 244,
            "num_residues_in": 244,
            "num_chains": 2,
            "num_atoms": 1233,
            "num_residues": 246,
            "example_id": "spec_ligand_190_ccd_p4h_ligand_190_ccd_p4h_0"
        },
        "select_fixed_atoms": {
            "P4H": "ALL"
        },
        "select_unfixed_sequence": false
    },
    "ckpt_path": "/home/iska/amelie-ai/ThermoGFN/weights/rfd3_latest.ckpt",
    "seed": null
}