{
    "diffused_index_map": {},
    "metrics": {
        "max_ca_deviation": 0.06350350379943848,
        "n_chainbreaks": 0,
        "n_clashing.interresidue_clashes_w_sidechain": 0,
        "n_clashing.interresidue_clashes_w_backbone": 0,
        "n_clashing.ligand_clashes": 0,
        "n_clashing.ligand_min_distance": 4.3439202308654785,
        "non_loop_fraction": 0.6543624161073825,
        "loop_fraction": 0.34563758389261745,
        "helix_fraction": 0.45302013422818793,
        "sheet_fraction": 0.20134228187919462,
        "num_ss_elements": 20,
        "radius_of_gyration": 17.334152231778482,
        "alanine_content": 0.35906040268456374,
        "glycine_content": 0.05704697986577181,
        "num_residues": 298,
        "diffused_com": [
            3.1923434734344482,
            -0.10333254933357239,
            1.1328481435775757
        ],
        "fixed_com": [
            -0.0007595486240461469,
            0.00018988715601153672,
            0.00030157301807776093
        ]
    },
    "specification": {
        "input": "/home/iska/amelie-ai/ThermoGFN/data/rfd3/ccd_ligands/structures/P4H.cif",
        "length": "20-400",
        "ligand": "P4H",
        "extra": {
            "example": "ligand_190_ccd_p4h",
            "task_name": "spec_ligand_190_ccd_p4h_ligand_190_ccd_p4h",
            "sampled_contig": "298",
            "num_tokens_in": 299,
            "num_residues_in": 299,
            "num_chains": 2,
            "num_atoms": 1508,
            "num_residues": 301,
            "example_id": "spec_ligand_190_ccd_p4h_ligand_190_ccd_p4h_2"
        },
        "select_fixed_atoms": {
            "P4H": "ALL"
        },
        "select_unfixed_sequence": false
    },
    "ckpt_path": "/home/iska/amelie-ai/ThermoGFN/weights/rfd3_latest.ckpt",
    "seed": null
}