{
    "diffused_index_map": {},
    "metrics": {
        "max_ca_deviation": 0.7360799312591553,
        "n_chainbreaks": 0,
        "n_clashing.interresidue_clashes_w_sidechain": 1,
        "n_clashing.interresidue_clashes_w_backbone": 0,
        "n_clashing.ligand_clashes": 0,
        "n_clashing.ligand_min_distance": 2.721158266067505,
        "non_loop_fraction": 0.5520833333333333,
        "loop_fraction": 0.4479166666666667,
        "helix_fraction": 0.3923611111111111,
        "sheet_fraction": 0.1597222222222222,
        "num_ss_elements": 17,
        "radius_of_gyration": 18.80717467907724,
        "alanine_content": 0.17708333333333334,
        "glycine_content": 0.05555555555555555,
        "num_residues": 288,
        "diffused_com": [
            -3.5168094635009766,
            -3.4061636924743652,
            -5.3500189781188965
        ],
        "fixed_com": [
            0.0015747069846838713,
            -0.0004394531133584678,
            0.0003845214960165322
        ]
    },
    "specification": {
        "input": "/home/iska/amelie-ai/ThermoGFN/data/rfd3/ccd_ligands/structures/A1A0K.cif",
        "length": "20-400",
        "ligand": "A1A0K",
        "extra": {
            "example": "ligand_269_ccd_a1a0k",
            "task_name": "spec_ligand_269_ccd_a1a0k_ligand_269_ccd_a1a0k",
            "sampled_contig": "288",
            "num_tokens_in": 289,
            "num_residues_in": 289,
            "num_chains": 2,
            "num_atoms": 1460,
            "num_residues": 291,
            "example_id": "spec_ligand_269_ccd_a1a0k_ligand_269_ccd_a1a0k_2"
        },
        "select_fixed_atoms": {
            "A1A0K": "ALL"
        },
        "select_unfixed_sequence": false
    },
    "ckpt_path": "/home/iska/amelie-ai/ThermoGFN/weights/rfd3_latest.ckpt",
    "seed": null
}