{
    "diffused_index_map": {},
    "metrics": {
        "max_ca_deviation": 0.04794144630432129,
        "n_chainbreaks": 0,
        "n_clashing.interresidue_clashes_w_sidechain": 0,
        "n_clashing.interresidue_clashes_w_backbone": 0,
        "n_clashing.ligand_clashes": 0,
        "n_clashing.ligand_min_distance": 4.004230499267578,
        "non_loop_fraction": 0.5266272189349113,
        "loop_fraction": 0.47337278106508873,
        "helix_fraction": 0.20710059171597633,
        "sheet_fraction": 0.31952662721893493,
        "num_ss_elements": 12,
        "radius_of_gyration": 14.518463648130922,
        "alanine_content": 0.24260355029585798,
        "glycine_content": 0.05325443786982249,
        "num_residues": 169,
        "diffused_com": [
            3.282179832458496,
            0.723452091217041,
            -2.0434277057647705
        ],
        "fixed_com": [
            0.0015747069846838713,
            -0.0004394531133584678,
            0.0003845214960165322
        ]
    },
    "specification": {
        "input": "/home/iska/amelie-ai/ThermoGFN/data/rfd3/ccd_ligands/structures/A1A0K.cif",
        "length": "20-400",
        "ligand": "A1A0K",
        "extra": {
            "example": "ligand_269_ccd_a1a0k",
            "task_name": "spec_ligand_269_ccd_a1a0k_ligand_269_ccd_a1a0k",
            "sampled_contig": "169",
            "num_tokens_in": 170,
            "num_residues_in": 170,
            "num_chains": 2,
            "num_atoms": 865,
            "num_residues": 172,
            "example_id": "spec_ligand_269_ccd_a1a0k_ligand_269_ccd_a1a0k_1"
        },
        "select_fixed_atoms": {
            "A1A0K": "ALL"
        },
        "select_unfixed_sequence": false
    },
    "ckpt_path": "/home/iska/amelie-ai/ThermoGFN/weights/rfd3_latest.ckpt",
    "seed": null
}