{
    "diffused_index_map": {},
    "metrics": {
        "max_ca_deviation": 0.05298590660095215,
        "n_chainbreaks": 0,
        "n_clashing.interresidue_clashes_w_sidechain": 0,
        "n_clashing.interresidue_clashes_w_backbone": 0,
        "n_clashing.ligand_clashes": 0,
        "n_clashing.ligand_min_distance": 3.737006664276123,
        "non_loop_fraction": 0.8425925925925926,
        "loop_fraction": 0.1574074074074074,
        "helix_fraction": 0.8425925925925926,
        "sheet_fraction": 0.0,
        "num_ss_elements": 6,
        "radius_of_gyration": 12.723720790195067,
        "alanine_content": 0.24074074074074073,
        "glycine_content": 0.018518518518518517,
        "num_residues": 108,
        "diffused_com": [
            -0.09611088782548904,
            0.6940856575965881,
            0.8744754791259766
        ],
        "fixed_com": [
            0.0011962890857830644,
            0.0005371093866415322,
            -0.0004150390741415322
        ]
    },
    "specification": {
        "input": "/home/iska/amelie-ai/ThermoGFN/data/rfd3/ccd_ligands/structures/283.cif",
        "length": "20-400",
        "ligand": "283",
        "extra": {
            "example": "ligand_362_ccd_283",
            "task_name": "spec_ligand_362_ccd_283_ligand_362_ccd_283",
            "sampled_contig": "108",
            "num_tokens_in": 109,
            "num_residues_in": 109,
            "num_chains": 2,
            "num_atoms": 560,
            "num_residues": 111,
            "example_id": "spec_ligand_362_ccd_283_ligand_362_ccd_283_2"
        },
        "select_fixed_atoms": {
            "283": "ALL"
        },
        "select_unfixed_sequence": false
    },
    "ckpt_path": "/home/iska/amelie-ai/ThermoGFN/weights/rfd3_latest.ckpt",
    "seed": null
}