{
    "diffused_index_map": {},
    "metrics": {
        "max_ca_deviation": 0.051998138427734375,
        "n_chainbreaks": 0,
        "n_clashing.interresidue_clashes_w_sidechain": 0,
        "n_clashing.interresidue_clashes_w_backbone": 0,
        "n_clashing.ligand_clashes": 0,
        "n_clashing.ligand_min_distance": 3.145348072052002,
        "non_loop_fraction": 0.8115942028985508,
        "loop_fraction": 0.18840579710144928,
        "helix_fraction": 0.8115942028985508,
        "sheet_fraction": 0.0,
        "num_ss_elements": 4,
        "radius_of_gyration": 11.84833898208834,
        "alanine_content": 0.4057971014492754,
        "glycine_content": 0.057971014492753624,
        "num_residues": 69,
        "diffused_com": [
            1.182202935218811,
            3.699540615081787,
            -0.3683431148529053
        ],
        "fixed_com": [
            0.0011962890857830644,
            0.0005371093866415322,
            -0.0004150390741415322
        ]
    },
    "specification": {
        "input": "/home/iska/amelie-ai/ThermoGFN/data/rfd3/ccd_ligands/structures/283.cif",
        "length": "20-400",
        "ligand": "283",
        "extra": {
            "example": "ligand_362_ccd_283",
            "task_name": "spec_ligand_362_ccd_283_ligand_362_ccd_283",
            "sampled_contig": "69",
            "num_tokens_in": 70,
            "num_residues_in": 70,
            "num_chains": 2,
            "num_atoms": 365,
            "num_residues": 72,
            "example_id": "spec_ligand_362_ccd_283_ligand_362_ccd_283_0"
        },
        "select_fixed_atoms": {
            "283": "ALL"
        },
        "select_unfixed_sequence": false
    },
    "ckpt_path": "/home/iska/amelie-ai/ThermoGFN/weights/rfd3_latest.ckpt",
    "seed": null
}