{
    "diffused_index_map": {},
    "metrics": {
        "max_ca_deviation": 0.07010602951049805,
        "n_chainbreaks": 0,
        "n_clashing.interresidue_clashes_w_sidechain": 0,
        "n_clashing.interresidue_clashes_w_backbone": 0,
        "n_clashing.ligand_clashes": 0,
        "n_clashing.ligand_min_distance": 2.4513731002807617,
        "non_loop_fraction": 0.5440414507772021,
        "loop_fraction": 0.45595854922279794,
        "helix_fraction": 0.0,
        "sheet_fraction": 0.5440414507772021,
        "num_ss_elements": 15,
        "radius_of_gyration": 15.403832418982603,
        "alanine_content": 0.16580310880829016,
        "glycine_content": 0.06735751295336788,
        "num_residues": 193,
        "diffused_com": [
            -1.9027416706085205,
            -1.3854897022247314,
            2.148223638534546
        ],
        "fixed_com": [
            0.0011962890857830644,
            0.0005371093866415322,
            -0.0004150390741415322
        ]
    },
    "specification": {
        "input": "/home/iska/amelie-ai/ThermoGFN/data/rfd3/ccd_ligands/structures/283.cif",
        "length": "20-400",
        "ligand": "283",
        "extra": {
            "example": "ligand_362_ccd_283",
            "task_name": "spec_ligand_362_ccd_283_ligand_362_ccd_283",
            "sampled_contig": "193",
            "num_tokens_in": 194,
            "num_residues_in": 194,
            "num_chains": 2,
            "num_atoms": 985,
            "num_residues": 196,
            "example_id": "spec_ligand_362_ccd_283_ligand_362_ccd_283_1"
        },
        "select_fixed_atoms": {
            "283": "ALL"
        },
        "select_unfixed_sequence": false
    },
    "ckpt_path": "/home/iska/amelie-ai/ThermoGFN/weights/rfd3_latest.ckpt",
    "seed": null
}