{
    "diffused_index_map": {},
    "metrics": {
        "max_ca_deviation": 0.07617735862731934,
        "n_chainbreaks": 0,
        "n_clashing.interresidue_clashes_w_sidechain": 0,
        "n_clashing.interresidue_clashes_w_backbone": 0,
        "n_clashing.ligand_clashes": 0,
        "n_clashing.ligand_min_distance": 2.7143447399139404,
        "non_loop_fraction": 0.6386138613861386,
        "loop_fraction": 0.3613861386138614,
        "helix_fraction": 0.41089108910891087,
        "sheet_fraction": 0.22772277227722773,
        "num_ss_elements": 16,
        "radius_of_gyration": 14.82633971453216,
        "alanine_content": 0.42574257425742573,
        "glycine_content": 0.07425742574257425,
        "num_residues": 202,
        "diffused_com": [
            3.8183255195617676,
            -4.343042850494385,
            -0.10714366286993027
        ],
        "fixed_com": [
            -0.002216045744717121,
            0.0004178560629952699,
            -0.00025705189909785986
        ]
    },
    "specification": {
        "input": "/home/iska/amelie-ai/ThermoGFN/data/rfd3/ccd_ligands/structures/N87.cif",
        "length": "20-400",
        "ligand": "N87",
        "extra": {
            "example": "ligand_480_ccd_n87",
            "task_name": "spec_ligand_480_ccd_n87_ligand_480_ccd_n87",
            "sampled_contig": "202",
            "num_tokens_in": 203,
            "num_residues_in": 203,
            "num_chains": 2,
            "num_atoms": 1036,
            "num_residues": 205,
            "example_id": "spec_ligand_480_ccd_n87_ligand_480_ccd_n87_1"
        },
        "select_fixed_atoms": {
            "N87": "ALL"
        },
        "select_unfixed_sequence": false
    },
    "ckpt_path": "/home/iska/amelie-ai/ThermoGFN/weights/rfd3_latest.ckpt",
    "seed": null
}