{
    "diffused_index_map": {},
    "metrics": {
        "max_ca_deviation": 0.9609754085540771,
        "n_chainbreaks": 1,
        "n_clashing.interresidue_clashes_w_sidechain": 0,
        "n_clashing.interresidue_clashes_w_backbone": 0,
        "n_clashing.ligand_clashes": 0,
        "n_clashing.ligand_min_distance": 3.185258150100708,
        "non_loop_fraction": 0.5942028985507246,
        "loop_fraction": 0.4057971014492754,
        "helix_fraction": 0.45507246376811594,
        "sheet_fraction": 0.1391304347826087,
        "num_ss_elements": 19,
        "radius_of_gyration": 18.087466666363802,
        "alanine_content": 0.3072463768115942,
        "glycine_content": 0.0463768115942029,
        "num_residues": 345,
        "diffused_com": [
            -0.8545142412185669,
            4.166579723358154,
            2.1364128589630127
        ],
        "fixed_com": [
            -0.002216045744717121,
            0.0004178560629952699,
            -0.00025705189909785986
        ]
    },
    "specification": {
        "input": "/home/iska/amelie-ai/ThermoGFN/data/rfd3/ccd_ligands/structures/N87.cif",
        "length": "20-400",
        "ligand": "N87",
        "extra": {
            "example": "ligand_480_ccd_n87",
            "task_name": "spec_ligand_480_ccd_n87_ligand_480_ccd_n87",
            "sampled_contig": "345",
            "num_tokens_in": 346,
            "num_residues_in": 346,
            "num_chains": 2,
            "num_atoms": 1751,
            "num_residues": 348,
            "example_id": "spec_ligand_480_ccd_n87_ligand_480_ccd_n87_0"
        },
        "select_fixed_atoms": {
            "N87": "ALL"
        },
        "select_unfixed_sequence": false
    },
    "ckpt_path": "/home/iska/amelie-ai/ThermoGFN/weights/rfd3_latest.ckpt",
    "seed": null
}