{
    "diffused_index_map": {},
    "metrics": {
        "max_ca_deviation": 0.0809485912322998,
        "n_chainbreaks": 0,
        "n_clashing.interresidue_clashes_w_sidechain": 0,
        "n_clashing.interresidue_clashes_w_backbone": 0,
        "n_clashing.ligand_clashes": 0,
        "n_clashing.ligand_min_distance": 3.5113418102264404,
        "non_loop_fraction": 0.6114457831325302,
        "loop_fraction": 0.3885542168674699,
        "helix_fraction": 0.43373493975903615,
        "sheet_fraction": 0.17771084337349397,
        "num_ss_elements": 19,
        "radius_of_gyration": 18.781414809470732,
        "alanine_content": 0.2680722891566265,
        "glycine_content": 0.05120481927710843,
        "num_residues": 332,
        "diffused_com": [
            2.1353354454040527,
            1.1222962141036987,
            -1.3855036497116089
        ],
        "fixed_com": [
            -0.0012119838502258062,
            0.0009242466767318547,
            0.00034005302586592734
        ]
    },
    "specification": {
        "input": "/home/iska/amelie-ai/ThermoGFN/data/rfd3/ccd_ligands/structures/1H5.cif",
        "length": "20-400",
        "ligand": "1H5",
        "extra": {
            "example": "ligand_562_ccd_1h5",
            "task_name": "spec_ligand_562_ccd_1h5_ligand_562_ccd_1h5",
            "sampled_contig": "332",
            "num_tokens_in": 333,
            "num_residues_in": 333,
            "num_chains": 2,
            "num_atoms": 1688,
            "num_residues": 335,
            "example_id": "spec_ligand_562_ccd_1h5_ligand_562_ccd_1h5_0"
        },
        "select_fixed_atoms": {
            "1H5": "ALL"
        },
        "select_unfixed_sequence": false
    },
    "ckpt_path": "/home/iska/amelie-ai/ThermoGFN/weights/rfd3_latest.ckpt",
    "seed": null
}