{
    "diffused_index_map": {},
    "metrics": {
        "max_ca_deviation": 0.9067940711975098,
        "n_chainbreaks": 1,
        "n_clashing.interresidue_clashes_w_sidechain": 0,
        "n_clashing.interresidue_clashes_w_backbone": 0,
        "n_clashing.ligand_clashes": 0,
        "n_clashing.ligand_min_distance": 3.1200616359710693,
        "non_loop_fraction": 0.5989010989010989,
        "loop_fraction": 0.4010989010989011,
        "helix_fraction": 0.43956043956043955,
        "sheet_fraction": 0.15934065934065933,
        "num_ss_elements": 12,
        "radius_of_gyration": 14.807929539361814,
        "alanine_content": 0.2802197802197802,
        "glycine_content": 0.054945054945054944,
        "num_residues": 182,
        "diffused_com": [
            -3.074206590652466,
            -0.31592467427253723,
            -0.8417772650718689
        ],
        "fixed_com": [
            0.0011742000933736563,
            -1.743861685099546e-05,
            0.00024632044369354844
        ]
    },
    "specification": {
        "input": "/home/iska/amelie-ai/ThermoGFN/data/rfd3/ccd_ligands/structures/A1B1B.cif",
        "length": "20-400",
        "ligand": "A1B1B",
        "extra": {
            "example": "ligand_359_ccd_a1b1b",
            "task_name": "spec_ligand_359_ccd_a1b1b_ligand_359_ccd_a1b1b",
            "sampled_contig": "182",
            "num_tokens_in": 183,
            "num_residues_in": 183,
            "num_chains": 2,
            "num_atoms": 931,
            "num_residues": 185,
            "example_id": "spec_ligand_359_ccd_a1b1b_ligand_359_ccd_a1b1b_1"
        },
        "select_fixed_atoms": {
            "A1B1B": "ALL"
        },
        "select_unfixed_sequence": false
    },
    "ckpt_path": "/home/iska/amelie-ai/ThermoGFN/weights/rfd3_latest.ckpt",
    "seed": null
}