{
    "diffused_index_map": {},
    "metrics": {
        "max_ca_deviation": 0.1155097484588623,
        "n_chainbreaks": 0,
        "n_clashing.interresidue_clashes_w_sidechain": 1,
        "n_clashing.interresidue_clashes_w_backbone": 0,
        "n_clashing.ligand_clashes": 0,
        "n_clashing.ligand_min_distance": 3.632143974304199,
        "non_loop_fraction": 0.7042606516290727,
        "loop_fraction": 0.2957393483709273,
        "helix_fraction": 0.6240601503759399,
        "sheet_fraction": 0.08020050125313283,
        "num_ss_elements": 20,
        "radius_of_gyration": 20.066573801582685,
        "alanine_content": 0.16791979949874686,
        "glycine_content": 0.02506265664160401,
        "num_residues": 399,
        "diffused_com": [
            2.4974122047424316,
            -4.950443744659424,
            4.160775661468506
        ],
        "fixed_com": [
            -0.0012019231216982007,
            -0.0002629206865094602,
            0.00024648813996464014
        ]
    },
    "specification": {
        "input": "/home/iska/amelie-ai/ThermoGFN/data/rfd3/ccd_ligands/structures/G9L.cif",
        "length": "20-400",
        "ligand": "G9L",
        "extra": {
            "example": "ligand_484_ccd_g9l",
            "task_name": "spec_ligand_484_ccd_g9l_ligand_484_ccd_g9l",
            "sampled_contig": "399",
            "num_tokens_in": 400,
            "num_residues_in": 400,
            "num_chains": 2,
            "num_atoms": 2021,
            "num_residues": 402,
            "example_id": "spec_ligand_484_ccd_g9l_ligand_484_ccd_g9l_1"
        },
        "select_fixed_atoms": {
            "G9L": "ALL"
        },
        "select_unfixed_sequence": false
    },
    "ckpt_path": "/home/iska/amelie-ai/ThermoGFN/weights/rfd3_latest.ckpt",
    "seed": null
}