{
    "diffused_index_map": {},
    "metrics": {
        "max_ca_deviation": 0.09335088729858398,
        "n_chainbreaks": 0,
        "n_clashing.interresidue_clashes_w_sidechain": 0,
        "n_clashing.interresidue_clashes_w_backbone": 0,
        "n_clashing.ligand_clashes": 0,
        "n_clashing.ligand_min_distance": 2.495837450027466,
        "non_loop_fraction": 0.5279720279720279,
        "loop_fraction": 0.47202797202797203,
        "helix_fraction": 0.36363636363636365,
        "sheet_fraction": 0.16433566433566432,
        "num_ss_elements": 17,
        "radius_of_gyration": 19.224934291558778,
        "alanine_content": 0.0944055944055944,
        "glycine_content": 0.04895104895104895,
        "num_residues": 286,
        "diffused_com": [
            -0.42040643095970154,
            5.929373741149902,
            -4.925076961517334
        ],
        "fixed_com": [
            -0.0012019231216982007,
            -0.0002629206865094602,
            0.00024648813996464014
        ]
    },
    "specification": {
        "input": "/home/iska/amelie-ai/ThermoGFN/data/rfd3/ccd_ligands/structures/G9L.cif",
        "length": "20-400",
        "ligand": "G9L",
        "extra": {
            "example": "ligand_484_ccd_g9l",
            "task_name": "spec_ligand_484_ccd_g9l_ligand_484_ccd_g9l",
            "sampled_contig": "286",
            "num_tokens_in": 287,
            "num_residues_in": 287,
            "num_chains": 2,
            "num_atoms": 1456,
            "num_residues": 289,
            "example_id": "spec_ligand_484_ccd_g9l_ligand_484_ccd_g9l_0"
        },
        "select_fixed_atoms": {
            "G9L": "ALL"
        },
        "select_unfixed_sequence": false
    },
    "ckpt_path": "/home/iska/amelie-ai/ThermoGFN/weights/rfd3_latest.ckpt",
    "seed": null
}