{
    "diffused_index_map": {},
    "metrics": {
        "max_ca_deviation": 0.07755804061889648,
        "n_chainbreaks": 0,
        "n_clashing.interresidue_clashes_w_sidechain": 0,
        "n_clashing.interresidue_clashes_w_backbone": 0,
        "n_clashing.ligand_clashes": 0,
        "n_clashing.ligand_min_distance": 3.0288026332855225,
        "non_loop_fraction": 0.7463126843657818,
        "loop_fraction": 0.2536873156342183,
        "helix_fraction": 0.7197640117994101,
        "sheet_fraction": 0.02654867256637168,
        "num_ss_elements": 16,
        "radius_of_gyration": 17.885132078212994,
        "alanine_content": 0.30383480825958703,
        "glycine_content": 0.05309734513274336,
        "num_residues": 339,
        "diffused_com": [
            -1.275983214378357,
            1.7669953107833862,
            -1.6325644254684448
        ],
        "fixed_com": [
            -0.0012019231216982007,
            -0.0002629206865094602,
            0.00024648813996464014
        ]
    },
    "specification": {
        "input": "/home/iska/amelie-ai/ThermoGFN/data/rfd3/ccd_ligands/structures/G9L.cif",
        "length": "20-400",
        "ligand": "G9L",
        "extra": {
            "example": "ligand_484_ccd_g9l",
            "task_name": "spec_ligand_484_ccd_g9l_ligand_484_ccd_g9l",
            "sampled_contig": "339",
            "num_tokens_in": 340,
            "num_residues_in": 340,
            "num_chains": 2,
            "num_atoms": 1721,
            "num_residues": 342,
            "example_id": "spec_ligand_484_ccd_g9l_ligand_484_ccd_g9l_2"
        },
        "select_fixed_atoms": {
            "G9L": "ALL"
        },
        "select_unfixed_sequence": false
    },
    "ckpt_path": "/home/iska/amelie-ai/ThermoGFN/weights/rfd3_latest.ckpt",
    "seed": null
}