{
    "diffused_index_map": {},
    "metrics": {
        "max_ca_deviation": 0.0968930721282959,
        "n_chainbreaks": 0,
        "n_clashing.interresidue_clashes_w_sidechain": 0,
        "n_clashing.interresidue_clashes_w_backbone": 0,
        "n_clashing.ligand_clashes": 0,
        "n_clashing.ligand_min_distance": 3.2752814292907715,
        "non_loop_fraction": 0.4244372990353698,
        "loop_fraction": 0.5755627009646302,
        "helix_fraction": 0.27009646302250806,
        "sheet_fraction": 0.15434083601286175,
        "num_ss_elements": 15,
        "radius_of_gyration": 18.8525696614417,
        "alanine_content": 0.2090032154340836,
        "glycine_content": 0.05466237942122187,
        "num_residues": 311,
        "diffused_com": [
            0.18622103333473206,
            -2.0109634399414062,
            -2.769932508468628
        ],
        "fixed_com": [
            0.0015933387912809849,
            0.0002698396274354309,
            -0.00010922080400632694
        ]
    },
    "specification": {
        "input": "/home/iska/amelie-ai/ThermoGFN/data/rfd3/ccd_ligands/structures/23M.cif",
        "length": "20-400",
        "ligand": "23M",
        "extra": {
            "example": "ligand_203_ccd_23m",
            "task_name": "spec_ligand_203_ccd_23m_ligand_203_ccd_23m",
            "sampled_contig": "311",
            "num_tokens_in": 312,
            "num_residues_in": 312,
            "num_chains": 2,
            "num_atoms": 1574,
            "num_residues": 314,
            "example_id": "spec_ligand_203_ccd_23m_ligand_203_ccd_23m_2"
        },
        "select_fixed_atoms": {
            "23M": "ALL"
        },
        "select_unfixed_sequence": false
    },
    "ckpt_path": "/home/iska/amelie-ai/ThermoGFN/weights/rfd3_latest.ckpt",
    "seed": null
}