{
    "diffused_index_map": {},
    "metrics": {
        "max_ca_deviation": 0.06328773498535156,
        "n_chainbreaks": 0,
        "n_clashing.interresidue_clashes_w_sidechain": 0,
        "n_clashing.interresidue_clashes_w_backbone": 0,
        "n_clashing.ligand_clashes": 0,
        "n_clashing.ligand_min_distance": 3.1029133796691895,
        "non_loop_fraction": 0.7159090909090909,
        "loop_fraction": 0.2840909090909091,
        "helix_fraction": 0.5056818181818182,
        "sheet_fraction": 0.21022727272727273,
        "num_ss_elements": 12,
        "radius_of_gyration": 15.203256008292731,
        "alanine_content": 0.26704545454545453,
        "glycine_content": 0.011363636363636364,
        "num_residues": 176,
        "diffused_com": [
            -0.9377248287200928,
            2.178896903991699,
            -0.021090496331453323
        ],
        "fixed_com": [
            -0.00010850694525288418,
            4.521122536971234e-05,
            -1.6954210195763153e-06
        ]
    },
    "specification": {
        "input": "/home/iska/amelie-ai/ThermoGFN/data/rfd3/ccd_ligands/structures/S93.cif",
        "length": "20-400",
        "ligand": "S93",
        "extra": {
            "example": "ligand_577_ccd_s93",
            "task_name": "spec_ligand_577_ccd_s93_ligand_577_ccd_s93",
            "sampled_contig": "176",
            "num_tokens_in": 177,
            "num_residues_in": 177,
            "num_chains": 2,
            "num_atoms": 907,
            "num_residues": 179,
            "example_id": "spec_ligand_577_ccd_s93_ligand_577_ccd_s93_0"
        },
        "select_fixed_atoms": {
            "S93": "ALL"
        },
        "select_unfixed_sequence": false
    },
    "ckpt_path": "/home/iska/amelie-ai/ThermoGFN/weights/rfd3_latest.ckpt",
    "seed": null
}