{
    "diffused_index_map": {},
    "metrics": {
        "max_ca_deviation": 0.07598257064819336,
        "n_chainbreaks": 0,
        "n_clashing.interresidue_clashes_w_sidechain": 0,
        "n_clashing.interresidue_clashes_w_backbone": 0,
        "n_clashing.ligand_clashes": 0,
        "n_clashing.ligand_min_distance": 3.287044048309326,
        "non_loop_fraction": 0.607843137254902,
        "loop_fraction": 0.39215686274509803,
        "helix_fraction": 0.49673202614379086,
        "sheet_fraction": 0.1111111111111111,
        "num_ss_elements": 10,
        "radius_of_gyration": 14.073361511388446,
        "alanine_content": 0.2549019607843137,
        "glycine_content": 0.032679738562091505,
        "num_residues": 153,
        "diffused_com": [
            -1.7121732234954834,
            -0.013626481406390667,
            1.4464032649993896
        ],
        "fixed_com": [
            0.0017755682347342372,
            -0.0008350718999281526,
            0.00016091087309177965
        ]
    },
    "specification": {
        "input": "/home/iska/amelie-ai/ThermoGFN/data/rfd3/ccd_ligands/structures/ED0.cif",
        "length": "20-400",
        "ligand": "ED0",
        "extra": {
            "example": "ligand_339_ccd_ed0",
            "task_name": "spec_ligand_339_ccd_ed0_ligand_339_ccd_ed0",
            "sampled_contig": "153",
            "num_tokens_in": 154,
            "num_residues_in": 154,
            "num_chains": 2,
            "num_atoms": 787,
            "num_residues": 156,
            "example_id": "spec_ligand_339_ccd_ed0_ligand_339_ccd_ed0_2"
        },
        "select_fixed_atoms": {
            "ED0": "ALL"
        },
        "select_unfixed_sequence": false
    },
    "ckpt_path": "/home/iska/amelie-ai/ThermoGFN/weights/rfd3_latest.ckpt",
    "seed": null
}