{
    "diffused_index_map": {},
    "metrics": {
        "max_ca_deviation": 0.9410381317138672,
        "n_chainbreaks": 1,
        "n_clashing.interresidue_clashes_w_sidechain": 0,
        "n_clashing.interresidue_clashes_w_backbone": 0,
        "n_clashing.ligand_clashes": 0,
        "n_clashing.ligand_min_distance": 3.074416399002075,
        "non_loop_fraction": 0.6829268292682926,
        "loop_fraction": 0.3170731707317073,
        "helix_fraction": 0.47560975609756095,
        "sheet_fraction": 0.2073170731707317,
        "num_ss_elements": 15,
        "radius_of_gyration": 16.62310976101626,
        "alanine_content": 0.3130081300813008,
        "glycine_content": 0.04878048780487805,
        "num_residues": 246,
        "diffused_com": [
            -1.3067079782485962,
            0.3801678419113159,
            1.1007916927337646
        ],
        "fixed_com": [
            0.0010775862028822303,
            0.00029465247644111514,
            0.000475653272587806
        ]
    },
    "specification": {
        "input": "/home/iska/amelie-ai/ThermoGFN/data/rfd3/ccd_ligands/structures/18G.cif",
        "length": "20-400",
        "ligand": "18G",
        "extra": {
            "example": "ligand_561_ccd_18g",
            "task_name": "spec_ligand_561_ccd_18g_ligand_561_ccd_18g",
            "sampled_contig": "246",
            "num_tokens_in": 247,
            "num_residues_in": 247,
            "num_chains": 2,
            "num_atoms": 1259,
            "num_residues": 249,
            "example_id": "spec_ligand_561_ccd_18g_ligand_561_ccd_18g_0"
        },
        "select_fixed_atoms": {
            "18G": "ALL"
        },
        "select_unfixed_sequence": false
    },
    "ckpt_path": "/home/iska/amelie-ai/ThermoGFN/weights/rfd3_latest.ckpt",
    "seed": null
}