{
    "diffused_index_map": {},
    "metrics": {
        "max_ca_deviation": 0.07291054725646973,
        "n_chainbreaks": 0,
        "n_clashing.interresidue_clashes_w_sidechain": 1,
        "n_clashing.interresidue_clashes_w_backbone": 0,
        "n_clashing.ligand_clashes": 0,
        "n_clashing.ligand_min_distance": 3.0448431968688965,
        "non_loop_fraction": 0.6232394366197183,
        "loop_fraction": 0.3767605633802817,
        "helix_fraction": 0.4788732394366197,
        "sheet_fraction": 0.1443661971830986,
        "num_ss_elements": 15,
        "radius_of_gyration": 17.1641338480822,
        "alanine_content": 0.3274647887323944,
        "glycine_content": 0.07394366197183098,
        "num_residues": 284,
        "diffused_com": [
            -1.5321019887924194,
            -0.09609440714120865,
            -0.297092080116272
        ],
        "fixed_com": [
            0.0010775862028822303,
            0.00029465247644111514,
            0.000475653272587806
        ]
    },
    "specification": {
        "input": "/home/iska/amelie-ai/ThermoGFN/data/rfd3/ccd_ligands/structures/18G.cif",
        "length": "20-400",
        "ligand": "18G",
        "extra": {
            "example": "ligand_561_ccd_18g",
            "task_name": "spec_ligand_561_ccd_18g_ligand_561_ccd_18g",
            "sampled_contig": "284",
            "num_tokens_in": 285,
            "num_residues_in": 285,
            "num_chains": 2,
            "num_atoms": 1449,
            "num_residues": 287,
            "example_id": "spec_ligand_561_ccd_18g_ligand_561_ccd_18g_2"
        },
        "select_fixed_atoms": {
            "18G": "ALL"
        },
        "select_unfixed_sequence": false
    },
    "ckpt_path": "/home/iska/amelie-ai/ThermoGFN/weights/rfd3_latest.ckpt",
    "seed": null
}