{
    "diffused_index_map": {},
    "metrics": {
        "max_ca_deviation": 0.07796835899353027,
        "n_chainbreaks": 0,
        "n_clashing.interresidue_clashes_w_sidechain": 0,
        "n_clashing.interresidue_clashes_w_backbone": 0,
        "n_clashing.ligand_clashes": 0,
        "n_clashing.ligand_min_distance": 2.740055799484253,
        "non_loop_fraction": 0.6832061068702291,
        "loop_fraction": 0.31679389312977096,
        "helix_fraction": 0.48091603053435117,
        "sheet_fraction": 0.20229007633587787,
        "num_ss_elements": 17,
        "radius_of_gyration": 16.349353906561387,
        "alanine_content": 0.33969465648854963,
        "glycine_content": 0.061068702290076333,
        "num_residues": 262,
        "diffused_com": [
            -1.2345106601715088,
            2.4179320335388184,
            -1.4017740488052368
        ],
        "fixed_com": [
            -0.0013671874767169356,
            0.0007812500116415322,
            -0.0006103515625
        ]
    },
    "specification": {
        "input": "/home/iska/amelie-ai/ThermoGFN/data/rfd3/ccd_ligands/structures/F7U.cif",
        "length": "20-400",
        "ligand": "F7U",
        "extra": {
            "example": "ligand_285_ccd_f7u",
            "task_name": "spec_ligand_285_ccd_f7u_ligand_285_ccd_f7u",
            "sampled_contig": "262",
            "num_tokens_in": 263,
            "num_residues_in": 263,
            "num_chains": 2,
            "num_atoms": 1330,
            "num_residues": 265,
            "example_id": "spec_ligand_285_ccd_f7u_ligand_285_ccd_f7u_1"
        },
        "select_fixed_atoms": {
            "F7U": "ALL"
        },
        "select_unfixed_sequence": false
    },
    "ckpt_path": "/home/iska/amelie-ai/ThermoGFN/weights/rfd3_latest.ckpt",
    "seed": null
}