{
    "diffused_index_map": {},
    "metrics": {
        "max_ca_deviation": 0.0456845760345459,
        "n_chainbreaks": 0,
        "n_clashing.interresidue_clashes_w_sidechain": 0,
        "n_clashing.interresidue_clashes_w_backbone": 0,
        "n_clashing.ligand_clashes": 0,
        "n_clashing.ligand_min_distance": 3.2850825786590576,
        "non_loop_fraction": 0.7957746478873239,
        "loop_fraction": 0.20422535211267606,
        "helix_fraction": 0.7676056338028169,
        "sheet_fraction": 0.028169014084507043,
        "num_ss_elements": 8,
        "radius_of_gyration": 13.773878579760215,
        "alanine_content": 0.3732394366197183,
        "glycine_content": 0.035211267605633804,
        "num_residues": 142,
        "diffused_com": [
            1.0348678827285767,
            -0.5506806373596191,
            -0.5916444659233093
        ],
        "fixed_com": [
            -0.0005781385698355734,
            -0.0013563367538154125,
            -0.0006239149370230734
        ]
    },
    "specification": {
        "input": "/home/iska/amelie-ai/ThermoGFN/data/rfd3/ccd_ligands/structures/UQ4.cif",
        "length": "20-400",
        "ligand": "UQ4",
        "extra": {
            "example": "ligand_209_ccd_uq4",
            "task_name": "spec_ligand_209_ccd_uq4_ligand_209_ccd_uq4",
            "sampled_contig": "142",
            "num_tokens_in": 143,
            "num_residues_in": 143,
            "num_chains": 2,
            "num_atoms": 728,
            "num_residues": 145,
            "example_id": "spec_ligand_209_ccd_uq4_ligand_209_ccd_uq4_1"
        },
        "select_fixed_atoms": {
            "UQ4": "ALL"
        },
        "select_unfixed_sequence": false
    },
    "ckpt_path": "/home/iska/amelie-ai/ThermoGFN/weights/rfd3_latest.ckpt",
    "seed": null
}