{
    "diffused_index_map": {},
    "metrics": {
        "max_ca_deviation": 0.05365610122680664,
        "n_chainbreaks": 0,
        "n_clashing.interresidue_clashes_w_sidechain": 0,
        "n_clashing.interresidue_clashes_w_backbone": 0,
        "n_clashing.ligand_clashes": 0,
        "n_clashing.ligand_min_distance": 3.0127391815185547,
        "non_loop_fraction": 0.6140350877192982,
        "loop_fraction": 0.38596491228070173,
        "helix_fraction": 0.2631578947368421,
        "sheet_fraction": 0.3508771929824561,
        "num_ss_elements": 6,
        "radius_of_gyration": 10.313718244564575,
        "alanine_content": 0.24561403508771928,
        "glycine_content": 0.07017543859649122,
        "num_residues": 57,
        "diffused_com": [
            -3.952281951904297,
            0.356733113527298,
            -2.9116060733795166
        ],
        "fixed_com": [
            -0.002312911208719015,
            -0.0003340871771797538,
            -2.333992370040505e-06
        ]
    },
    "specification": {
        "input": "/home/iska/amelie-ai/ThermoGFN/data/rfd3/ccd_ligands/structures/27F.cif",
        "length": "20-400",
        "ligand": "27F",
        "extra": {
            "example": "ligand_191_ccd_27f",
            "task_name": "spec_ligand_191_ccd_27f_ligand_191_ccd_27f",
            "sampled_contig": "57",
            "num_tokens_in": 58,
            "num_residues_in": 58,
            "num_chains": 2,
            "num_atoms": 304,
            "num_residues": 60,
            "example_id": "spec_ligand_191_ccd_27f_ligand_191_ccd_27f_1"
        },
        "select_fixed_atoms": {
            "27F": "ALL"
        },
        "select_unfixed_sequence": false
    },
    "ckpt_path": "/home/iska/amelie-ai/ThermoGFN/weights/rfd3_latest.ckpt",
    "seed": null
}