{
    "diffused_index_map": {},
    "metrics": {
        "max_ca_deviation": 0.08678245544433594,
        "n_chainbreaks": 0,
        "n_clashing.interresidue_clashes_w_sidechain": 0,
        "n_clashing.interresidue_clashes_w_backbone": 0,
        "n_clashing.ligand_clashes": 0,
        "n_clashing.ligand_min_distance": 3.3251397609710693,
        "non_loop_fraction": 0.6735905044510386,
        "loop_fraction": 0.3264094955489614,
        "helix_fraction": 0.5400593471810089,
        "sheet_fraction": 0.13353115727002968,
        "num_ss_elements": 22,
        "radius_of_gyration": 17.70720337732813,
        "alanine_content": 0.4124629080118694,
        "glycine_content": 0.06824925816023739,
        "num_residues": 337,
        "diffused_com": [
            5.073714733123779,
            2.8821489810943604,
            0.7837160229682922
        ],
        "fixed_com": [
            0.0009494357509538531,
            -0.00010850694525288418,
            -8.138021075865254e-05
        ]
    },
    "specification": {
        "input": "/home/iska/amelie-ai/ThermoGFN/data/rfd3/ccd_ligands/structures/8HL.cif",
        "length": "20-400",
        "ligand": "8HL",
        "extra": {
            "example": "ligand_212_ccd_8hl",
            "task_name": "spec_ligand_212_ccd_8hl_ligand_212_ccd_8hl",
            "sampled_contig": "337",
            "num_tokens_in": 338,
            "num_residues_in": 338,
            "num_chains": 2,
            "num_atoms": 1703,
            "num_residues": 340,
            "example_id": "spec_ligand_212_ccd_8hl_ligand_212_ccd_8hl_1"
        },
        "select_fixed_atoms": {
            "8HL": "ALL"
        },
        "select_unfixed_sequence": false
    },
    "ckpt_path": "/home/iska/amelie-ai/ThermoGFN/weights/rfd3_latest.ckpt",
    "seed": null
}