{
    "diffused_index_map": {},
    "metrics": {
        "max_ca_deviation": 0.0572049617767334,
        "n_chainbreaks": 0,
        "n_clashing.interresidue_clashes_w_sidechain": 0,
        "n_clashing.interresidue_clashes_w_backbone": 0,
        "n_clashing.ligand_clashes": 0,
        "n_clashing.ligand_min_distance": 3.6722042560577393,
        "non_loop_fraction": 0.6095238095238096,
        "loop_fraction": 0.3904761904761905,
        "helix_fraction": 0.46190476190476193,
        "sheet_fraction": 0.14761904761904762,
        "num_ss_elements": 15,
        "radius_of_gyration": 15.692374549136003,
        "alanine_content": 0.34285714285714286,
        "glycine_content": 0.03333333333333333,
        "num_residues": 210,
        "diffused_com": [
            -3.838850975036621,
            -3.0980262756347656,
            2.3893771171569824
        ],
        "fixed_com": [
            0.0009494357509538531,
            -0.00010850694525288418,
            -8.138021075865254e-05
        ]
    },
    "specification": {
        "input": "/home/iska/amelie-ai/ThermoGFN/data/rfd3/ccd_ligands/structures/8HL.cif",
        "length": "20-400",
        "ligand": "8HL",
        "extra": {
            "example": "ligand_212_ccd_8hl",
            "task_name": "spec_ligand_212_ccd_8hl_ligand_212_ccd_8hl",
            "sampled_contig": "210",
            "num_tokens_in": 211,
            "num_residues_in": 211,
            "num_chains": 2,
            "num_atoms": 1068,
            "num_residues": 213,
            "example_id": "spec_ligand_212_ccd_8hl_ligand_212_ccd_8hl_0"
        },
        "select_fixed_atoms": {
            "8HL": "ALL"
        },
        "select_unfixed_sequence": false
    },
    "ckpt_path": "/home/iska/amelie-ai/ThermoGFN/weights/rfd3_latest.ckpt",
    "seed": null
}