{
    "diffused_index_map": {},
    "metrics": {
        "max_ca_deviation": 0.08331441879272461,
        "n_chainbreaks": 0,
        "n_clashing.interresidue_clashes_w_sidechain": 0,
        "n_clashing.interresidue_clashes_w_backbone": 0,
        "n_clashing.ligand_clashes": 0,
        "n_clashing.ligand_min_distance": 3.294706344604492,
        "non_loop_fraction": 0.6724890829694323,
        "loop_fraction": 0.32751091703056767,
        "helix_fraction": 0.4497816593886463,
        "sheet_fraction": 0.22270742358078602,
        "num_ss_elements": 14,
        "radius_of_gyration": 16.14389551406189,
        "alanine_content": 0.2838427947598253,
        "glycine_content": 0.056768558951965066,
        "num_residues": 229,
        "diffused_com": [
            -0.35661056637763977,
            1.879946231842041,
            0.8732396960258484
        ],
        "fixed_com": [
            0.00025699014076963067,
            0.000693873327691108,
            -2.5699013349367306e-05
        ]
    },
    "specification": {
        "input": "/home/iska/amelie-ai/ThermoGFN/data/rfd3/ccd_ligands/structures/B98.cif",
        "length": "20-400",
        "ligand": "B98",
        "extra": {
            "example": "ligand_271_ccd_b98",
            "task_name": "spec_ligand_271_ccd_b98_ligand_271_ccd_b98",
            "sampled_contig": "229",
            "num_tokens_in": 230,
            "num_residues_in": 230,
            "num_chains": 2,
            "num_atoms": 1164,
            "num_residues": 232,
            "example_id": "spec_ligand_271_ccd_b98_ligand_271_ccd_b98_0"
        },
        "select_fixed_atoms": {
            "B98": "ALL"
        },
        "select_unfixed_sequence": false
    },
    "ckpt_path": "/home/iska/amelie-ai/ThermoGFN/weights/rfd3_latest.ckpt",
    "seed": null
}