{
    "diffused_index_map": {},
    "metrics": {
        "max_ca_deviation": 0.1026158332824707,
        "n_chainbreaks": 0,
        "n_clashing.interresidue_clashes_w_sidechain": 0,
        "n_clashing.interresidue_clashes_w_backbone": 0,
        "n_clashing.ligand_clashes": 0,
        "n_clashing.ligand_min_distance": 2.998042345046997,
        "non_loop_fraction": 0.6798780487804879,
        "loop_fraction": 0.3201219512195122,
        "helix_fraction": 0.5579268292682927,
        "sheet_fraction": 0.12195121951219512,
        "num_ss_elements": 18,
        "radius_of_gyration": 17.431547318508663,
        "alanine_content": 0.35365853658536583,
        "glycine_content": 0.07317073170731707,
        "num_residues": 328,
        "diffused_com": [
            -1.344253659248352,
            -0.9048531651496887,
            -0.0015045871259644628
        ],
        "fixed_com": [
            0.00025699014076963067,
            0.000693873327691108,
            -2.5699013349367306e-05
        ]
    },
    "specification": {
        "input": "/home/iska/amelie-ai/ThermoGFN/data/rfd3/ccd_ligands/structures/B98.cif",
        "length": "20-400",
        "ligand": "B98",
        "extra": {
            "example": "ligand_271_ccd_b98",
            "task_name": "spec_ligand_271_ccd_b98_ligand_271_ccd_b98",
            "sampled_contig": "328",
            "num_tokens_in": 329,
            "num_residues_in": 329,
            "num_chains": 2,
            "num_atoms": 1659,
            "num_residues": 331,
            "example_id": "spec_ligand_271_ccd_b98_ligand_271_ccd_b98_2"
        },
        "select_fixed_atoms": {
            "B98": "ALL"
        },
        "select_unfixed_sequence": false
    },
    "ckpt_path": "/home/iska/amelie-ai/ThermoGFN/weights/rfd3_latest.ckpt",
    "seed": null
}