{
    "diffused_index_map": {},
    "metrics": {
        "max_ca_deviation": 0.9612083435058594,
        "n_chainbreaks": 3,
        "n_clashing.interresidue_clashes_w_sidechain": 0,
        "n_clashing.interresidue_clashes_w_backbone": 0,
        "n_clashing.ligand_clashes": 0,
        "n_clashing.ligand_min_distance": 3.0960278511047363,
        "non_loop_fraction": 0.6221662468513853,
        "loop_fraction": 0.3778337531486146,
        "helix_fraction": 0.4609571788413098,
        "sheet_fraction": 0.16120906801007556,
        "num_ss_elements": 23,
        "radius_of_gyration": 18.543140317844326,
        "alanine_content": 0.2795969773299748,
        "glycine_content": 0.08312342569269521,
        "num_residues": 397,
        "diffused_com": [
            2.043257474899292,
            -0.16609327495098114,
            1.9986926317214966
        ],
        "fixed_com": [
            -0.0007957175839692354,
            -1.8084490875480697e-05,
            -9.042245073942468e-05
        ]
    },
    "specification": {
        "input": "/home/iska/amelie-ai/ThermoGFN/data/rfd3/ccd_ligands/structures/2V6.cif",
        "length": "20-400",
        "ligand": "2V6",
        "extra": {
            "example": "ligand_584_ccd_2v6",
            "task_name": "spec_ligand_584_ccd_2v6_ligand_584_ccd_2v6",
            "sampled_contig": "397",
            "num_tokens_in": 398,
            "num_residues_in": 398,
            "num_chains": 2,
            "num_atoms": 2012,
            "num_residues": 400,
            "example_id": "spec_ligand_584_ccd_2v6_ligand_584_ccd_2v6_2"
        },
        "select_fixed_atoms": {
            "2V6": "ALL"
        },
        "select_unfixed_sequence": false
    },
    "ckpt_path": "/home/iska/amelie-ai/ThermoGFN/weights/rfd3_latest.ckpt",
    "seed": null
}