{
    "diffused_index_map": {},
    "metrics": {
        "max_ca_deviation": 0.8196020126342773,
        "n_chainbreaks": 1,
        "n_clashing.interresidue_clashes_w_sidechain": 0,
        "n_clashing.interresidue_clashes_w_backbone": 0,
        "n_clashing.ligand_clashes": 0,
        "n_clashing.ligand_min_distance": 2.9808731079101562,
        "non_loop_fraction": 0.5378486055776892,
        "loop_fraction": 0.46215139442231074,
        "helix_fraction": 0.3944223107569721,
        "sheet_fraction": 0.14342629482071714,
        "num_ss_elements": 13,
        "radius_of_gyration": 16.517726076426975,
        "alanine_content": 0.22709163346613545,
        "glycine_content": 0.027888446215139442,
        "num_residues": 251,
        "diffused_com": [
            -3.610517740249634,
            0.46844395995140076,
            2.10310697555542
        ],
        "fixed_com": [
            -0.0007957175839692354,
            -1.8084490875480697e-05,
            -9.042245073942468e-05
        ]
    },
    "specification": {
        "input": "/home/iska/amelie-ai/ThermoGFN/data/rfd3/ccd_ligands/structures/2V6.cif",
        "length": "20-400",
        "ligand": "2V6",
        "extra": {
            "example": "ligand_584_ccd_2v6",
            "task_name": "spec_ligand_584_ccd_2v6_ligand_584_ccd_2v6",
            "sampled_contig": "251",
            "num_tokens_in": 252,
            "num_residues_in": 252,
            "num_chains": 2,
            "num_atoms": 1282,
            "num_residues": 254,
            "example_id": "spec_ligand_584_ccd_2v6_ligand_584_ccd_2v6_0"
        },
        "select_fixed_atoms": {
            "2V6": "ALL"
        },
        "select_unfixed_sequence": false
    },
    "ckpt_path": "/home/iska/amelie-ai/ThermoGFN/weights/rfd3_latest.ckpt",
    "seed": null
}