{
    "diffused_index_map": {},
    "metrics": {
        "max_ca_deviation": 0.06763601303100586,
        "n_chainbreaks": 0,
        "n_clashing.interresidue_clashes_w_sidechain": 1,
        "n_clashing.interresidue_clashes_w_backbone": 0,
        "n_clashing.ligand_clashes": 0,
        "n_clashing.ligand_min_distance": 3.4232869148254395,
        "non_loop_fraction": 0.6024844720496895,
        "loop_fraction": 0.39751552795031053,
        "helix_fraction": 0.4658385093167702,
        "sheet_fraction": 0.13664596273291926,
        "num_ss_elements": 18,
        "radius_of_gyration": 17.181207772260375,
        "alanine_content": 0.37577639751552794,
        "glycine_content": 0.062111801242236024,
        "num_residues": 322,
        "diffused_com": [
            -2.2633914947509766,
            -1.203014612197876,
            0.2468821257352829
        ],
        "fixed_com": [
            0.00028722427668981254,
            -8.616728155175224e-05,
            1.4361213288793806e-05
        ]
    },
    "specification": {
        "input": "/home/iska/amelie-ai/ThermoGFN/data/rfd3/ccd_ligands/structures/5SJ.cif",
        "length": "20-400",
        "ligand": "5SJ",
        "extra": {
            "example": "ligand_157_ccd_5sj",
            "task_name": "spec_ligand_157_ccd_5sj_ligand_157_ccd_5sj",
            "sampled_contig": "322",
            "num_tokens_in": 323,
            "num_residues_in": 323,
            "num_chains": 2,
            "num_atoms": 1627,
            "num_residues": 325,
            "example_id": "spec_ligand_157_ccd_5sj_ligand_157_ccd_5sj_0"
        },
        "select_fixed_atoms": {
            "5SJ": "ALL"
        },
        "select_unfixed_sequence": false
    },
    "ckpt_path": "/home/iska/amelie-ai/ThermoGFN/weights/rfd3_latest.ckpt",
    "seed": null
}