{
    "diffused_index_map": {},
    "metrics": {
        "max_ca_deviation": 0.08771324157714844,
        "n_chainbreaks": 0,
        "n_clashing.interresidue_clashes_w_sidechain": 0,
        "n_clashing.interresidue_clashes_w_backbone": 0,
        "n_clashing.ligand_clashes": 0,
        "n_clashing.ligand_min_distance": 3.4450876712799072,
        "non_loop_fraction": 0.7074829931972789,
        "loop_fraction": 0.2925170068027211,
        "helix_fraction": 0.5136054421768708,
        "sheet_fraction": 0.19387755102040816,
        "num_ss_elements": 19,
        "radius_of_gyration": 17.26299715020373,
        "alanine_content": 0.3469387755102041,
        "glycine_content": 0.05782312925170068,
        "num_residues": 294,
        "diffused_com": [
            -0.6223250031471252,
            -0.2225503921508789,
            1.6676361560821533
        ],
        "fixed_com": [
            -0.0020073784980922937,
            -0.00021701389050576836,
            -1.430511474609375e-06
        ]
    },
    "specification": {
        "input": "/home/iska/amelie-ai/ThermoGFN/data/rfd3/ccd_ligands/structures/7N4.cif",
        "length": "20-400",
        "ligand": "7N4",
        "extra": {
            "example": "ligand_241_ccd_7n4",
            "task_name": "spec_ligand_241_ccd_7n4_ligand_241_ccd_7n4",
            "sampled_contig": "294",
            "num_tokens_in": 295,
            "num_residues_in": 295,
            "num_chains": 2,
            "num_atoms": 1488,
            "num_residues": 297,
            "example_id": "spec_ligand_241_ccd_7n4_ligand_241_ccd_7n4_2"
        },
        "select_fixed_atoms": {
            "7N4": "ALL"
        },
        "select_unfixed_sequence": false
    },
    "ckpt_path": "/home/iska/amelie-ai/ThermoGFN/weights/rfd3_latest.ckpt",
    "seed": null
}