{
    "diffused_index_map": {},
    "metrics": {
        "max_ca_deviation": 0.09109663963317871,
        "n_chainbreaks": 0,
        "n_clashing.interresidue_clashes_w_sidechain": 1,
        "n_clashing.interresidue_clashes_w_backbone": 0,
        "n_clashing.ligand_clashes": 0,
        "n_clashing.ligand_min_distance": 2.3437554836273193,
        "non_loop_fraction": 0.664864864864865,
        "loop_fraction": 0.33513513513513515,
        "helix_fraction": 0.518918918918919,
        "sheet_fraction": 0.14594594594594595,
        "num_ss_elements": 23,
        "radius_of_gyration": 18.167575326447842,
        "alanine_content": 0.3567567567567568,
        "glycine_content": 0.06756756756756757,
        "num_residues": 370,
        "diffused_com": [
            -1.7583284378051758,
            1.2099506855010986,
            1.0100575685501099
        ],
        "fixed_com": [
            0.001541940844617784,
            0.00010279605339746922,
            -0.00048185649211518466
        ]
    },
    "specification": {
        "input": "/home/iska/amelie-ai/ThermoGFN/data/rfd3/ccd_ligands/structures/S4F.cif",
        "length": "20-400",
        "ligand": "S4F",
        "extra": {
            "example": "ligand_293_ccd_s4f",
            "task_name": "spec_ligand_293_ccd_s4f_ligand_293_ccd_s4f",
            "sampled_contig": "370",
            "num_tokens_in": 371,
            "num_residues_in": 371,
            "num_chains": 2,
            "num_atoms": 1869,
            "num_residues": 373,
            "example_id": "spec_ligand_293_ccd_s4f_ligand_293_ccd_s4f_0"
        },
        "select_fixed_atoms": {
            "S4F": "ALL"
        },
        "select_unfixed_sequence": false
    },
    "ckpt_path": "/home/iska/amelie-ai/ThermoGFN/weights/rfd3_latest.ckpt",
    "seed": null
}