{
    "diffused_index_map": {},
    "metrics": {
        "max_ca_deviation": 0.09296798706054688,
        "n_chainbreaks": 0,
        "n_clashing.interresidue_clashes_w_sidechain": 2,
        "n_clashing.interresidue_clashes_w_backbone": 0,
        "n_clashing.ligand_clashes": 0,
        "n_clashing.ligand_min_distance": 3.118135452270508,
        "non_loop_fraction": 0.6246575342465753,
        "loop_fraction": 0.37534246575342467,
        "helix_fraction": 0.5150684931506849,
        "sheet_fraction": 0.1095890410958904,
        "num_ss_elements": 19,
        "radius_of_gyration": 18.125994200670917,
        "alanine_content": 0.3780821917808219,
        "glycine_content": 0.0821917808219178,
        "num_residues": 365,
        "diffused_com": [
            3.3458375930786133,
            0.3179672360420227,
            -1.155073642730713
        ],
        "fixed_com": [
            0.001541940844617784,
            0.00010279605339746922,
            -0.00048185649211518466
        ]
    },
    "specification": {
        "input": "/home/iska/amelie-ai/ThermoGFN/data/rfd3/ccd_ligands/structures/S4F.cif",
        "length": "20-400",
        "ligand": "S4F",
        "extra": {
            "example": "ligand_293_ccd_s4f",
            "task_name": "spec_ligand_293_ccd_s4f_ligand_293_ccd_s4f",
            "sampled_contig": "365",
            "num_tokens_in": 366,
            "num_residues_in": 366,
            "num_chains": 2,
            "num_atoms": 1844,
            "num_residues": 368,
            "example_id": "spec_ligand_293_ccd_s4f_ligand_293_ccd_s4f_2"
        },
        "select_fixed_atoms": {
            "S4F": "ALL"
        },
        "select_unfixed_sequence": false
    },
    "ckpt_path": "/home/iska/amelie-ai/ThermoGFN/weights/rfd3_latest.ckpt",
    "seed": null
}