{
    "diffused_index_map": {},
    "metrics": {
        "max_ca_deviation": 0.04687833786010742,
        "n_chainbreaks": 0,
        "n_clashing.interresidue_clashes_w_sidechain": 0,
        "n_clashing.interresidue_clashes_w_backbone": 0,
        "n_clashing.ligand_clashes": 0,
        "n_clashing.ligand_min_distance": 2.675656318664551,
        "non_loop_fraction": 0.5071428571428571,
        "loop_fraction": 0.4928571428571429,
        "helix_fraction": 0.07142857142857142,
        "sheet_fraction": 0.4357142857142857,
        "num_ss_elements": 9,
        "radius_of_gyration": 14.003280492492749,
        "alanine_content": 0.19285714285714287,
        "glycine_content": 0.08571428571428572,
        "num_residues": 140,
        "diffused_com": [
            2.304694414138794,
            0.46704399585723877,
            0.24225659668445587
        ],
        "fixed_com": [
            0.001541940844617784,
            0.00010279605339746922,
            -0.00048185649211518466
        ]
    },
    "specification": {
        "input": "/home/iska/amelie-ai/ThermoGFN/data/rfd3/ccd_ligands/structures/S4F.cif",
        "length": "20-400",
        "ligand": "S4F",
        "extra": {
            "example": "ligand_293_ccd_s4f",
            "task_name": "spec_ligand_293_ccd_s4f_ligand_293_ccd_s4f",
            "sampled_contig": "140",
            "num_tokens_in": 141,
            "num_residues_in": 141,
            "num_chains": 2,
            "num_atoms": 719,
            "num_residues": 143,
            "example_id": "spec_ligand_293_ccd_s4f_ligand_293_ccd_s4f_1"
        },
        "select_fixed_atoms": {
            "S4F": "ALL"
        },
        "select_unfixed_sequence": false
    },
    "ckpt_path": "/home/iska/amelie-ai/ThermoGFN/weights/rfd3_latest.ckpt",
    "seed": null
}