{
    "diffused_index_map": {},
    "metrics": {
        "max_ca_deviation": 0.08398699760437012,
        "n_chainbreaks": 0,
        "n_clashing.interresidue_clashes_w_sidechain": 0,
        "n_clashing.interresidue_clashes_w_backbone": 0,
        "n_clashing.ligand_clashes": 0,
        "n_clashing.ligand_min_distance": 3.316373109817505,
        "non_loop_fraction": 0.7383966244725739,
        "loop_fraction": 0.2616033755274262,
        "helix_fraction": 0.569620253164557,
        "sheet_fraction": 0.16877637130801687,
        "num_ss_elements": 14,
        "radius_of_gyration": 15.713697566474712,
        "alanine_content": 0.5063291139240507,
        "glycine_content": 0.09282700421940929,
        "num_residues": 237,
        "diffused_com": [
            0.7466267347335815,
            2.028806447982788,
            2.733330488204956
        ],
        "fixed_com": [
            0.0010516827460378408,
            0.0003004807804245502,
            -0.00019953801529482007
        ]
    },
    "specification": {
        "input": "/home/iska/amelie-ai/ThermoGFN/data/rfd3/ccd_ligands/structures/YI6.cif",
        "length": "20-400",
        "ligand": "YI6",
        "extra": {
            "example": "ligand_033_ccd_yi6",
            "task_name": "spec_ligand_033_ccd_yi6_ligand_033_ccd_yi6",
            "sampled_contig": "237",
            "num_tokens_in": 238,
            "num_residues_in": 238,
            "num_chains": 2,
            "num_atoms": 1198,
            "num_residues": 240,
            "example_id": "spec_ligand_033_ccd_yi6_ligand_033_ccd_yi6_2"
        },
        "select_fixed_atoms": {
            "YI6": "ALL"
        },
        "select_unfixed_sequence": false
    },
    "ckpt_path": "/home/iska/amelie-ai/ThermoGFN/weights/rfd3_latest.ckpt",
    "seed": null
}