{
    "diffused_index_map": {},
    "metrics": {
        "max_ca_deviation": 0.8301658630371094,
        "n_chainbreaks": 1,
        "n_clashing.interresidue_clashes_w_sidechain": 0,
        "n_clashing.interresidue_clashes_w_backbone": 0,
        "n_clashing.ligand_clashes": 0,
        "n_clashing.ligand_min_distance": 4.244792461395264,
        "non_loop_fraction": 0.5265306122448979,
        "loop_fraction": 0.47346938775510206,
        "helix_fraction": 0.3306122448979592,
        "sheet_fraction": 0.19591836734693877,
        "num_ss_elements": 13,
        "radius_of_gyration": 16.58537709535145,
        "alanine_content": 0.3142857142857143,
        "glycine_content": 0.0326530612244898,
        "num_residues": 245,
        "diffused_com": [
            -0.2869403064250946,
            0.47377869486808777,
            -0.664200484752655
        ],
        "fixed_com": [
            0.0010516827460378408,
            0.0003004807804245502,
            -0.00019953801529482007
        ]
    },
    "specification": {
        "input": "/home/iska/amelie-ai/ThermoGFN/data/rfd3/ccd_ligands/structures/YI6.cif",
        "length": "20-400",
        "ligand": "YI6",
        "extra": {
            "example": "ligand_033_ccd_yi6",
            "task_name": "spec_ligand_033_ccd_yi6_ligand_033_ccd_yi6",
            "sampled_contig": "245",
            "num_tokens_in": 246,
            "num_residues_in": 246,
            "num_chains": 2,
            "num_atoms": 1238,
            "num_residues": 248,
            "example_id": "spec_ligand_033_ccd_yi6_ligand_033_ccd_yi6_1"
        },
        "select_fixed_atoms": {
            "YI6": "ALL"
        },
        "select_unfixed_sequence": false
    },
    "ckpt_path": "/home/iska/amelie-ai/ThermoGFN/weights/rfd3_latest.ckpt",
    "seed": null
}