{
    "diffused_index_map": {},
    "metrics": {
        "max_ca_deviation": 0.09151506423950195,
        "n_chainbreaks": 0,
        "n_clashing.interresidue_clashes_w_sidechain": 0,
        "n_clashing.interresidue_clashes_w_backbone": 0,
        "n_clashing.ligand_clashes": 0,
        "n_clashing.ligand_min_distance": 4.13371467590332,
        "non_loop_fraction": 0.590027700831025,
        "loop_fraction": 0.4099722991689751,
        "helix_fraction": 0.40443213296398894,
        "sheet_fraction": 0.18559556786703602,
        "num_ss_elements": 21,
        "radius_of_gyration": 18.141502862589125,
        "alanine_content": 0.39058171745152354,
        "glycine_content": 0.10803324099722991,
        "num_residues": 361,
        "diffused_com": [
            0.9544936418533325,
            0.08826012164354324,
            -2.0919041633605957
        ],
        "fixed_com": [
            0.00030838814564049244,
            -0.00010279605339746922,
            0.0001477693294873461
        ]
    },
    "specification": {
        "input": "/home/iska/amelie-ai/ThermoGFN/data/rfd3/ccd_ligands/structures/6S0.cif",
        "length": "20-400",
        "ligand": "6S0",
        "extra": {
            "example": "ligand_248_ccd_6s0",
            "task_name": "spec_ligand_248_ccd_6s0_ligand_248_ccd_6s0",
            "sampled_contig": "361",
            "num_tokens_in": 362,
            "num_residues_in": 362,
            "num_chains": 2,
            "num_atoms": 1824,
            "num_residues": 364,
            "example_id": "spec_ligand_248_ccd_6s0_ligand_248_ccd_6s0_2"
        },
        "select_fixed_atoms": {
            "6S0": "ALL"
        },
        "select_unfixed_sequence": false
    },
    "ckpt_path": "/home/iska/amelie-ai/ThermoGFN/weights/rfd3_latest.ckpt",
    "seed": null
}