{
    "diffused_index_map": {},
    "metrics": {
        "max_ca_deviation": 0.10229063034057617,
        "n_chainbreaks": 0,
        "n_clashing.interresidue_clashes_w_sidechain": 0,
        "n_clashing.interresidue_clashes_w_backbone": 0,
        "n_clashing.ligand_clashes": 0,
        "n_clashing.ligand_min_distance": 3.6260290145874023,
        "non_loop_fraction": 0.6440677966101696,
        "loop_fraction": 0.3559322033898305,
        "helix_fraction": 0.5254237288135594,
        "sheet_fraction": 0.11864406779661017,
        "num_ss_elements": 15,
        "radius_of_gyration": 17.499400571830304,
        "alanine_content": 0.27796610169491526,
        "glycine_content": 0.04067796610169491,
        "num_residues": 295,
        "diffused_com": [
            -0.08629461377859116,
            3.480907917022705,
            2.8014862537384033
        ],
        "fixed_com": [
            0.00030838814564049244,
            -0.00010279605339746922,
            0.0001477693294873461
        ]
    },
    "specification": {
        "input": "/home/iska/amelie-ai/ThermoGFN/data/rfd3/ccd_ligands/structures/6S0.cif",
        "length": "20-400",
        "ligand": "6S0",
        "extra": {
            "example": "ligand_248_ccd_6s0",
            "task_name": "spec_ligand_248_ccd_6s0_ligand_248_ccd_6s0",
            "sampled_contig": "295",
            "num_tokens_in": 296,
            "num_residues_in": 296,
            "num_chains": 2,
            "num_atoms": 1494,
            "num_residues": 298,
            "example_id": "spec_ligand_248_ccd_6s0_ligand_248_ccd_6s0_0"
        },
        "select_fixed_atoms": {
            "6S0": "ALL"
        },
        "select_unfixed_sequence": false
    },
    "ckpt_path": "/home/iska/amelie-ai/ThermoGFN/weights/rfd3_latest.ckpt",
    "seed": null
}