{
    "diffused_index_map": {},
    "metrics": {
        "max_ca_deviation": 0.8762238025665283,
        "n_chainbreaks": 1,
        "n_clashing.interresidue_clashes_w_sidechain": 0,
        "n_clashing.interresidue_clashes_w_backbone": 0,
        "n_clashing.ligand_clashes": 0,
        "n_clashing.ligand_min_distance": 3.3731002807617188,
        "non_loop_fraction": 0.7431693989071039,
        "loop_fraction": 0.2568306010928962,
        "helix_fraction": 0.546448087431694,
        "sheet_fraction": 0.19672131147540983,
        "num_ss_elements": 24,
        "radius_of_gyration": 19.555726321219364,
        "alanine_content": 0.19398907103825136,
        "glycine_content": 0.05191256830601093,
        "num_residues": 366,
        "diffused_com": [
            1.9911389350891113,
            1.8762552738189697,
            2.022700309753418
        ],
        "fixed_com": [
            -0.0018601190531626344,
            0.0005580357392318547,
            0.0006579444743692875
        ]
    },
    "specification": {
        "input": "/home/iska/amelie-ai/ThermoGFN/data/rfd3/ccd_ligands/structures/TG4.cif",
        "length": "20-400",
        "ligand": "TG4",
        "extra": {
            "example": "ligand_369_ccd_tg4",
            "task_name": "spec_ligand_369_ccd_tg4_ligand_369_ccd_tg4",
            "sampled_contig": "366",
            "num_tokens_in": 367,
            "num_residues_in": 367,
            "num_chains": 2,
            "num_atoms": 1851,
            "num_residues": 369,
            "example_id": "spec_ligand_369_ccd_tg4_ligand_369_ccd_tg4_1"
        },
        "select_fixed_atoms": {
            "TG4": "ALL"
        },
        "select_unfixed_sequence": false
    },
    "ckpt_path": "/home/iska/amelie-ai/ThermoGFN/weights/rfd3_latest.ckpt",
    "seed": null
}