{
    "diffused_index_map": {},
    "metrics": {
        "max_ca_deviation": 0.05357050895690918,
        "n_chainbreaks": 0,
        "n_clashing.interresidue_clashes_w_sidechain": 0,
        "n_clashing.interresidue_clashes_w_backbone": 0,
        "n_clashing.ligand_clashes": 0,
        "n_clashing.ligand_min_distance": 3.476196765899658,
        "non_loop_fraction": 0.6554621848739496,
        "loop_fraction": 0.3445378151260504,
        "helix_fraction": 0.31092436974789917,
        "sheet_fraction": 0.3445378151260504,
        "num_ss_elements": 8,
        "radius_of_gyration": 14.799918648398448,
        "alanine_content": 0.11764705882352941,
        "glycine_content": 0.058823529411764705,
        "num_residues": 119,
        "diffused_com": [
            0.47568902373313904,
            -2.689208507537842,
            0.8262880444526672
        ],
        "fixed_com": [
            8.491847984259948e-05,
            0.0004829738463740796,
            -0.00038213314837776124
        ]
    },
    "specification": {
        "input": "/home/iska/amelie-ai/ThermoGFN/data/rfd3/ccd_ligands/structures/7Z5.cif",
        "length": "20-400",
        "ligand": "7Z5",
        "extra": {
            "example": "ligand_368_ccd_7z5",
            "task_name": "spec_ligand_368_ccd_7z5_ligand_368_ccd_7z5",
            "sampled_contig": "119",
            "num_tokens_in": 120,
            "num_residues_in": 120,
            "num_chains": 2,
            "num_atoms": 618,
            "num_residues": 122,
            "example_id": "spec_ligand_368_ccd_7z5_ligand_368_ccd_7z5_0"
        },
        "select_fixed_atoms": {
            "7Z5": "ALL"
        },
        "select_unfixed_sequence": false
    },
    "ckpt_path": "/home/iska/amelie-ai/ThermoGFN/weights/rfd3_latest.ckpt",
    "seed": null
}