{
    "diffused_index_map": {},
    "metrics": {
        "max_ca_deviation": 0.9283444881439209,
        "n_chainbreaks": 1,
        "n_clashing.interresidue_clashes_w_sidechain": 0,
        "n_clashing.interresidue_clashes_w_backbone": 0,
        "n_clashing.ligand_clashes": 0,
        "n_clashing.ligand_min_distance": 2.706472873687744,
        "non_loop_fraction": 0.6547085201793722,
        "loop_fraction": 0.3452914798206278,
        "helix_fraction": 0.4170403587443946,
        "sheet_fraction": 0.23766816143497757,
        "num_ss_elements": 15,
        "radius_of_gyration": 16.097488531120845,
        "alanine_content": 0.24663677130044842,
        "glycine_content": 0.06726457399103139,
        "num_residues": 223,
        "diffused_com": [
            4.616753578186035,
            0.6795726418495178,
            -3.3595046997070312
        ],
        "fixed_com": [
            -0.000904224521946162,
            0.00014467592700384557,
            0.00010850694525288418
        ]
    },
    "specification": {
        "input": "/home/iska/amelie-ai/ThermoGFN/data/rfd3/ccd_ligands/structures/K9Z.cif",
        "length": "20-400",
        "ligand": "K9Z",
        "extra": {
            "example": "ligand_502_ccd_k9z",
            "task_name": "spec_ligand_502_ccd_k9z_ligand_502_ccd_k9z",
            "sampled_contig": "223",
            "num_tokens_in": 224,
            "num_residues_in": 224,
            "num_chains": 2,
            "num_atoms": 1142,
            "num_residues": 226,
            "example_id": "spec_ligand_502_ccd_k9z_ligand_502_ccd_k9z_1"
        },
        "select_fixed_atoms": {
            "K9Z": "ALL"
        },
        "select_unfixed_sequence": false
    },
    "ckpt_path": "/home/iska/amelie-ai/ThermoGFN/weights/rfd3_latest.ckpt",
    "seed": null
}