{
    "diffused_index_map": {},
    "metrics": {
        "max_ca_deviation": 0.07022213935852051,
        "n_chainbreaks": 0,
        "n_clashing.interresidue_clashes_w_sidechain": 0,
        "n_clashing.interresidue_clashes_w_backbone": 0,
        "n_clashing.ligand_clashes": 0,
        "n_clashing.ligand_min_distance": 3.5246212482452393,
        "non_loop_fraction": 0.6317991631799164,
        "loop_fraction": 0.3682008368200837,
        "helix_fraction": 0.4351464435146444,
        "sheet_fraction": 0.19665271966527198,
        "num_ss_elements": 17,
        "radius_of_gyration": 16.215947792846595,
        "alanine_content": 0.20920502092050208,
        "glycine_content": 0.09205020920502092,
        "num_residues": 239,
        "diffused_com": [
            5.539290428161621,
            -0.9395889043807983,
            1.3586467504501343
        ],
        "fixed_com": [
            -0.000904224521946162,
            0.00014467592700384557,
            0.00010850694525288418
        ]
    },
    "specification": {
        "input": "/home/iska/amelie-ai/ThermoGFN/data/rfd3/ccd_ligands/structures/K9Z.cif",
        "length": "20-400",
        "ligand": "K9Z",
        "extra": {
            "example": "ligand_502_ccd_k9z",
            "task_name": "spec_ligand_502_ccd_k9z_ligand_502_ccd_k9z",
            "sampled_contig": "239",
            "num_tokens_in": 240,
            "num_residues_in": 240,
            "num_chains": 2,
            "num_atoms": 1222,
            "num_residues": 242,
            "example_id": "spec_ligand_502_ccd_k9z_ligand_502_ccd_k9z_0"
        },
        "select_fixed_atoms": {
            "K9Z": "ALL"
        },
        "select_unfixed_sequence": false
    },
    "ckpt_path": "/home/iska/amelie-ai/ThermoGFN/weights/rfd3_latest.ckpt",
    "seed": null
}