{
    "diffused_index_map": {},
    "metrics": {
        "max_ca_deviation": 0.09592986106872559,
        "n_chainbreaks": 0,
        "n_clashing.interresidue_clashes_w_sidechain": 0,
        "n_clashing.interresidue_clashes_w_backbone": 0,
        "n_clashing.ligand_clashes": 0,
        "n_clashing.ligand_min_distance": 2.9626383781433105,
        "non_loop_fraction": 0.6196473551637279,
        "loop_fraction": 0.380352644836272,
        "helix_fraction": 0.3954659949622166,
        "sheet_fraction": 0.22418136020151133,
        "num_ss_elements": 23,
        "radius_of_gyration": 19.17276947585473,
        "alanine_content": 0.2695214105793451,
        "glycine_content": 0.05289672544080604,
        "num_residues": 397,
        "diffused_com": [
            -0.9326347708702087,
            -0.7138302326202393,
            -1.5381715297698975
        ],
        "fixed_com": [
            -0.000904224521946162,
            0.00014467592700384557,
            0.00010850694525288418
        ]
    },
    "specification": {
        "input": "/home/iska/amelie-ai/ThermoGFN/data/rfd3/ccd_ligands/structures/K9Z.cif",
        "length": "20-400",
        "ligand": "K9Z",
        "extra": {
            "example": "ligand_502_ccd_k9z",
            "task_name": "spec_ligand_502_ccd_k9z_ligand_502_ccd_k9z",
            "sampled_contig": "397",
            "num_tokens_in": 398,
            "num_residues_in": 398,
            "num_chains": 2,
            "num_atoms": 2012,
            "num_residues": 400,
            "example_id": "spec_ligand_502_ccd_k9z_ligand_502_ccd_k9z_2"
        },
        "select_fixed_atoms": {
            "K9Z": "ALL"
        },
        "select_unfixed_sequence": false
    },
    "ckpt_path": "/home/iska/amelie-ai/ThermoGFN/weights/rfd3_latest.ckpt",
    "seed": null
}