{
    "diffused_index_map": {},
    "metrics": {
        "max_ca_deviation": 0.8930313587188721,
        "n_chainbreaks": 1,
        "n_clashing.interresidue_clashes_w_sidechain": 0,
        "n_clashing.interresidue_clashes_w_backbone": 0,
        "n_clashing.ligand_clashes": 0,
        "n_clashing.ligand_min_distance": 3.899810314178467,
        "non_loop_fraction": 0.6353790613718411,
        "loop_fraction": 0.36462093862815886,
        "helix_fraction": 0.48375451263537905,
        "sheet_fraction": 0.15162454873646208,
        "num_ss_elements": 17,
        "radius_of_gyration": 16.34644650359082,
        "alanine_content": 0.41155234657039713,
        "glycine_content": 0.07942238267148015,
        "num_residues": 277,
        "diffused_com": [
            3.402048110961914,
            1.6662424802780151,
            1.1809000968933105
        ],
        "fixed_com": [
            0.00027901786961592734,
            0.0004949569702148438,
            3.923688564100303e-05
        ]
    },
    "specification": {
        "input": "/home/iska/amelie-ai/ThermoGFN/data/rfd3/ccd_ligands/structures/8Z6.cif",
        "length": "20-400",
        "ligand": "8Z6",
        "extra": {
            "example": "ligand_093_ccd_8z6",
            "task_name": "spec_ligand_093_ccd_8z6_ligand_093_ccd_8z6",
            "sampled_contig": "277",
            "num_tokens_in": 278,
            "num_residues_in": 278,
            "num_chains": 2,
            "num_atoms": 1399,
            "num_residues": 280,
            "example_id": "spec_ligand_093_ccd_8z6_ligand_093_ccd_8z6_0"
        },
        "select_fixed_atoms": {
            "8Z6": "ALL"
        },
        "select_unfixed_sequence": false
    },
    "ckpt_path": "/home/iska/amelie-ai/ThermoGFN/weights/rfd3_latest.ckpt",
    "seed": null
}