{
    "diffused_index_map": {},
    "metrics": {
        "max_ca_deviation": 0.10279107093811035,
        "n_chainbreaks": 0,
        "n_clashing.interresidue_clashes_w_sidechain": 0,
        "n_clashing.interresidue_clashes_w_backbone": 0,
        "n_clashing.ligand_clashes": 0,
        "n_clashing.ligand_min_distance": 2.683040142059326,
        "non_loop_fraction": 0.613941018766756,
        "loop_fraction": 0.38605898123324395,
        "helix_fraction": 0.43967828418230565,
        "sheet_fraction": 0.1742627345844504,
        "num_ss_elements": 24,
        "radius_of_gyration": 18.858221366904186,
        "alanine_content": 0.3485254691689008,
        "glycine_content": 0.10723860589812333,
        "num_residues": 373,
        "diffused_com": [
            0.6643211841583252,
            -0.3559556305408478,
            -0.31529924273490906
        ],
        "fixed_com": [
            0.0005987258045934141,
            -0.00018601190822664648,
            0.00016857328591868281
        ]
    },
    "specification": {
        "input": "/home/iska/amelie-ai/ThermoGFN/data/rfd3/ccd_ligands/structures/F21.cif",
        "length": "20-400",
        "ligand": "F21",
        "extra": {
            "example": "ligand_410_ccd_f21",
            "task_name": "spec_ligand_410_ccd_f21_ligand_410_ccd_f21",
            "sampled_contig": "373",
            "num_tokens_in": 374,
            "num_residues_in": 374,
            "num_chains": 2,
            "num_atoms": 1886,
            "num_residues": 376,
            "example_id": "spec_ligand_410_ccd_f21_ligand_410_ccd_f21_1"
        },
        "select_fixed_atoms": {
            "F21": "ALL"
        },
        "select_unfixed_sequence": false
    },
    "ckpt_path": "/home/iska/amelie-ai/ThermoGFN/weights/rfd3_latest.ckpt",
    "seed": null
}