{
    "diffused_index_map": {},
    "metrics": {
        "max_ca_deviation": 0.0792379379272461,
        "n_chainbreaks": 0,
        "n_clashing.interresidue_clashes_w_sidechain": 0,
        "n_clashing.interresidue_clashes_w_backbone": 0,
        "n_clashing.ligand_clashes": 0,
        "n_clashing.ligand_min_distance": 2.8387577533721924,
        "non_loop_fraction": 0.5789473684210527,
        "loop_fraction": 0.42105263157894735,
        "helix_fraction": 0.5413533834586466,
        "sheet_fraction": 0.03759398496240601,
        "num_ss_elements": 8,
        "radius_of_gyration": 15.16508190852757,
        "alanine_content": 0.05263157894736842,
        "glycine_content": 0.022556390977443608,
        "num_residues": 133,
        "diffused_com": [
            1.0207916498184204,
            -8.876908302307129,
            -1.3853205442428589
        ],
        "fixed_com": [
            0.0005987258045934141,
            -0.00018601190822664648,
            0.00016857328591868281
        ]
    },
    "specification": {
        "input": "/home/iska/amelie-ai/ThermoGFN/data/rfd3/ccd_ligands/structures/F21.cif",
        "length": "20-400",
        "ligand": "F21",
        "extra": {
            "example": "ligand_410_ccd_f21",
            "task_name": "spec_ligand_410_ccd_f21_ligand_410_ccd_f21",
            "sampled_contig": "133",
            "num_tokens_in": 134,
            "num_residues_in": 134,
            "num_chains": 2,
            "num_atoms": 686,
            "num_residues": 136,
            "example_id": "spec_ligand_410_ccd_f21_ligand_410_ccd_f21_2"
        },
        "select_fixed_atoms": {
            "F21": "ALL"
        },
        "select_unfixed_sequence": false
    },
    "ckpt_path": "/home/iska/amelie-ai/ThermoGFN/weights/rfd3_latest.ckpt",
    "seed": null
}