{
    "diffused_index_map": {},
    "metrics": {
        "max_ca_deviation": 0.07250356674194336,
        "n_chainbreaks": 0,
        "n_clashing.interresidue_clashes_w_sidechain": 0,
        "n_clashing.interresidue_clashes_w_backbone": 0,
        "n_clashing.ligand_clashes": 0,
        "n_clashing.ligand_min_distance": 3.76625919342041,
        "non_loop_fraction": 0.5914396887159533,
        "loop_fraction": 0.4085603112840467,
        "helix_fraction": 0.41245136186770426,
        "sheet_fraction": 0.17898832684824903,
        "num_ss_elements": 16,
        "radius_of_gyration": 16.253066683083983,
        "alanine_content": 0.31906614785992216,
        "glycine_content": 0.08949416342412451,
        "num_residues": 257,
        "diffused_com": [
            3.4872255325317383,
            -0.5397946834564209,
            0.29717960953712463
        ],
        "fixed_com": [
            -0.0013316761469468474,
            0.0004438920586835593,
            5.548650733544491e-05
        ]
    },
    "specification": {
        "input": "/home/iska/amelie-ai/ThermoGFN/data/rfd3/ccd_ligands/structures/4WM.cif",
        "length": "20-400",
        "ligand": "4WM",
        "extra": {
            "example": "ligand_547_ccd_4wm",
            "task_name": "spec_ligand_547_ccd_4wm_ligand_547_ccd_4wm",
            "sampled_contig": "257",
            "num_tokens_in": 258,
            "num_residues_in": 258,
            "num_chains": 2,
            "num_atoms": 1307,
            "num_residues": 260,
            "example_id": "spec_ligand_547_ccd_4wm_ligand_547_ccd_4wm_1"
        },
        "select_fixed_atoms": {
            "4WM": "ALL"
        },
        "select_unfixed_sequence": false
    },
    "ckpt_path": "/home/iska/amelie-ai/ThermoGFN/weights/rfd3_latest.ckpt",
    "seed": null
}