{
    "diffused_index_map": {},
    "metrics": {
        "max_ca_deviation": 0.9855470657348633,
        "n_chainbreaks": 1,
        "n_clashing.interresidue_clashes_w_sidechain": 0,
        "n_clashing.interresidue_clashes_w_backbone": 0,
        "n_clashing.ligand_clashes": 0,
        "n_clashing.ligand_min_distance": 2.82334041595459,
        "non_loop_fraction": 0.6206896551724138,
        "loop_fraction": 0.3793103448275862,
        "helix_fraction": 0.37438423645320196,
        "sheet_fraction": 0.24630541871921183,
        "num_ss_elements": 14,
        "radius_of_gyration": 15.30244400432555,
        "alanine_content": 0.270935960591133,
        "glycine_content": 0.06403940886699508,
        "num_residues": 203,
        "diffused_com": [
            5.468937397003174,
            -4.702176094055176,
            -2.783931255340576
        ],
        "fixed_com": [
            -0.0018136160215362906,
            0.00017438616487197578,
            -0.00019672939379233867
        ]
    },
    "specification": {
        "input": "/home/iska/amelie-ai/ThermoGFN/data/rfd3/ccd_ligands/structures/Z88.cif",
        "length": "20-400",
        "ligand": "Z88",
        "extra": {
            "example": "ligand_273_ccd_z88",
            "task_name": "spec_ligand_273_ccd_z88_ligand_273_ccd_z88",
            "sampled_contig": "203",
            "num_tokens_in": 204,
            "num_residues_in": 204,
            "num_chains": 2,
            "num_atoms": 1029,
            "num_residues": 206,
            "example_id": "spec_ligand_273_ccd_z88_ligand_273_ccd_z88_2"
        },
        "select_fixed_atoms": {
            "Z88": "ALL"
        },
        "select_unfixed_sequence": false
    },
    "ckpt_path": "/home/iska/amelie-ai/ThermoGFN/weights/rfd3_latest.ckpt",
    "seed": null
}