{
    "diffused_index_map": {},
    "metrics": {
        "max_ca_deviation": 0.0955817699432373,
        "n_chainbreaks": 0,
        "n_clashing.interresidue_clashes_w_sidechain": 0,
        "n_clashing.interresidue_clashes_w_backbone": 0,
        "n_clashing.ligand_clashes": 0,
        "n_clashing.ligand_min_distance": 3.648541212081909,
        "non_loop_fraction": 0.6881720430107526,
        "loop_fraction": 0.3118279569892473,
        "helix_fraction": 0.5125448028673835,
        "sheet_fraction": 0.17562724014336917,
        "num_ss_elements": 20,
        "radius_of_gyration": 17.143710815543905,
        "alanine_content": 0.4121863799283154,
        "glycine_content": 0.07526881720430108,
        "num_residues": 279,
        "diffused_com": [
            0.33228185772895813,
            -1.310584545135498,
            3.3565621376037598
        ],
        "fixed_com": [
            -0.0018136160215362906,
            0.00017438616487197578,
            -0.00019672939379233867
        ]
    },
    "specification": {
        "input": "/home/iska/amelie-ai/ThermoGFN/data/rfd3/ccd_ligands/structures/Z88.cif",
        "length": "20-400",
        "ligand": "Z88",
        "extra": {
            "example": "ligand_273_ccd_z88",
            "task_name": "spec_ligand_273_ccd_z88_ligand_273_ccd_z88",
            "sampled_contig": "279",
            "num_tokens_in": 280,
            "num_residues_in": 280,
            "num_chains": 2,
            "num_atoms": 1409,
            "num_residues": 282,
            "example_id": "spec_ligand_273_ccd_z88_ligand_273_ccd_z88_0"
        },
        "select_fixed_atoms": {
            "Z88": "ALL"
        },
        "select_unfixed_sequence": false
    },
    "ckpt_path": "/home/iska/amelie-ai/ThermoGFN/weights/rfd3_latest.ckpt",
    "seed": null
}