{
    "diffused_index_map": {},
    "metrics": {
        "max_ca_deviation": 0.08112192153930664,
        "n_chainbreaks": 0,
        "n_clashing.interresidue_clashes_w_sidechain": 0,
        "n_clashing.interresidue_clashes_w_backbone": 0,
        "n_clashing.ligand_clashes": 0,
        "n_clashing.ligand_min_distance": 3.3033225536346436,
        "non_loop_fraction": 0.628808864265928,
        "loop_fraction": 0.37119113573407203,
        "helix_fraction": 0.4626038781163435,
        "sheet_fraction": 0.16620498614958448,
        "num_ss_elements": 22,
        "radius_of_gyration": 18.00295151847503,
        "alanine_content": 0.40166204986149584,
        "glycine_content": 0.0886426592797784,
        "num_residues": 361,
        "diffused_com": [
            -2.1494367122650146,
            3.2436091899871826,
            0.977389931678772
        ],
        "fixed_com": [
            0.0013020833721384406,
            0.0013253347715362906,
            -0.0002325148816453293
        ]
    },
    "specification": {
        "input": "/home/iska/amelie-ai/ThermoGFN/data/rfd3/ccd_ligands/structures/L57.cif",
        "length": "20-400",
        "ligand": "L57",
        "extra": {
            "example": "ligand_392_ccd_l57",
            "task_name": "spec_ligand_392_ccd_l57_ligand_392_ccd_l57",
            "sampled_contig": "361",
            "num_tokens_in": 362,
            "num_residues_in": 362,
            "num_chains": 2,
            "num_atoms": 1826,
            "num_residues": 364,
            "example_id": "spec_ligand_392_ccd_l57_ligand_392_ccd_l57_1"
        },
        "select_fixed_atoms": {
            "L57": "ALL"
        },
        "select_unfixed_sequence": false
    },
    "ckpt_path": "/home/iska/amelie-ai/ThermoGFN/weights/rfd3_latest.ckpt",
    "seed": null
}