{
    "diffused_index_map": {},
    "metrics": {
        "max_ca_deviation": 0.09888052940368652,
        "n_chainbreaks": 0,
        "n_clashing.interresidue_clashes_w_sidechain": 0,
        "n_clashing.interresidue_clashes_w_backbone": 0,
        "n_clashing.ligand_clashes": 0,
        "n_clashing.ligand_min_distance": 4.277316093444824,
        "non_loop_fraction": 0.6038961038961039,
        "loop_fraction": 0.3961038961038961,
        "helix_fraction": 0.4707792207792208,
        "sheet_fraction": 0.1331168831168831,
        "num_ss_elements": 19,
        "radius_of_gyration": 17.251491799622276,
        "alanine_content": 0.3409090909090909,
        "glycine_content": 0.05844155844155844,
        "num_residues": 308,
        "diffused_com": [
            -1.0257184505462646,
            -2.180138349533081,
            -0.9793494939804077
        ],
        "fixed_com": [
            0.0013020833721384406,
            0.0013253347715362906,
            -0.0002325148816453293
        ]
    },
    "specification": {
        "input": "/home/iska/amelie-ai/ThermoGFN/data/rfd3/ccd_ligands/structures/L57.cif",
        "length": "20-400",
        "ligand": "L57",
        "extra": {
            "example": "ligand_392_ccd_l57",
            "task_name": "spec_ligand_392_ccd_l57_ligand_392_ccd_l57",
            "sampled_contig": "308",
            "num_tokens_in": 309,
            "num_residues_in": 309,
            "num_chains": 2,
            "num_atoms": 1561,
            "num_residues": 311,
            "example_id": "spec_ligand_392_ccd_l57_ligand_392_ccd_l57_2"
        },
        "select_fixed_atoms": {
            "L57": "ALL"
        },
        "select_unfixed_sequence": false
    },
    "ckpt_path": "/home/iska/amelie-ai/ThermoGFN/weights/rfd3_latest.ckpt",
    "seed": null
}