{
    "diffused_index_map": {},
    "metrics": {
        "max_ca_deviation": 0.11138772964477539,
        "n_chainbreaks": 0,
        "n_clashing.interresidue_clashes_w_sidechain": 0,
        "n_clashing.interresidue_clashes_w_backbone": 0,
        "n_clashing.ligand_clashes": 0,
        "n_clashing.ligand_min_distance": 2.8895602226257324,
        "non_loop_fraction": 0.7672413793103448,
        "loop_fraction": 0.23275862068965517,
        "helix_fraction": 0.6264367816091954,
        "sheet_fraction": 0.14080459770114942,
        "num_ss_elements": 23,
        "radius_of_gyration": 18.22290378894534,
        "alanine_content": 0.3218390804597701,
        "glycine_content": 0.05459770114942529,
        "num_residues": 348,
        "diffused_com": [
            -0.1331847757101059,
            -4.138461112976074,
            -0.39109867811203003
        ],
        "fixed_com": [
            0.00015419407282024622,
            0.000192742605577223,
            0.00017989308980759233
        ]
    },
    "specification": {
        "input": "/home/iska/amelie-ai/ThermoGFN/data/rfd3/ccd_ligands/structures/XO3.cif",
        "length": "20-400",
        "ligand": "XO3",
        "extra": {
            "example": "ligand_225_ccd_xo3",
            "task_name": "spec_ligand_225_ccd_xo3_ligand_225_ccd_xo3",
            "sampled_contig": "348",
            "num_tokens_in": 349,
            "num_residues_in": 349,
            "num_chains": 2,
            "num_atoms": 1759,
            "num_residues": 351,
            "example_id": "spec_ligand_225_ccd_xo3_ligand_225_ccd_xo3_1"
        },
        "select_fixed_atoms": {
            "XO3": "ALL"
        },
        "select_unfixed_sequence": false
    },
    "ckpt_path": "/home/iska/amelie-ai/ThermoGFN/weights/rfd3_latest.ckpt",
    "seed": null
}