{
    "diffused_index_map": {},
    "metrics": {
        "max_ca_deviation": 0.06608700752258301,
        "n_chainbreaks": 0,
        "n_clashing.interresidue_clashes_w_sidechain": 0,
        "n_clashing.interresidue_clashes_w_backbone": 0,
        "n_clashing.ligand_clashes": 0,
        "n_clashing.ligand_min_distance": 3.104853630065918,
        "non_loop_fraction": 0.7248322147651006,
        "loop_fraction": 0.2751677852348993,
        "helix_fraction": 0.5436241610738255,
        "sheet_fraction": 0.18120805369127516,
        "num_ss_elements": 10,
        "radius_of_gyration": 14.819343037420941,
        "alanine_content": 0.28187919463087246,
        "glycine_content": 0.06711409395973154,
        "num_residues": 149,
        "diffused_com": [
            0.3876972198486328,
            -2.501734495162964,
            -0.10094887018203735
        ],
        "fixed_com": [
            -0.00392950139939785,
            0.0007672990905120969,
            -0.00011625744082266465
        ]
    },
    "specification": {
        "input": "/home/iska/amelie-ai/ThermoGFN/data/rfd3/ccd_ligands/structures/5ET.cif",
        "length": "20-400",
        "ligand": "5ET",
        "extra": {
            "example": "ligand_424_ccd_5et",
            "task_name": "spec_ligand_424_ccd_5et_ligand_424_ccd_5et",
            "sampled_contig": "149",
            "num_tokens_in": 150,
            "num_residues_in": 150,
            "num_chains": 2,
            "num_atoms": 766,
            "num_residues": 152,
            "example_id": "spec_ligand_424_ccd_5et_ligand_424_ccd_5et_0"
        },
        "select_fixed_atoms": {
            "5ET": "ALL"
        },
        "select_unfixed_sequence": false
    },
    "ckpt_path": "/home/iska/amelie-ai/ThermoGFN/weights/rfd3_latest.ckpt",
    "seed": null
}