{
    "diffused_index_map": {},
    "metrics": {
        "max_ca_deviation": 0.053978681564331055,
        "n_chainbreaks": 0,
        "n_clashing.interresidue_clashes_w_sidechain": 0,
        "n_clashing.interresidue_clashes_w_backbone": 0,
        "n_clashing.ligand_clashes": 0,
        "n_clashing.ligand_min_distance": 3.5999529361724854,
        "non_loop_fraction": 0.6635514018691588,
        "loop_fraction": 0.3364485981308411,
        "helix_fraction": 0.616822429906542,
        "sheet_fraction": 0.04672897196261682,
        "num_ss_elements": 6,
        "radius_of_gyration": 12.610883998837473,
        "alanine_content": 0.2803738317757009,
        "glycine_content": 0.018691588785046728,
        "num_residues": 107,
        "diffused_com": [
            -0.9687933325767517,
            1.0222140550613403,
            0.6488470435142517
        ],
        "fixed_com": [
            -0.00392950139939785,
            0.0007672990905120969,
            -0.00011625744082266465
        ]
    },
    "specification": {
        "input": "/home/iska/amelie-ai/ThermoGFN/data/rfd3/ccd_ligands/structures/5ET.cif",
        "length": "20-400",
        "ligand": "5ET",
        "extra": {
            "example": "ligand_424_ccd_5et",
            "task_name": "spec_ligand_424_ccd_5et_ligand_424_ccd_5et",
            "sampled_contig": "107",
            "num_tokens_in": 108,
            "num_residues_in": 108,
            "num_chains": 2,
            "num_atoms": 556,
            "num_residues": 110,
            "example_id": "spec_ligand_424_ccd_5et_ligand_424_ccd_5et_1"
        },
        "select_fixed_atoms": {
            "5ET": "ALL"
        },
        "select_unfixed_sequence": false
    },
    "ckpt_path": "/home/iska/amelie-ai/ThermoGFN/weights/rfd3_latest.ckpt",
    "seed": null
}