{
    "diffused_index_map": {},
    "metrics": {
        "max_ca_deviation": 0.07468128204345703,
        "n_chainbreaks": 0,
        "n_clashing.interresidue_clashes_w_sidechain": 0,
        "n_clashing.interresidue_clashes_w_backbone": 0,
        "n_clashing.ligand_clashes": 0,
        "n_clashing.ligand_min_distance": 3.323139190673828,
        "non_loop_fraction": 0.6867088607594938,
        "loop_fraction": 0.31329113924050633,
        "helix_fraction": 0.5506329113924051,
        "sheet_fraction": 0.1360759493670886,
        "num_ss_elements": 19,
        "radius_of_gyration": 17.907267863041263,
        "alanine_content": 0.370253164556962,
        "glycine_content": 0.06962025316455696,
        "num_residues": 316,
        "diffused_com": [
            -1.2380203008651733,
            4.945013523101807,
            2.2697336673736572
        ],
        "fixed_com": [
            -0.0003396739193703979,
            0.00046705163549631834,
            4.245923992129974e-05
        ]
    },
    "specification": {
        "input": "/home/iska/amelie-ai/ThermoGFN/data/rfd3/ccd_ligands/structures/L74.cif",
        "length": "20-400",
        "ligand": "L74",
        "extra": {
            "example": "ligand_400_ccd_l74",
            "task_name": "spec_ligand_400_ccd_l74_ligand_400_ccd_l74",
            "sampled_contig": "316",
            "num_tokens_in": 317,
            "num_residues_in": 317,
            "num_chains": 2,
            "num_atoms": 1603,
            "num_residues": 319,
            "example_id": "spec_ligand_400_ccd_l74_ligand_400_ccd_l74_0"
        },
        "select_fixed_atoms": {
            "L74": "ALL"
        },
        "select_unfixed_sequence": false
    },
    "ckpt_path": "/home/iska/amelie-ai/ThermoGFN/weights/rfd3_latest.ckpt",
    "seed": null
}