{
    "diffused_index_map": {},
    "metrics": {
        "max_ca_deviation": 0.08008003234863281,
        "n_chainbreaks": 0,
        "n_clashing.interresidue_clashes_w_sidechain": 0,
        "n_clashing.interresidue_clashes_w_backbone": 0,
        "n_clashing.ligand_clashes": 0,
        "n_clashing.ligand_min_distance": 4.218193531036377,
        "non_loop_fraction": 0.6807511737089202,
        "loop_fraction": 0.3192488262910798,
        "helix_fraction": 0.5492957746478874,
        "sheet_fraction": 0.13145539906103287,
        "num_ss_elements": 12,
        "radius_of_gyration": 16.127050022049065,
        "alanine_content": 0.19248826291079812,
        "glycine_content": 0.046948356807511735,
        "num_residues": 213,
        "diffused_com": [
            -3.0860092639923096,
            -1.2286478281021118,
            0.5524446368217468
        ],
        "fixed_com": [
            -0.0010279605630785227,
            0.00012849507038481534,
            0.0004625822475645691
        ]
    },
    "specification": {
        "input": "/home/iska/amelie-ai/ThermoGFN/data/rfd3/ccd_ligands/structures/A1HZ7.cif",
        "length": "20-400",
        "ligand": "A1HZ7",
        "extra": {
            "example": "ligand_278_ccd_a1hz7",
            "task_name": "spec_ligand_278_ccd_a1hz7_ligand_278_ccd_a1hz7",
            "sampled_contig": "213",
            "num_tokens_in": 214,
            "num_residues_in": 214,
            "num_chains": 2,
            "num_atoms": 1084,
            "num_residues": 216,
            "example_id": "spec_ligand_278_ccd_a1hz7_ligand_278_ccd_a1hz7_2"
        },
        "select_fixed_atoms": {
            "A1HZ7": "ALL"
        },
        "select_unfixed_sequence": false
    },
    "ckpt_path": "/home/iska/amelie-ai/ThermoGFN/weights/rfd3_latest.ckpt",
    "seed": null
}