{
    "diffused_index_map": {},
    "metrics": {
        "max_ca_deviation": 0.05226540565490723,
        "n_chainbreaks": 0,
        "n_clashing.interresidue_clashes_w_sidechain": 0,
        "n_clashing.interresidue_clashes_w_backbone": 0,
        "n_clashing.ligand_clashes": 0,
        "n_clashing.ligand_min_distance": 4.679130554199219,
        "non_loop_fraction": 0.6818181818181819,
        "loop_fraction": 0.3181818181818182,
        "helix_fraction": 0.07575757575757576,
        "sheet_fraction": 0.6060606060606061,
        "num_ss_elements": 11,
        "radius_of_gyration": 13.78584878815386,
        "alanine_content": 0.14393939393939395,
        "glycine_content": 0.06818181818181818,
        "num_residues": 132,
        "diffused_com": [
            1.2069369554519653,
            1.1759259700775146,
            0.378622829914093
        ],
        "fixed_com": [
            0.001708984375,
            0.0009307861328125,
            2.0345052689663135e-05
        ]
    },
    "specification": {
        "input": "/home/iska/amelie-ai/ThermoGFN/data/rfd3/ccd_ligands/structures/23J.cif",
        "length": "20-400",
        "ligand": "23J",
        "extra": {
            "example": "ligand_039_ccd_23j",
            "task_name": "spec_ligand_039_ccd_23j_ligand_039_ccd_23j",
            "sampled_contig": "132",
            "num_tokens_in": 133,
            "num_residues_in": 133,
            "num_chains": 2,
            "num_atoms": 672,
            "num_residues": 135,
            "example_id": "spec_ligand_039_ccd_23j_ligand_039_ccd_23j_2"
        },
        "select_fixed_atoms": {
            "23J": "ALL"
        },
        "select_unfixed_sequence": false
    },
    "ckpt_path": "/home/iska/amelie-ai/ThermoGFN/weights/rfd3_latest.ckpt",
    "seed": null
}