{
    "diffused_index_map": {},
    "metrics": {
        "max_ca_deviation": 0.08037781715393066,
        "n_chainbreaks": 0,
        "n_clashing.interresidue_clashes_w_sidechain": 0,
        "n_clashing.interresidue_clashes_w_backbone": 0,
        "n_clashing.ligand_clashes": 0,
        "n_clashing.ligand_min_distance": 4.656209945678711,
        "non_loop_fraction": 0.6204379562043796,
        "loop_fraction": 0.3795620437956204,
        "helix_fraction": 0.18248175182481752,
        "sheet_fraction": 0.43795620437956206,
        "num_ss_elements": 9,
        "radius_of_gyration": 13.824525917203315,
        "alanine_content": 0.20437956204379562,
        "glycine_content": 0.043795620437956206,
        "num_residues": 137,
        "diffused_com": [
            1.920013427734375,
            -1.9506573677062988,
            -0.186593160033226
        ],
        "fixed_com": [
            -0.0006975446594879031,
            -0.0002092633949359879,
            0.00013950893480796367
        ]
    },
    "specification": {
        "input": "/home/iska/amelie-ai/ThermoGFN/data/rfd3/ccd_ligands/structures/A1AJ0.cif",
        "length": "20-400",
        "ligand": "A1AJ0",
        "extra": {
            "example": "ligand_058_ccd_a1aj0",
            "task_name": "spec_ligand_058_ccd_a1aj0_ligand_058_ccd_a1aj0",
            "sampled_contig": "137",
            "num_tokens_in": 138,
            "num_residues_in": 138,
            "num_chains": 2,
            "num_atoms": 699,
            "num_residues": 140,
            "example_id": "spec_ligand_058_ccd_a1aj0_ligand_058_ccd_a1aj0_0"
        },
        "select_fixed_atoms": {
            "A1AJ0": "ALL"
        },
        "select_unfixed_sequence": false
    },
    "ckpt_path": "/home/iska/amelie-ai/ThermoGFN/weights/rfd3_latest.ckpt",
    "seed": null
}