{
    "diffused_index_map": {},
    "metrics": {
        "max_ca_deviation": 0.8589434623718262,
        "n_chainbreaks": 1,
        "n_clashing.interresidue_clashes_w_sidechain": 0,
        "n_clashing.interresidue_clashes_w_backbone": 0,
        "n_clashing.ligand_clashes": 0,
        "n_clashing.ligand_min_distance": 2.4822258949279785,
        "non_loop_fraction": 0.6933797909407665,
        "loop_fraction": 0.30662020905923343,
        "helix_fraction": 0.5331010452961672,
        "sheet_fraction": 0.1602787456445993,
        "num_ss_elements": 19,
        "radius_of_gyration": 16.926036126316422,
        "alanine_content": 0.39372822299651566,
        "glycine_content": 0.09407665505226481,
        "num_residues": 287,
        "diffused_com": [
            -1.339141845703125,
            2.3284506797790527,
            -3.591902494430542
        ],
        "fixed_com": [
            -0.0006975446594879031,
            -0.0002092633949359879,
            0.00013950893480796367
        ]
    },
    "specification": {
        "input": "/home/iska/amelie-ai/ThermoGFN/data/rfd3/ccd_ligands/structures/A1AJ0.cif",
        "length": "20-400",
        "ligand": "A1AJ0",
        "extra": {
            "example": "ligand_058_ccd_a1aj0",
            "task_name": "spec_ligand_058_ccd_a1aj0_ligand_058_ccd_a1aj0",
            "sampled_contig": "287",
            "num_tokens_in": 288,
            "num_residues_in": 288,
            "num_chains": 2,
            "num_atoms": 1449,
            "num_residues": 290,
            "example_id": "spec_ligand_058_ccd_a1aj0_ligand_058_ccd_a1aj0_2"
        },
        "select_fixed_atoms": {
            "A1AJ0": "ALL"
        },
        "select_unfixed_sequence": false
    },
    "ckpt_path": "/home/iska/amelie-ai/ThermoGFN/weights/rfd3_latest.ckpt",
    "seed": null
}