{
    "diffused_index_map": {},
    "metrics": {
        "max_ca_deviation": 0.08931922912597656,
        "n_chainbreaks": 0,
        "n_clashing.interresidue_clashes_w_sidechain": 1,
        "n_clashing.interresidue_clashes_w_backbone": 0,
        "n_clashing.ligand_clashes": 0,
        "n_clashing.ligand_min_distance": 3.9632017612457275,
        "non_loop_fraction": 0.6337579617834395,
        "loop_fraction": 0.3662420382165605,
        "helix_fraction": 0.4840764331210191,
        "sheet_fraction": 0.14968152866242038,
        "num_ss_elements": 19,
        "radius_of_gyration": 17.522321750867174,
        "alanine_content": 0.37898089171974525,
        "glycine_content": 0.054140127388535034,
        "num_residues": 314,
        "diffused_com": [
            1.7098243236541748,
            2.6883788108825684,
            -0.9199744462966919
        ],
        "fixed_com": [
            -0.0006975446594879031,
            -0.0002092633949359879,
            0.00013950893480796367
        ]
    },
    "specification": {
        "input": "/home/iska/amelie-ai/ThermoGFN/data/rfd3/ccd_ligands/structures/A1AJ0.cif",
        "length": "20-400",
        "ligand": "A1AJ0",
        "extra": {
            "example": "ligand_058_ccd_a1aj0",
            "task_name": "spec_ligand_058_ccd_a1aj0_ligand_058_ccd_a1aj0",
            "sampled_contig": "314",
            "num_tokens_in": 315,
            "num_residues_in": 315,
            "num_chains": 2,
            "num_atoms": 1584,
            "num_residues": 317,
            "example_id": "spec_ligand_058_ccd_a1aj0_ligand_058_ccd_a1aj0_1"
        },
        "select_fixed_atoms": {
            "A1AJ0": "ALL"
        },
        "select_unfixed_sequence": false
    },
    "ckpt_path": "/home/iska/amelie-ai/ThermoGFN/weights/rfd3_latest.ckpt",
    "seed": null
}