{
    "diffused_index_map": {},
    "metrics": {
        "max_ca_deviation": 0.06638383865356445,
        "n_chainbreaks": 0,
        "n_clashing.interresidue_clashes_w_sidechain": 1,
        "n_clashing.interresidue_clashes_w_backbone": 0,
        "n_clashing.ligand_clashes": 0,
        "n_clashing.ligand_min_distance": 4.541719913482666,
        "non_loop_fraction": 0.6526946107784432,
        "loop_fraction": 0.3473053892215569,
        "helix_fraction": 0.47305389221556887,
        "sheet_fraction": 0.17964071856287425,
        "num_ss_elements": 9,
        "radius_of_gyration": 15.003945465595535,
        "alanine_content": 0.25748502994011974,
        "glycine_content": 0.03592814371257485,
        "num_residues": 167,
        "diffused_com": [
            0.1577552706003189,
            -0.2778567373752594,
            -0.07933786511421204
        ],
        "fixed_com": [
            0.0008223684271797538,
            0.0009123149793595076,
            -0.00020719828899018466
        ]
    },
    "specification": {
        "input": "/home/iska/amelie-ai/ThermoGFN/data/rfd3/ccd_ligands/structures/BS4.cif",
        "length": "20-400",
        "ligand": "BS4",
        "extra": {
            "example": "ligand_266_ccd_bs4",
            "task_name": "spec_ligand_266_ccd_bs4_ligand_266_ccd_bs4",
            "sampled_contig": "167",
            "num_tokens_in": 168,
            "num_residues_in": 168,
            "num_chains": 2,
            "num_atoms": 854,
            "num_residues": 170,
            "example_id": "spec_ligand_266_ccd_bs4_ligand_266_ccd_bs4_2"
        },
        "select_fixed_atoms": {
            "BS4": "ALL"
        },
        "select_unfixed_sequence": false
    },
    "ckpt_path": "/home/iska/amelie-ai/ThermoGFN/weights/rfd3_latest.ckpt",
    "seed": null
}