{
    "diffused_index_map": {},
    "metrics": {
        "max_ca_deviation": 0.06973862648010254,
        "n_chainbreaks": 0,
        "n_clashing.interresidue_clashes_w_sidechain": 0,
        "n_clashing.interresidue_clashes_w_backbone": 0,
        "n_clashing.ligand_clashes": 0,
        "n_clashing.ligand_min_distance": 3.4361751079559326,
        "non_loop_fraction": 0.6474358974358974,
        "loop_fraction": 0.3525641025641026,
        "helix_fraction": 0.34615384615384615,
        "sheet_fraction": 0.30128205128205127,
        "num_ss_elements": 11,
        "radius_of_gyration": 13.97486526858876,
        "alanine_content": 0.3076923076923077,
        "glycine_content": 0.07692307692307693,
        "num_residues": 156,
        "diffused_com": [
            -0.22490310668945312,
            1.169219970703125,
            3.129354238510132
        ],
        "fixed_com": [
            0.0008223684271797538,
            0.0009123149793595076,
            -0.00020719828899018466
        ]
    },
    "specification": {
        "input": "/home/iska/amelie-ai/ThermoGFN/data/rfd3/ccd_ligands/structures/BS4.cif",
        "length": "20-400",
        "ligand": "BS4",
        "extra": {
            "example": "ligand_266_ccd_bs4",
            "task_name": "spec_ligand_266_ccd_bs4_ligand_266_ccd_bs4",
            "sampled_contig": "156",
            "num_tokens_in": 157,
            "num_residues_in": 157,
            "num_chains": 2,
            "num_atoms": 799,
            "num_residues": 159,
            "example_id": "spec_ligand_266_ccd_bs4_ligand_266_ccd_bs4_0"
        },
        "select_fixed_atoms": {
            "BS4": "ALL"
        },
        "select_unfixed_sequence": false
    },
    "ckpt_path": "/home/iska/amelie-ai/ThermoGFN/weights/rfd3_latest.ckpt",
    "seed": null
}