{
    "diffused_index_map": {},
    "metrics": {
        "max_ca_deviation": 0.07651209831237793,
        "n_chainbreaks": 0,
        "n_clashing.interresidue_clashes_w_sidechain": 0,
        "n_clashing.interresidue_clashes_w_backbone": 0,
        "n_clashing.ligand_clashes": 0,
        "n_clashing.ligand_min_distance": 3.1415913105010986,
        "non_loop_fraction": 0.7335164835164836,
        "loop_fraction": 0.2664835164835165,
        "helix_fraction": 0.6181318681318682,
        "sheet_fraction": 0.11538461538461539,
        "num_ss_elements": 21,
        "radius_of_gyration": 18.46525334558131,
        "alanine_content": 0.4065934065934066,
        "glycine_content": 0.10714285714285714,
        "num_residues": 364,
        "diffused_com": [
            1.1369142532348633,
            2.4553487300872803,
            -0.022502001374959946
        ],
        "fixed_com": [
            -0.0013020833721384406,
            0.0005289713735692203,
            2.066294428004767e-06
        ]
    },
    "specification": {
        "input": "/home/iska/amelie-ai/ThermoGFN/data/rfd3/ccd_ligands/structures/Y3E.cif",
        "length": "20-400",
        "ligand": "Y3E",
        "extra": {
            "example": "ligand_063_ccd_y3e",
            "task_name": "spec_ligand_063_ccd_y3e_ligand_063_ccd_y3e",
            "sampled_contig": "364",
            "num_tokens_in": 365,
            "num_residues_in": 365,
            "num_chains": 2,
            "num_atoms": 1832,
            "num_residues": 367,
            "example_id": "spec_ligand_063_ccd_y3e_ligand_063_ccd_y3e_1"
        },
        "select_fixed_atoms": {
            "Y3E": "ALL"
        },
        "select_unfixed_sequence": false
    },
    "ckpt_path": "/home/iska/amelie-ai/ThermoGFN/weights/rfd3_latest.ckpt",
    "seed": null
}