{
    "diffused_index_map": {},
    "metrics": {
        "max_ca_deviation": 0.9081249237060547,
        "n_chainbreaks": 1,
        "n_clashing.interresidue_clashes_w_sidechain": 0,
        "n_clashing.interresidue_clashes_w_backbone": 0,
        "n_clashing.ligand_clashes": 0,
        "n_clashing.ligand_min_distance": 3.1382429599761963,
        "non_loop_fraction": 0.5175438596491229,
        "loop_fraction": 0.4824561403508772,
        "helix_fraction": 0.35526315789473684,
        "sheet_fraction": 0.16228070175438597,
        "num_ss_elements": 13,
        "radius_of_gyration": 15.73619503329566,
        "alanine_content": 0.3201754385964912,
        "glycine_content": 0.05701754385964912,
        "num_residues": 228,
        "diffused_com": [
            1.886755347251892,
            -1.6756399869918823,
            0.04140373691916466
        ],
        "fixed_com": [
            -0.0012770432513207197,
            -0.00041316106216982007,
            0.00011033278133254498
        ]
    },
    "specification": {
        "input": "/home/iska/amelie-ai/ThermoGFN/data/rfd3/ccd_ligands/structures/4GE.cif",
        "length": "20-400",
        "ligand": "4GE",
        "extra": {
            "example": "ligand_523_ccd_4ge",
            "task_name": "spec_ligand_523_ccd_4ge_ligand_523_ccd_4ge",
            "sampled_contig": "228",
            "num_tokens_in": 229,
            "num_residues_in": 229,
            "num_chains": 2,
            "num_atoms": 1166,
            "num_residues": 231,
            "example_id": "spec_ligand_523_ccd_4ge_ligand_523_ccd_4ge_0"
        },
        "select_fixed_atoms": {
            "4GE": "ALL"
        },
        "select_unfixed_sequence": false
    },
    "ckpt_path": "/home/iska/amelie-ai/ThermoGFN/weights/rfd3_latest.ckpt",
    "seed": null
}