{
    "diffused_index_map": {},
    "metrics": {
        "max_ca_deviation": 0.06972146034240723,
        "n_chainbreaks": 0,
        "n_clashing.interresidue_clashes_w_sidechain": 0,
        "n_clashing.interresidue_clashes_w_backbone": 0,
        "n_clashing.ligand_clashes": 0,
        "n_clashing.ligand_min_distance": 2.091036796569824,
        "non_loop_fraction": 0.6150234741784038,
        "loop_fraction": 0.38497652582159625,
        "helix_fraction": 0.4131455399061033,
        "sheet_fraction": 0.20187793427230047,
        "num_ss_elements": 15,
        "radius_of_gyration": 15.107377522977062,
        "alanine_content": 0.43661971830985913,
        "glycine_content": 0.06103286384976526,
        "num_residues": 213,
        "diffused_com": [
            0.2647445499897003,
            -3.923543930053711,
            -0.19589999318122864
        ],
        "fixed_com": [
            -0.0006103515625,
            0.0011251698015257716,
            0.00015059761062730104
        ]
    },
    "specification": {
        "input": "/home/iska/amelie-ai/ThermoGFN/data/rfd3/ccd_ligands/structures/Q87.cif",
        "length": "20-400",
        "ligand": "Q87",
        "extra": {
            "example": "ligand_407_ccd_q87",
            "task_name": "spec_ligand_407_ccd_q87_ligand_407_ccd_q87",
            "sampled_contig": "213",
            "num_tokens_in": 214,
            "num_residues_in": 214,
            "num_chains": 2,
            "num_atoms": 1088,
            "num_residues": 216,
            "example_id": "spec_ligand_407_ccd_q87_ligand_407_ccd_q87_1"
        },
        "select_fixed_atoms": {
            "Q87": "ALL"
        },
        "select_unfixed_sequence": false
    },
    "ckpt_path": "/home/iska/amelie-ai/ThermoGFN/weights/rfd3_latest.ckpt",
    "seed": null
}