{
    "diffused_index_map": {},
    "metrics": {
        "max_ca_deviation": 0.10379219055175781,
        "n_chainbreaks": 0,
        "n_clashing.interresidue_clashes_w_sidechain": 0,
        "n_clashing.interresidue_clashes_w_backbone": 0,
        "n_clashing.ligand_clashes": 0,
        "n_clashing.ligand_min_distance": 3.5887370109558105,
        "non_loop_fraction": 0.6509695290858726,
        "loop_fraction": 0.3490304709141274,
        "helix_fraction": 0.4099722991689751,
        "sheet_fraction": 0.2409972299168975,
        "num_ss_elements": 25,
        "radius_of_gyration": 18.20267512043066,
        "alanine_content": 0.3656509695290859,
        "glycine_content": 0.09418282548476455,
        "num_residues": 361,
        "diffused_com": [
            1.165208339691162,
            -1.6221593618392944,
            -0.061111319810152054
        ],
        "fixed_com": [
            -0.0006103515625,
            0.0011251698015257716,
            0.00015059761062730104
        ]
    },
    "specification": {
        "input": "/home/iska/amelie-ai/ThermoGFN/data/rfd3/ccd_ligands/structures/Q87.cif",
        "length": "20-400",
        "ligand": "Q87",
        "extra": {
            "example": "ligand_407_ccd_q87",
            "task_name": "spec_ligand_407_ccd_q87_ligand_407_ccd_q87",
            "sampled_contig": "361",
            "num_tokens_in": 362,
            "num_residues_in": 362,
            "num_chains": 2,
            "num_atoms": 1828,
            "num_residues": 364,
            "example_id": "spec_ligand_407_ccd_q87_ligand_407_ccd_q87_0"
        },
        "select_fixed_atoms": {
            "Q87": "ALL"
        },
        "select_unfixed_sequence": false
    },
    "ckpt_path": "/home/iska/amelie-ai/ThermoGFN/weights/rfd3_latest.ckpt",
    "seed": null
}