{
    "diffused_index_map": {},
    "metrics": {
        "max_ca_deviation": 0.07338094711303711,
        "n_chainbreaks": 0,
        "n_clashing.interresidue_clashes_w_sidechain": 0,
        "n_clashing.interresidue_clashes_w_backbone": 0,
        "n_clashing.ligand_clashes": 0,
        "n_clashing.ligand_min_distance": 2.483881711959839,
        "non_loop_fraction": 0.8143712574850299,
        "loop_fraction": 0.18562874251497005,
        "helix_fraction": 0.7365269461077845,
        "sheet_fraction": 0.07784431137724551,
        "num_ss_elements": 20,
        "radius_of_gyration": 17.970545120267992,
        "alanine_content": 0.3562874251497006,
        "glycine_content": 0.04790419161676647,
        "num_residues": 334,
        "diffused_com": [
            -3.1349101066589355,
            -0.7360900640487671,
            1.322906494140625
        ],
        "fixed_com": [
            -0.0015733507461845875,
            0.0009675202309153974,
            -0.00027126737404614687
        ]
    },
    "specification": {
        "input": "/home/iska/amelie-ai/ThermoGFN/data/rfd3/ccd_ligands/structures/J0W.cif",
        "length": "20-400",
        "ligand": "J0W",
        "extra": {
            "example": "ligand_508_ccd_j0w",
            "task_name": "spec_ligand_508_ccd_j0w_ligand_508_ccd_j0w",
            "sampled_contig": "334",
            "num_tokens_in": 335,
            "num_residues_in": 335,
            "num_chains": 2,
            "num_atoms": 1697,
            "num_residues": 337,
            "example_id": "spec_ligand_508_ccd_j0w_ligand_508_ccd_j0w_0"
        },
        "select_fixed_atoms": {
            "J0W": "ALL"
        },
        "select_unfixed_sequence": false
    },
    "ckpt_path": "/home/iska/amelie-ai/ThermoGFN/weights/rfd3_latest.ckpt",
    "seed": null
}