{
    "diffused_index_map": {},
    "metrics": {
        "max_ca_deviation": 0.0566103458404541,
        "n_chainbreaks": 0,
        "n_clashing.interresidue_clashes_w_sidechain": 0,
        "n_clashing.interresidue_clashes_w_backbone": 0,
        "n_clashing.ligand_clashes": 0,
        "n_clashing.ligand_min_distance": 3.6677134037017822,
        "non_loop_fraction": 0.6589147286821705,
        "loop_fraction": 0.34108527131782945,
        "helix_fraction": 0.5581395348837209,
        "sheet_fraction": 0.10077519379844961,
        "num_ss_elements": 15,
        "radius_of_gyration": 16.83621547445396,
        "alanine_content": 0.2868217054263566,
        "glycine_content": 0.09302325581395349,
        "num_residues": 258,
        "diffused_com": [
            2.248427152633667,
            4.933978080749512,
            2.050384521484375
        ],
        "fixed_com": [
            -0.0010546875419095159,
            -0.00019531250291038305,
            -0.00042968749767169356
        ]
    },
    "specification": {
        "input": "/home/iska/amelie-ai/ThermoGFN/data/rfd3/ccd_ligands/structures/4SY.cif",
        "length": "20-400",
        "ligand": "4SY",
        "extra": {
            "example": "ligand_456_ccd_4sy",
            "task_name": "spec_ligand_456_ccd_4sy_ligand_456_ccd_4sy",
            "sampled_contig": "258",
            "num_tokens_in": 259,
            "num_residues_in": 259,
            "num_chains": 2,
            "num_atoms": 1315,
            "num_residues": 261,
            "example_id": "spec_ligand_456_ccd_4sy_ligand_456_ccd_4sy_1"
        },
        "select_fixed_atoms": {
            "4SY": "ALL"
        },
        "select_unfixed_sequence": false
    },
    "ckpt_path": "/home/iska/amelie-ai/ThermoGFN/weights/rfd3_latest.ckpt",
    "seed": null
}