{
    "diffused_index_map": {},
    "metrics": {
        "max_ca_deviation": 0.06068873405456543,
        "n_chainbreaks": 0,
        "n_clashing.interresidue_clashes_w_sidechain": 0,
        "n_clashing.interresidue_clashes_w_backbone": 0,
        "n_clashing.ligand_clashes": 0,
        "n_clashing.ligand_min_distance": 3.637160301208496,
        "non_loop_fraction": 0.6073619631901841,
        "loop_fraction": 0.39263803680981596,
        "helix_fraction": 0.3803680981595092,
        "sheet_fraction": 0.22699386503067484,
        "num_ss_elements": 10,
        "radius_of_gyration": 15.223495866404841,
        "alanine_content": 0.147239263803681,
        "glycine_content": 0.03067484662576687,
        "num_residues": 163,
        "diffused_com": [
            0.6594143509864807,
            5.496293544769287,
            -2.2510766983032227
        ],
        "fixed_com": [
            -0.0010546875419095159,
            -0.00019531250291038305,
            -0.00042968749767169356
        ]
    },
    "specification": {
        "input": "/home/iska/amelie-ai/ThermoGFN/data/rfd3/ccd_ligands/structures/4SY.cif",
        "length": "20-400",
        "ligand": "4SY",
        "extra": {
            "example": "ligand_456_ccd_4sy",
            "task_name": "spec_ligand_456_ccd_4sy_ligand_456_ccd_4sy",
            "sampled_contig": "163",
            "num_tokens_in": 164,
            "num_residues_in": 164,
            "num_chains": 2,
            "num_atoms": 840,
            "num_residues": 166,
            "example_id": "spec_ligand_456_ccd_4sy_ligand_456_ccd_4sy_2"
        },
        "select_fixed_atoms": {
            "4SY": "ALL"
        },
        "select_unfixed_sequence": false
    },
    "ckpt_path": "/home/iska/amelie-ai/ThermoGFN/weights/rfd3_latest.ckpt",
    "seed": null
}