{
    "diffused_index_map": {},
    "metrics": {
        "max_ca_deviation": 0.07450723648071289,
        "n_chainbreaks": 0,
        "n_clashing.interresidue_clashes_w_sidechain": 0,
        "n_clashing.interresidue_clashes_w_backbone": 0,
        "n_clashing.ligand_clashes": 0,
        "n_clashing.ligand_min_distance": 3.957993984222412,
        "non_loop_fraction": 0.673469387755102,
        "loop_fraction": 0.32653061224489793,
        "helix_fraction": 0.42857142857142855,
        "sheet_fraction": 0.24489795918367346,
        "num_ss_elements": 12,
        "radius_of_gyration": 13.653965519068848,
        "alanine_content": 0.32653061224489793,
        "glycine_content": 0.05442176870748299,
        "num_residues": 147,
        "diffused_com": [
            -0.8075705766677856,
            -0.9397527575492859,
            2.4919934272766113
        ],
        "fixed_com": [
            -0.00027901786961592734,
            -0.0006801060517318547,
            -1.4986310361564392e-06
        ]
    },
    "specification": {
        "input": "/home/iska/amelie-ai/ThermoGFN/data/rfd3/ccd_ligands/structures/IF3.cif",
        "length": "20-400",
        "ligand": "IF3",
        "extra": {
            "example": "ligand_060_ccd_if3",
            "task_name": "spec_ligand_060_ccd_if3_ligand_060_ccd_if3",
            "sampled_contig": "147",
            "num_tokens_in": 148,
            "num_residues_in": 148,
            "num_chains": 2,
            "num_atoms": 749,
            "num_residues": 150,
            "example_id": "spec_ligand_060_ccd_if3_ligand_060_ccd_if3_2"
        },
        "select_fixed_atoms": {
            "IF3": "ALL"
        },
        "select_unfixed_sequence": false
    },
    "ckpt_path": "/home/iska/amelie-ai/ThermoGFN/weights/rfd3_latest.ckpt",
    "seed": null
}