{
    "diffused_index_map": {},
    "metrics": {
        "max_ca_deviation": 0.053322792053222656,
        "n_chainbreaks": 0,
        "n_clashing.interresidue_clashes_w_sidechain": 0,
        "n_clashing.interresidue_clashes_w_backbone": 0,
        "n_clashing.ligand_clashes": 0,
        "n_clashing.ligand_min_distance": 4.076005458831787,
        "non_loop_fraction": 0.5961538461538463,
        "loop_fraction": 0.40384615384615385,
        "helix_fraction": 0.25961538461538464,
        "sheet_fraction": 0.33653846153846156,
        "num_ss_elements": 6,
        "radius_of_gyration": 12.792547824286572,
        "alanine_content": 0.22115384615384615,
        "glycine_content": 0.04807692307692308,
        "num_residues": 104,
        "diffused_com": [
            0.6486737728118896,
            2.3891818523406982,
            -0.5910288691520691
        ],
        "fixed_com": [
            -0.00027901786961592734,
            -0.0006801060517318547,
            -1.4986310361564392e-06
        ]
    },
    "specification": {
        "input": "/home/iska/amelie-ai/ThermoGFN/data/rfd3/ccd_ligands/structures/IF3.cif",
        "length": "20-400",
        "ligand": "IF3",
        "extra": {
            "example": "ligand_060_ccd_if3",
            "task_name": "spec_ligand_060_ccd_if3_ligand_060_ccd_if3",
            "sampled_contig": "104",
            "num_tokens_in": 105,
            "num_residues_in": 105,
            "num_chains": 2,
            "num_atoms": 534,
            "num_residues": 107,
            "example_id": "spec_ligand_060_ccd_if3_ligand_060_ccd_if3_1"
        },
        "select_fixed_atoms": {
            "IF3": "ALL"
        },
        "select_unfixed_sequence": false
    },
    "ckpt_path": "/home/iska/amelie-ai/ThermoGFN/weights/rfd3_latest.ckpt",
    "seed": null
}