{
    "diffused_index_map": {},
    "metrics": {
        "max_ca_deviation": 0.09826183319091797,
        "n_chainbreaks": 0,
        "n_clashing.interresidue_clashes_w_sidechain": 1,
        "n_clashing.interresidue_clashes_w_backbone": 0,
        "n_clashing.ligand_clashes": 0,
        "n_clashing.ligand_min_distance": 2.778404712677002,
        "non_loop_fraction": 0.6816816816816816,
        "loop_fraction": 0.3183183183183183,
        "helix_fraction": 0.5375375375375375,
        "sheet_fraction": 0.14414414414414414,
        "num_ss_elements": 21,
        "radius_of_gyration": 18.274810667094048,
        "alanine_content": 0.2732732732732733,
        "glycine_content": 0.07507507507507508,
        "num_residues": 333,
        "diffused_com": [
            2.5526089668273926,
            0.883968710899353,
            2.5773894786834717
        ],
        "fixed_com": [
            -9.765625145519152e-05,
            -0.0004638671816792339,
            0.0002388000430073589
        ]
    },
    "specification": {
        "input": "/home/iska/amelie-ai/ThermoGFN/data/rfd3/ccd_ligands/structures/X07.cif",
        "length": "20-400",
        "ligand": "X07",
        "extra": {
            "example": "ligand_257_ccd_x07",
            "task_name": "spec_ligand_257_ccd_x07_ligand_257_ccd_x07",
            "sampled_contig": "333",
            "num_tokens_in": 334,
            "num_residues_in": 334,
            "num_chains": 2,
            "num_atoms": 1685,
            "num_residues": 336,
            "example_id": "spec_ligand_257_ccd_x07_ligand_257_ccd_x07_2"
        },
        "select_fixed_atoms": {
            "X07": "ALL"
        },
        "select_unfixed_sequence": false
    },
    "ckpt_path": "/home/iska/amelie-ai/ThermoGFN/weights/rfd3_latest.ckpt",
    "seed": null
}