{
    "diffused_index_map": {},
    "metrics": {
        "max_ca_deviation": 0.07866787910461426,
        "n_chainbreaks": 0,
        "n_clashing.interresidue_clashes_w_sidechain": 0,
        "n_clashing.interresidue_clashes_w_backbone": 0,
        "n_clashing.ligand_clashes": 0,
        "n_clashing.ligand_min_distance": 2.5530426502227783,
        "non_loop_fraction": 0.6273062730627306,
        "loop_fraction": 0.3726937269372694,
        "helix_fraction": 0.4797047970479705,
        "sheet_fraction": 0.14760147601476015,
        "num_ss_elements": 15,
        "radius_of_gyration": 17.54771028994327,
        "alanine_content": 0.3726937269372694,
        "glycine_content": 0.05166051660516605,
        "num_residues": 271,
        "diffused_com": [
            0.9124147295951843,
            0.054006677120923996,
            -3.9620583057403564
        ],
        "fixed_com": [
            -9.765625145519152e-05,
            -0.0004638671816792339,
            0.0002388000430073589
        ]
    },
    "specification": {
        "input": "/home/iska/amelie-ai/ThermoGFN/data/rfd3/ccd_ligands/structures/X07.cif",
        "length": "20-400",
        "ligand": "X07",
        "extra": {
            "example": "ligand_257_ccd_x07",
            "task_name": "spec_ligand_257_ccd_x07_ligand_257_ccd_x07",
            "sampled_contig": "271",
            "num_tokens_in": 272,
            "num_residues_in": 272,
            "num_chains": 2,
            "num_atoms": 1375,
            "num_residues": 274,
            "example_id": "spec_ligand_257_ccd_x07_ligand_257_ccd_x07_0"
        },
        "select_fixed_atoms": {
            "X07": "ALL"
        },
        "select_unfixed_sequence": false
    },
    "ckpt_path": "/home/iska/amelie-ai/ThermoGFN/weights/rfd3_latest.ckpt",
    "seed": null
}