{
    "diffused_index_map": {},
    "metrics": {
        "max_ca_deviation": 0.08792781829833984,
        "n_chainbreaks": 0,
        "n_clashing.interresidue_clashes_w_sidechain": 0,
        "n_clashing.interresidue_clashes_w_backbone": 0,
        "n_clashing.ligand_clashes": 0,
        "n_clashing.ligand_min_distance": 2.852351427078247,
        "non_loop_fraction": 0.6590038314176245,
        "loop_fraction": 0.34099616858237547,
        "helix_fraction": 0.5210727969348659,
        "sheet_fraction": 0.13793103448275862,
        "num_ss_elements": 17,
        "radius_of_gyration": 16.262384441915337,
        "alanine_content": 0.2988505747126437,
        "glycine_content": 0.07279693486590039,
        "num_residues": 261,
        "diffused_com": [
            2.8465609550476074,
            -1.6974830627441406,
            3.389402151107788
        ],
        "fixed_com": [
            -9.765625145519152e-05,
            -0.0004638671816792339,
            0.0002388000430073589
        ]
    },
    "specification": {
        "input": "/home/iska/amelie-ai/ThermoGFN/data/rfd3/ccd_ligands/structures/X07.cif",
        "length": "20-400",
        "ligand": "X07",
        "extra": {
            "example": "ligand_257_ccd_x07",
            "task_name": "spec_ligand_257_ccd_x07_ligand_257_ccd_x07",
            "sampled_contig": "261",
            "num_tokens_in": 262,
            "num_residues_in": 262,
            "num_chains": 2,
            "num_atoms": 1325,
            "num_residues": 264,
            "example_id": "spec_ligand_257_ccd_x07_ligand_257_ccd_x07_1"
        },
        "select_fixed_atoms": {
            "X07": "ALL"
        },
        "select_unfixed_sequence": false
    },
    "ckpt_path": "/home/iska/amelie-ai/ThermoGFN/weights/rfd3_latest.ckpt",
    "seed": null
}