{
    "diffused_index_map": {},
    "metrics": {
        "max_ca_deviation": 0.06360483169555664,
        "n_chainbreaks": 0,
        "n_clashing.interresidue_clashes_w_sidechain": 1,
        "n_clashing.interresidue_clashes_w_backbone": 0,
        "n_clashing.ligand_clashes": 0,
        "n_clashing.ligand_min_distance": 2.7184691429138184,
        "non_loop_fraction": 0.7535545023696683,
        "loop_fraction": 0.24644549763033174,
        "helix_fraction": 0.6587677725118484,
        "sheet_fraction": 0.0947867298578199,
        "num_ss_elements": 13,
        "radius_of_gyration": 16.615452591318444,
        "alanine_content": 0.21800947867298578,
        "glycine_content": 0.052132701421800945,
        "num_residues": 211,
        "diffused_com": [
            2.163952589035034,
            -0.7555599808692932,
            1.6797302961349487
        ],
        "fixed_com": [
            -0.00244140625,
            -0.0006883409223519266,
            -0.0005154079990461469
        ]
    },
    "specification": {
        "input": "/home/iska/amelie-ai/ThermoGFN/data/rfd3/ccd_ligands/structures/252.cif",
        "length": "20-400",
        "ligand": "252",
        "extra": {
            "example": "ligand_342_ccd_252",
            "task_name": "spec_ligand_342_ccd_252_ligand_342_ccd_252",
            "sampled_contig": "211",
            "num_tokens_in": 212,
            "num_residues_in": 212,
            "num_chains": 2,
            "num_atoms": 1073,
            "num_residues": 214,
            "example_id": "spec_ligand_342_ccd_252_ligand_342_ccd_252_0"
        },
        "select_fixed_atoms": {
            "252": "ALL"
        },
        "select_unfixed_sequence": false
    },
    "ckpt_path": "/home/iska/amelie-ai/ThermoGFN/weights/rfd3_latest.ckpt",
    "seed": null
}