{
    "diffused_index_map": {},
    "metrics": {
        "max_ca_deviation": 0.8473937511444092,
        "n_chainbreaks": 1,
        "n_clashing.interresidue_clashes_w_sidechain": 0,
        "n_clashing.interresidue_clashes_w_backbone": 0,
        "n_clashing.ligand_clashes": 0,
        "n_clashing.ligand_min_distance": 2.6199755668640137,
        "non_loop_fraction": 0.6642335766423357,
        "loop_fraction": 0.3357664233576642,
        "helix_fraction": 0.4927007299270073,
        "sheet_fraction": 0.17153284671532848,
        "num_ss_elements": 20,
        "radius_of_gyration": 16.768550401716137,
        "alanine_content": 0.33211678832116787,
        "glycine_content": 0.06569343065693431,
        "num_residues": 274,
        "diffused_com": [
            1.494650959968567,
            4.202974796295166,
            1.9776434898376465
        ],
        "fixed_com": [
            -0.00244140625,
            -0.0006883409223519266,
            -0.0005154079990461469
        ]
    },
    "specification": {
        "input": "/home/iska/amelie-ai/ThermoGFN/data/rfd3/ccd_ligands/structures/252.cif",
        "length": "20-400",
        "ligand": "252",
        "extra": {
            "example": "ligand_342_ccd_252",
            "task_name": "spec_ligand_342_ccd_252_ligand_342_ccd_252",
            "sampled_contig": "274",
            "num_tokens_in": 275,
            "num_residues_in": 275,
            "num_chains": 2,
            "num_atoms": 1388,
            "num_residues": 277,
            "example_id": "spec_ligand_342_ccd_252_ligand_342_ccd_252_1"
        },
        "select_fixed_atoms": {
            "252": "ALL"
        },
        "select_unfixed_sequence": false
    },
    "ckpt_path": "/home/iska/amelie-ai/ThermoGFN/weights/rfd3_latest.ckpt",
    "seed": null
}