{
    "diffused_index_map": {},
    "metrics": {
        "max_ca_deviation": 0.06898307800292969,
        "n_chainbreaks": 0,
        "n_clashing.interresidue_clashes_w_sidechain": 2,
        "n_clashing.interresidue_clashes_w_backbone": 0,
        "n_clashing.ligand_clashes": 0,
        "n_clashing.ligand_min_distance": 3.5484864711761475,
        "non_loop_fraction": 0.6911196911196911,
        "loop_fraction": 0.3088803088803089,
        "helix_fraction": 0.6254826254826255,
        "sheet_fraction": 0.06563706563706563,
        "num_ss_elements": 15,
        "radius_of_gyration": 17.220631448272467,
        "alanine_content": 0.2277992277992278,
        "glycine_content": 0.02702702702702703,
        "num_residues": 259,
        "diffused_com": [
            -0.2843514084815979,
            0.33954358100891113,
            -1.1300731897354126
        ],
        "fixed_com": [
            9.300595411332324e-05,
            0.00047665549209341407,
            -2.9064360660413513e-06
        ]
    },
    "specification": {
        "input": "/home/iska/amelie-ai/ThermoGFN/data/rfd3/ccd_ligands/structures/36I.cif",
        "length": "20-400",
        "ligand": "36I",
        "extra": {
            "example": "ligand_325_ccd_36i",
            "task_name": "spec_ligand_325_ccd_36i_ligand_325_ccd_36i",
            "sampled_contig": "259",
            "num_tokens_in": 260,
            "num_residues_in": 260,
            "num_chains": 2,
            "num_atoms": 1316,
            "num_residues": 262,
            "example_id": "spec_ligand_325_ccd_36i_ligand_325_ccd_36i_0"
        },
        "select_fixed_atoms": {
            "36I": "ALL"
        },
        "select_unfixed_sequence": false
    },
    "ckpt_path": "/home/iska/amelie-ai/ThermoGFN/weights/rfd3_latest.ckpt",
    "seed": null
}