{
    "diffused_index_map": {},
    "metrics": {
        "max_ca_deviation": 0.0959627628326416,
        "n_chainbreaks": 0,
        "n_clashing.interresidue_clashes_w_sidechain": 0,
        "n_clashing.interresidue_clashes_w_backbone": 0,
        "n_clashing.ligand_clashes": 0,
        "n_clashing.ligand_min_distance": 3.631366729736328,
        "non_loop_fraction": 0.6741573033707865,
        "loop_fraction": 0.3258426966292135,
        "helix_fraction": 0.6601123595505618,
        "sheet_fraction": 0.014044943820224719,
        "num_ss_elements": 17,
        "radius_of_gyration": 18.14881012761546,
        "alanine_content": 0.43258426966292135,
        "glycine_content": 0.056179775280898875,
        "num_residues": 356,
        "diffused_com": [
            -1.4633100032806396,
            1.0607389211654663,
            0.22188542783260345
        ],
        "fixed_com": [
            9.300595411332324e-05,
            0.00047665549209341407,
            -2.9064360660413513e-06
        ]
    },
    "specification": {
        "input": "/home/iska/amelie-ai/ThermoGFN/data/rfd3/ccd_ligands/structures/36I.cif",
        "length": "20-400",
        "ligand": "36I",
        "extra": {
            "example": "ligand_325_ccd_36i",
            "task_name": "spec_ligand_325_ccd_36i_ligand_325_ccd_36i",
            "sampled_contig": "356",
            "num_tokens_in": 357,
            "num_residues_in": 357,
            "num_chains": 2,
            "num_atoms": 1801,
            "num_residues": 359,
            "example_id": "spec_ligand_325_ccd_36i_ligand_325_ccd_36i_2"
        },
        "select_fixed_atoms": {
            "36I": "ALL"
        },
        "select_unfixed_sequence": false
    },
    "ckpt_path": "/home/iska/amelie-ai/ThermoGFN/weights/rfd3_latest.ckpt",
    "seed": null
}