{
    "diffused_index_map": {},
    "metrics": {
        "max_ca_deviation": 0.0927736759185791,
        "n_chainbreaks": 0,
        "n_clashing.interresidue_clashes_w_sidechain": 1,
        "n_clashing.interresidue_clashes_w_backbone": 0,
        "n_clashing.ligand_clashes": 0,
        "n_clashing.ligand_min_distance": 3.427978038787842,
        "non_loop_fraction": 0.7808988764044944,
        "loop_fraction": 0.21910112359550563,
        "helix_fraction": 0.7443820224719101,
        "sheet_fraction": 0.03651685393258427,
        "num_ss_elements": 18,
        "radius_of_gyration": 18.479145079243658,
        "alanine_content": 0.351123595505618,
        "glycine_content": 0.06460674157303371,
        "num_residues": 356,
        "diffused_com": [
            -2.4269330501556396,
            2.3074920177459717,
            -1.0612727403640747
        ],
        "fixed_com": [
            9.300595411332324e-05,
            0.00047665549209341407,
            -2.9064360660413513e-06
        ]
    },
    "specification": {
        "input": "/home/iska/amelie-ai/ThermoGFN/data/rfd3/ccd_ligands/structures/36I.cif",
        "length": "20-400",
        "ligand": "36I",
        "extra": {
            "example": "ligand_325_ccd_36i",
            "task_name": "spec_ligand_325_ccd_36i_ligand_325_ccd_36i",
            "sampled_contig": "356",
            "num_tokens_in": 357,
            "num_residues_in": 357,
            "num_chains": 2,
            "num_atoms": 1801,
            "num_residues": 359,
            "example_id": "spec_ligand_325_ccd_36i_ligand_325_ccd_36i_1"
        },
        "select_fixed_atoms": {
            "36I": "ALL"
        },
        "select_unfixed_sequence": false
    },
    "ckpt_path": "/home/iska/amelie-ai/ThermoGFN/weights/rfd3_latest.ckpt",
    "seed": null
}