{
    "diffused_index_map": {},
    "metrics": {
        "max_ca_deviation": 0.12225198745727539,
        "n_chainbreaks": 0,
        "n_clashing.interresidue_clashes_w_sidechain": 0,
        "n_clashing.interresidue_clashes_w_backbone": 0,
        "n_clashing.ligand_clashes": 0,
        "n_clashing.ligand_min_distance": 5.038049697875977,
        "non_loop_fraction": 0.5157232704402516,
        "loop_fraction": 0.48427672955974843,
        "helix_fraction": 0.05660377358490566,
        "sheet_fraction": 0.4591194968553459,
        "num_ss_elements": 8,
        "radius_of_gyration": 15.257291050897818,
        "alanine_content": 0.2830188679245283,
        "glycine_content": 0.05660377358490566,
        "num_residues": 159,
        "diffused_com": [
            0.7854193449020386,
            0.10302339494228363,
            0.674552321434021
        ],
        "fixed_com": [
            -0.00042385526467114687,
            0.0002983940939884633,
            0.00021701389050576836
        ]
    },
    "specification": {
        "input": "/home/iska/amelie-ai/ThermoGFN/data/rfd3/ccd_ligands/structures/C4F.cif",
        "length": "20-400",
        "ligand": "C4F",
        "extra": {
            "example": "ligand_165_ccd_c4f",
            "task_name": "spec_ligand_165_ccd_c4f_ligand_165_ccd_c4f",
            "sampled_contig": "159",
            "num_tokens_in": 160,
            "num_residues_in": 160,
            "num_chains": 2,
            "num_atoms": 813,
            "num_residues": 162,
            "example_id": "spec_ligand_165_ccd_c4f_ligand_165_ccd_c4f_1"
        },
        "select_fixed_atoms": {
            "C4F": "ALL"
        },
        "select_unfixed_sequence": false
    },
    "ckpt_path": "/home/iska/amelie-ai/ThermoGFN/weights/rfd3_latest.ckpt",
    "seed": null
}