{
    "diffused_index_map": {},
    "metrics": {
        "max_ca_deviation": 0.6594486236572266,
        "n_chainbreaks": 0,
        "n_clashing.interresidue_clashes_w_sidechain": 0,
        "n_clashing.interresidue_clashes_w_backbone": 0,
        "n_clashing.ligand_clashes": 0,
        "n_clashing.ligand_min_distance": 3.344757318496704,
        "non_loop_fraction": 0.6486486486486487,
        "loop_fraction": 0.35135135135135137,
        "helix_fraction": 0.4864864864864865,
        "sheet_fraction": 0.16216216216216217,
        "num_ss_elements": 20,
        "radius_of_gyration": 17.84409464371726,
        "alanine_content": 0.40540540540540543,
        "glycine_content": 0.06486486486486487,
        "num_residues": 370,
        "diffused_com": [
            -0.9797038435935974,
            -0.254040390253067,
            -2.557988405227661
        ],
        "fixed_com": [
            -0.00042385526467114687,
            0.0002983940939884633,
            0.00021701389050576836
        ]
    },
    "specification": {
        "input": "/home/iska/amelie-ai/ThermoGFN/data/rfd3/ccd_ligands/structures/C4F.cif",
        "length": "20-400",
        "ligand": "C4F",
        "extra": {
            "example": "ligand_165_ccd_c4f",
            "task_name": "spec_ligand_165_ccd_c4f_ligand_165_ccd_c4f",
            "sampled_contig": "370",
            "num_tokens_in": 371,
            "num_residues_in": 371,
            "num_chains": 2,
            "num_atoms": 1868,
            "num_residues": 373,
            "example_id": "spec_ligand_165_ccd_c4f_ligand_165_ccd_c4f_2"
        },
        "select_fixed_atoms": {
            "C4F": "ALL"
        },
        "select_unfixed_sequence": false
    },
    "ckpt_path": "/home/iska/amelie-ai/ThermoGFN/weights/rfd3_latest.ckpt",
    "seed": null
}