{
    "diffused_index_map": {},
    "metrics": {
        "max_ca_deviation": 0.06295585632324219,
        "n_chainbreaks": 0,
        "n_clashing.interresidue_clashes_w_sidechain": 0,
        "n_clashing.interresidue_clashes_w_backbone": 0,
        "n_clashing.ligand_clashes": 0,
        "n_clashing.ligand_min_distance": 2.3791139125823975,
        "non_loop_fraction": 0.6900584795321637,
        "loop_fraction": 0.30994152046783624,
        "helix_fraction": 0.49122807017543857,
        "sheet_fraction": 0.19883040935672514,
        "num_ss_elements": 13,
        "radius_of_gyration": 14.603397637306786,
        "alanine_content": 0.24561403508771928,
        "glycine_content": 0.08771929824561403,
        "num_residues": 171,
        "diffused_com": [
            -5.624888896942139,
            -0.3949917256832123,
            3.572136402130127
        ],
        "fixed_com": [
            -0.00016276042151730508,
            0.0006510416860692203,
            -0.00034586587571538985
        ]
    },
    "specification": {
        "input": "/home/iska/amelie-ai/ThermoGFN/data/rfd3/ccd_ligands/structures/LY0.cif",
        "length": "20-400",
        "ligand": "LY0",
        "extra": {
            "example": "ligand_067_ccd_ly0",
            "task_name": "spec_ligand_067_ccd_ly0_ligand_067_ccd_ly0",
            "sampled_contig": "171",
            "num_tokens_in": 172,
            "num_residues_in": 172,
            "num_chains": 2,
            "num_atoms": 867,
            "num_residues": 174,
            "example_id": "spec_ligand_067_ccd_ly0_ligand_067_ccd_ly0_1"
        },
        "select_fixed_atoms": {
            "LY0": "ALL"
        },
        "select_unfixed_sequence": false
    },
    "ckpt_path": "/home/iska/amelie-ai/ThermoGFN/weights/rfd3_latest.ckpt",
    "seed": null
}