{
    "diffused_index_map": {},
    "metrics": {
        "max_ca_deviation": 0.08770918846130371,
        "n_chainbreaks": 0,
        "n_clashing.interresidue_clashes_w_sidechain": 1,
        "n_clashing.interresidue_clashes_w_backbone": 0,
        "n_clashing.ligand_clashes": 0,
        "n_clashing.ligand_min_distance": 3.5866754055023193,
        "non_loop_fraction": 0.6759776536312849,
        "loop_fraction": 0.3240223463687151,
        "helix_fraction": 0.45251396648044695,
        "sheet_fraction": 0.22346368715083798,
        "num_ss_elements": 11,
        "radius_of_gyration": 15.456154831639696,
        "alanine_content": 0.2122905027932961,
        "glycine_content": 0.027932960893854747,
        "num_residues": 179,
        "diffused_com": [
            0.13444532454013824,
            -0.7376112937927246,
            0.23489612340927124
        ],
        "fixed_com": [
            0.0008491847547702491,
            -0.00016983695968519896,
            0.00022025730868335813
        ]
    },
    "specification": {
        "input": "/home/iska/amelie-ai/ThermoGFN/data/rfd3/ccd_ligands/structures/A1IDD.cif",
        "length": "20-400",
        "ligand": "A1IDD",
        "extra": {
            "example": "ligand_347_ccd_a1idd",
            "task_name": "spec_ligand_347_ccd_a1idd_ligand_347_ccd_a1idd",
            "sampled_contig": "179",
            "num_tokens_in": 180,
            "num_residues_in": 180,
            "num_chains": 2,
            "num_atoms": 918,
            "num_residues": 182,
            "example_id": "spec_ligand_347_ccd_a1idd_ligand_347_ccd_a1idd_1"
        },
        "select_fixed_atoms": {
            "A1IDD": "ALL"
        },
        "select_unfixed_sequence": false
    },
    "ckpt_path": "/home/iska/amelie-ai/ThermoGFN/weights/rfd3_latest.ckpt",
    "seed": null
}