{
    "diffused_index_map": {},
    "metrics": {
        "max_ca_deviation": 0.0792381763458252,
        "n_chainbreaks": 0,
        "n_clashing.interresidue_clashes_w_sidechain": 0,
        "n_clashing.interresidue_clashes_w_backbone": 0,
        "n_clashing.ligand_clashes": 0,
        "n_clashing.ligand_min_distance": 4.825394630432129,
        "non_loop_fraction": 0.5853658536585366,
        "loop_fraction": 0.4146341463414634,
        "helix_fraction": 0.23170731707317074,
        "sheet_fraction": 0.35365853658536583,
        "num_ss_elements": 11,
        "radius_of_gyration": 14.685062002401661,
        "alanine_content": 0.20121951219512196,
        "glycine_content": 0.036585365853658534,
        "num_residues": 164,
        "diffused_com": [
            0.02813860774040222,
            -2.0840706825256348,
            1.5114539861679077
        ],
        "fixed_com": [
            -0.00114072160795331,
            -9.765625145519152e-05,
            0.00037027994403615594
        ]
    },
    "specification": {
        "input": "/home/iska/amelie-ai/ThermoGFN/data/rfd3/ccd_ligands/structures/S8G.cif",
        "length": "20-400",
        "ligand": "S8G",
        "extra": {
            "example": "ligand_134_ccd_s8g",
            "task_name": "spec_ligand_134_ccd_s8g_ligand_134_ccd_s8g",
            "sampled_contig": "164",
            "num_tokens_in": 165,
            "num_residues_in": 165,
            "num_chains": 2,
            "num_atoms": 835,
            "num_residues": 167,
            "example_id": "spec_ligand_134_ccd_s8g_ligand_134_ccd_s8g_2"
        },
        "select_fixed_atoms": {
            "S8G": "ALL"
        },
        "select_unfixed_sequence": false
    },
    "ckpt_path": "/home/iska/amelie-ai/ThermoGFN/weights/rfd3_latest.ckpt",
    "seed": null
}