{
    "diffused_index_map": {},
    "metrics": {
        "max_ca_deviation": 0.8583908081054688,
        "n_chainbreaks": 1,
        "n_clashing.interresidue_clashes_w_sidechain": 0,
        "n_clashing.interresidue_clashes_w_backbone": 0,
        "n_clashing.ligand_clashes": 0,
        "n_clashing.ligand_min_distance": 3.2050235271453857,
        "non_loop_fraction": 0.6842105263157894,
        "loop_fraction": 0.3157894736842105,
        "helix_fraction": 0.5263157894736842,
        "sheet_fraction": 0.15789473684210525,
        "num_ss_elements": 14,
        "radius_of_gyration": 16.30652564373088,
        "alanine_content": 0.25877192982456143,
        "glycine_content": 0.06140350877192982,
        "num_residues": 228,
        "diffused_com": [
            -0.19378194212913513,
            -2.4575884342193604,
            -2.2735743522644043
        ],
        "fixed_com": [
            -0.0014754586154595017,
            0.000551970093511045,
            -0.0001857591705629602
        ]
    },
    "specification": {
        "input": "/home/iska/amelie-ai/ThermoGFN/data/rfd3/ccd_ligands/structures/Y44.cif",
        "length": "20-400",
        "ligand": "Y44",
        "extra": {
            "example": "ligand_409_ccd_y44",
            "task_name": "spec_ligand_409_ccd_y44_ligand_409_ccd_y44",
            "sampled_contig": "228",
            "num_tokens_in": 229,
            "num_residues_in": 229,
            "num_chains": 2,
            "num_atoms": 1163,
            "num_residues": 231,
            "example_id": "spec_ligand_409_ccd_y44_ligand_409_ccd_y44_2"
        },
        "select_fixed_atoms": {
            "Y44": "ALL"
        },
        "select_unfixed_sequence": false
    },
    "ckpt_path": "/home/iska/amelie-ai/ThermoGFN/weights/rfd3_latest.ckpt",
    "seed": null
}