{
    "diffused_index_map": {},
    "metrics": {
        "max_ca_deviation": 0.07465839385986328,
        "n_chainbreaks": 0,
        "n_clashing.interresidue_clashes_w_sidechain": 0,
        "n_clashing.interresidue_clashes_w_backbone": 0,
        "n_clashing.ligand_clashes": 0,
        "n_clashing.ligand_min_distance": 3.367292881011963,
        "non_loop_fraction": 0.7385892116182573,
        "loop_fraction": 0.26141078838174275,
        "helix_fraction": 0.5892116182572614,
        "sheet_fraction": 0.14937759336099585,
        "num_ss_elements": 13,
        "radius_of_gyration": 16.232647742721003,
        "alanine_content": 0.3360995850622407,
        "glycine_content": 0.07053941908713693,
        "num_residues": 241,
        "diffused_com": [
            -0.9829139113426208,
            -0.9793967604637146,
            0.9457557201385498
        ],
        "fixed_com": [
            -0.0014754586154595017,
            0.000551970093511045,
            -0.0001857591705629602
        ]
    },
    "specification": {
        "input": "/home/iska/amelie-ai/ThermoGFN/data/rfd3/ccd_ligands/structures/Y44.cif",
        "length": "20-400",
        "ligand": "Y44",
        "extra": {
            "example": "ligand_409_ccd_y44",
            "task_name": "spec_ligand_409_ccd_y44_ligand_409_ccd_y44",
            "sampled_contig": "241",
            "num_tokens_in": 242,
            "num_residues_in": 242,
            "num_chains": 2,
            "num_atoms": 1228,
            "num_residues": 244,
            "example_id": "spec_ligand_409_ccd_y44_ligand_409_ccd_y44_1"
        },
        "select_fixed_atoms": {
            "Y44": "ALL"
        },
        "select_unfixed_sequence": false
    },
    "ckpt_path": "/home/iska/amelie-ai/ThermoGFN/weights/rfd3_latest.ckpt",
    "seed": null
}