{
    "diffused_index_map": {},
    "metrics": {
        "max_ca_deviation": 0.10957121849060059,
        "n_chainbreaks": 0,
        "n_clashing.interresidue_clashes_w_sidechain": 0,
        "n_clashing.interresidue_clashes_w_backbone": 0,
        "n_clashing.ligand_clashes": 0,
        "n_clashing.ligand_min_distance": 3.5136311054229736,
        "non_loop_fraction": 0.712962962962963,
        "loop_fraction": 0.28703703703703703,
        "helix_fraction": 0.5277777777777778,
        "sheet_fraction": 0.18518518518518517,
        "num_ss_elements": 15,
        "radius_of_gyration": 15.6279896536775,
        "alanine_content": 0.2916666666666667,
        "glycine_content": 0.05555555555555555,
        "num_residues": 216,
        "diffused_com": [
            -1.7658114433288574,
            -2.766881227493286,
            3.0064663887023926
        ],
        "fixed_com": [
            -0.0010875355219468474,
            0.0008766867686063051,
            0.00011097301467088982
        ]
    },
    "specification": {
        "input": "/home/iska/amelie-ai/ThermoGFN/data/rfd3/ccd_ligands/structures/5OG.cif",
        "length": "20-400",
        "ligand": "5OG",
        "extra": {
            "example": "ligand_377_ccd_5og",
            "task_name": "spec_ligand_377_ccd_5og_ligand_377_ccd_5og",
            "sampled_contig": "216",
            "num_tokens_in": 217,
            "num_residues_in": 217,
            "num_chains": 2,
            "num_atoms": 1102,
            "num_residues": 219,
            "example_id": "spec_ligand_377_ccd_5og_ligand_377_ccd_5og_0"
        },
        "select_fixed_atoms": {
            "5OG": "ALL"
        },
        "select_unfixed_sequence": false
    },
    "ckpt_path": "/home/iska/amelie-ai/ThermoGFN/weights/rfd3_latest.ckpt",
    "seed": null
}