{
    "diffused_index_map": {},
    "metrics": {
        "max_ca_deviation": 0.06308150291442871,
        "n_chainbreaks": 0,
        "n_clashing.interresidue_clashes_w_sidechain": 0,
        "n_clashing.interresidue_clashes_w_backbone": 0,
        "n_clashing.ligand_clashes": 0,
        "n_clashing.ligand_min_distance": 3.2860264778137207,
        "non_loop_fraction": 0.5909090909090908,
        "loop_fraction": 0.4090909090909091,
        "helix_fraction": 0.45454545454545453,
        "sheet_fraction": 0.13636363636363635,
        "num_ss_elements": 7,
        "radius_of_gyration": 14.393727603665361,
        "alanine_content": 0.2727272727272727,
        "glycine_content": 0.032467532467532464,
        "num_residues": 154,
        "diffused_com": [
            0.8082777261734009,
            0.4784921407699585,
            0.4605187773704529
        ],
        "fixed_com": [
            -0.0010875355219468474,
            0.0008766867686063051,
            0.00011097301467088982
        ]
    },
    "specification": {
        "input": "/home/iska/amelie-ai/ThermoGFN/data/rfd3/ccd_ligands/structures/5OG.cif",
        "length": "20-400",
        "ligand": "5OG",
        "extra": {
            "example": "ligand_377_ccd_5og",
            "task_name": "spec_ligand_377_ccd_5og_ligand_377_ccd_5og",
            "sampled_contig": "154",
            "num_tokens_in": 155,
            "num_residues_in": 155,
            "num_chains": 2,
            "num_atoms": 792,
            "num_residues": 157,
            "example_id": "spec_ligand_377_ccd_5og_ligand_377_ccd_5og_2"
        },
        "select_fixed_atoms": {
            "5OG": "ALL"
        },
        "select_unfixed_sequence": false
    },
    "ckpt_path": "/home/iska/amelie-ai/ThermoGFN/weights/rfd3_latest.ckpt",
    "seed": null
}