{
    "diffused_index_map": {},
    "metrics": {
        "max_ca_deviation": 0.09200334548950195,
        "n_chainbreaks": 0,
        "n_clashing.interresidue_clashes_w_sidechain": 1,
        "n_clashing.interresidue_clashes_w_backbone": 0,
        "n_clashing.ligand_clashes": 0,
        "n_clashing.ligand_min_distance": 2.5765528678894043,
        "non_loop_fraction": 0.6931506849315069,
        "loop_fraction": 0.30684931506849317,
        "helix_fraction": 0.5041095890410959,
        "sheet_fraction": 0.18904109589041096,
        "num_ss_elements": 25,
        "radius_of_gyration": 19.930114905302503,
        "alanine_content": 0.273972602739726,
        "glycine_content": 0.0821917808219178,
        "num_residues": 365,
        "diffused_com": [
            0.3304655849933624,
            0.20179997384548187,
            -1.6527155637741089
        ],
        "fixed_com": [
            -0.0010875355219468474,
            0.0008766867686063051,
            0.00011097301467088982
        ]
    },
    "specification": {
        "input": "/home/iska/amelie-ai/ThermoGFN/data/rfd3/ccd_ligands/structures/5OG.cif",
        "length": "20-400",
        "ligand": "5OG",
        "extra": {
            "example": "ligand_377_ccd_5og",
            "task_name": "spec_ligand_377_ccd_5og_ligand_377_ccd_5og",
            "sampled_contig": "365",
            "num_tokens_in": 366,
            "num_residues_in": 366,
            "num_chains": 2,
            "num_atoms": 1847,
            "num_residues": 368,
            "example_id": "spec_ligand_377_ccd_5og_ligand_377_ccd_5og_1"
        },
        "select_fixed_atoms": {
            "5OG": "ALL"
        },
        "select_unfixed_sequence": false
    },
    "ckpt_path": "/home/iska/amelie-ai/ThermoGFN/weights/rfd3_latest.ckpt",
    "seed": null
}