{
    "diffused_index_map": {},
    "metrics": {
        "max_ca_deviation": 0.053730010986328125,
        "n_chainbreaks": 0,
        "n_clashing.interresidue_clashes_w_sidechain": 0,
        "n_clashing.interresidue_clashes_w_backbone": 0,
        "n_clashing.ligand_clashes": 0,
        "n_clashing.ligand_min_distance": 3.6727044582366943,
        "non_loop_fraction": 0.6941176470588235,
        "loop_fraction": 0.3058823529411765,
        "helix_fraction": 0.6941176470588235,
        "sheet_fraction": 0.0,
        "num_ss_elements": 4,
        "radius_of_gyration": 11.836642423899734,
        "alanine_content": 0.29411764705882354,
        "glycine_content": 0.03529411764705882,
        "num_residues": 85,
        "diffused_com": [
            -2.3443000316619873,
            0.018026847392320633,
            0.603302538394928
        ],
        "fixed_com": [
            -0.0005049271858297288,
            0.0005271218251436949,
            0.00035511364694684744
        ]
    },
    "specification": {
        "input": "/home/iska/amelie-ai/ThermoGFN/data/rfd3/ccd_ligands/structures/A1A73.cif",
        "length": "20-400",
        "ligand": "A1A73",
        "extra": {
            "example": "ligand_379_ccd_a1a73",
            "task_name": "spec_ligand_379_ccd_a1a73_ligand_379_ccd_a1a73",
            "sampled_contig": "85",
            "num_tokens_in": 86,
            "num_residues_in": 86,
            "num_chains": 2,
            "num_atoms": 447,
            "num_residues": 88,
            "example_id": "spec_ligand_379_ccd_a1a73_ligand_379_ccd_a1a73_0"
        },
        "select_fixed_atoms": {
            "A1A73": "ALL"
        },
        "select_unfixed_sequence": false
    },
    "ckpt_path": "/home/iska/amelie-ai/ThermoGFN/weights/rfd3_latest.ckpt",
    "seed": null
}