{
    "diffused_index_map": {},
    "metrics": {
        "max_ca_deviation": 0.07101273536682129,
        "n_chainbreaks": 0,
        "n_clashing.interresidue_clashes_w_sidechain": 0,
        "n_clashing.interresidue_clashes_w_backbone": 0,
        "n_clashing.ligand_clashes": 0,
        "n_clashing.ligand_min_distance": 3.0486347675323486,
        "non_loop_fraction": 0.4558303886925795,
        "loop_fraction": 0.5441696113074205,
        "helix_fraction": 0.04240282685512368,
        "sheet_fraction": 0.4134275618374558,
        "num_ss_elements": 25,
        "radius_of_gyration": 17.105718667914477,
        "alanine_content": 0.22968197879858657,
        "glycine_content": 0.10600706713780919,
        "num_residues": 283,
        "diffused_com": [
            -3.2975101470947266,
            -2.6119985580444336,
            0.8563229441642761
        ],
        "fixed_com": [
            0.00023437499476131052,
            -0.00020019531075377017,
            0.0005468750023283064
        ]
    },
    "specification": {
        "input": "/home/iska/amelie-ai/ThermoGFN/data/rfd3/ccd_ligands/structures/WK5.cif",
        "length": "20-400",
        "ligand": "WK5",
        "extra": {
            "example": "ligand_423_ccd_wk5",
            "task_name": "spec_ligand_423_ccd_wk5_ligand_423_ccd_wk5",
            "sampled_contig": "283",
            "num_tokens_in": 284,
            "num_residues_in": 284,
            "num_chains": 2,
            "num_atoms": 1440,
            "num_residues": 286,
            "example_id": "spec_ligand_423_ccd_wk5_ligand_423_ccd_wk5_1"
        },
        "select_fixed_atoms": {
            "WK5": "ALL"
        },
        "select_unfixed_sequence": false
    },
    "ckpt_path": "/home/iska/amelie-ai/ThermoGFN/weights/rfd3_latest.ckpt",
    "seed": null
}