{
    "diffused_index_map": {},
    "metrics": {
        "max_ca_deviation": 0.08507728576660156,
        "n_chainbreaks": 0,
        "n_clashing.interresidue_clashes_w_sidechain": 0,
        "n_clashing.interresidue_clashes_w_backbone": 0,
        "n_clashing.ligand_clashes": 0,
        "n_clashing.ligand_min_distance": 3.5172009468078613,
        "non_loop_fraction": 0.7437722419928825,
        "loop_fraction": 0.25622775800711745,
        "helix_fraction": 0.6263345195729537,
        "sheet_fraction": 0.11743772241992882,
        "num_ss_elements": 15,
        "radius_of_gyration": 16.89771974108766,
        "alanine_content": 0.45907473309608543,
        "glycine_content": 0.060498220640569395,
        "num_residues": 281,
        "diffused_com": [
            -0.29547208547592163,
            1.0478382110595703,
            -1.7626895904541016
        ],
        "fixed_com": [
            0.0010782877216115594,
            -0.00032552084303461015,
            -3.941853719879873e-05
        ]
    },
    "specification": {
        "input": "/home/iska/amelie-ai/ThermoGFN/data/rfd3/ccd_ligands/structures/0LR.cif",
        "length": "20-400",
        "ligand": "0LR",
        "extra": {
            "example": "ligand_375_ccd_0lr",
            "task_name": "spec_ligand_375_ccd_0lr_ligand_375_ccd_0lr",
            "sampled_contig": "281",
            "num_tokens_in": 282,
            "num_residues_in": 282,
            "num_chains": 2,
            "num_atoms": 1429,
            "num_residues": 284,
            "example_id": "spec_ligand_375_ccd_0lr_ligand_375_ccd_0lr_2"
        },
        "select_fixed_atoms": {
            "0LR": "ALL"
        },
        "select_unfixed_sequence": false
    },
    "ckpt_path": "/home/iska/amelie-ai/ThermoGFN/weights/rfd3_latest.ckpt",
    "seed": null
}