{
    "diffused_index_map": {},
    "metrics": {
        "max_ca_deviation": 0.08944582939147949,
        "n_chainbreaks": 0,
        "n_clashing.interresidue_clashes_w_sidechain": 0,
        "n_clashing.interresidue_clashes_w_backbone": 0,
        "n_clashing.ligand_clashes": 0,
        "n_clashing.ligand_min_distance": 2.5078372955322266,
        "non_loop_fraction": 0.731829573934837,
        "loop_fraction": 0.2681704260651629,
        "helix_fraction": 0.6115288220551378,
        "sheet_fraction": 0.12030075187969924,
        "num_ss_elements": 23,
        "radius_of_gyration": 19.26249255516865,
        "alanine_content": 0.49122807017543857,
        "glycine_content": 0.08270676691729323,
        "num_residues": 399,
        "diffused_com": [
            0.29327231645584106,
            2.5802669525146484,
            2.905571699142456
        ],
        "fixed_com": [
            -0.0008951823110692203,
            0.00020345051598269492,
            0.00039418539381586015
        ]
    },
    "specification": {
        "input": "/home/iska/amelie-ai/ThermoGFN/data/rfd3/ccd_ligands/structures/P6Y.cif",
        "length": "20-400",
        "ligand": "P6Y",
        "extra": {
            "example": "ligand_434_ccd_p6y",
            "task_name": "spec_ligand_434_ccd_p6y_ligand_434_ccd_p6y",
            "sampled_contig": "399",
            "num_tokens_in": 400,
            "num_residues_in": 400,
            "num_chains": 2,
            "num_atoms": 2019,
            "num_residues": 402,
            "example_id": "spec_ligand_434_ccd_p6y_ligand_434_ccd_p6y_1"
        },
        "select_fixed_atoms": {
            "P6Y": "ALL"
        },
        "select_unfixed_sequence": false
    },
    "ckpt_path": "/home/iska/amelie-ai/ThermoGFN/weights/rfd3_latest.ckpt",
    "seed": null
}