{
    "diffused_index_map": {},
    "metrics": {
        "max_ca_deviation": 0.07222437858581543,
        "n_chainbreaks": 0,
        "n_clashing.interresidue_clashes_w_sidechain": 0,
        "n_clashing.interresidue_clashes_w_backbone": 0,
        "n_clashing.ligand_clashes": 0,
        "n_clashing.ligand_min_distance": 4.380141258239746,
        "non_loop_fraction": 0.4339622641509434,
        "loop_fraction": 0.5660377358490566,
        "helix_fraction": 0.1792452830188679,
        "sheet_fraction": 0.25471698113207547,
        "num_ss_elements": 5,
        "radius_of_gyration": 13.01703779639097,
        "alanine_content": 0.14150943396226415,
        "glycine_content": 0.07547169811320754,
        "num_residues": 106,
        "diffused_com": [
            2.5570974349975586,
            -1.7056193351745605,
            -0.2921646535396576
        ],
        "fixed_com": [
            0.0001789439847925678,
            -0.0002649480593390763,
            -3.814697265625e-06
        ]
    },
    "specification": {
        "input": "/home/iska/amelie-ai/ThermoGFN/data/rfd3/ccd_ligands/structures/N84.cif",
        "length": "20-400",
        "ligand": "N84",
        "extra": {
            "example": "ligand_389_ccd_n84",
            "task_name": "spec_ligand_389_ccd_n84_ligand_389_ccd_n84",
            "sampled_contig": "106",
            "num_tokens_in": 107,
            "num_residues_in": 107,
            "num_chains": 2,
            "num_atoms": 552,
            "num_residues": 109,
            "example_id": "spec_ligand_389_ccd_n84_ligand_389_ccd_n84_1"
        },
        "select_fixed_atoms": {
            "N84": "ALL"
        },
        "select_unfixed_sequence": false
    },
    "ckpt_path": "/home/iska/amelie-ai/ThermoGFN/weights/rfd3_latest.ckpt",
    "seed": null
}