{
    "diffused_index_map": {},
    "metrics": {
        "max_ca_deviation": 0.07465410232543945,
        "n_chainbreaks": 0,
        "n_clashing.interresidue_clashes_w_sidechain": 0,
        "n_clashing.interresidue_clashes_w_backbone": 0,
        "n_clashing.ligand_clashes": 0,
        "n_clashing.ligand_min_distance": 3.3448548316955566,
        "non_loop_fraction": 0.6123348017621145,
        "loop_fraction": 0.3876651982378855,
        "helix_fraction": 0.4889867841409692,
        "sheet_fraction": 0.12334801762114538,
        "num_ss_elements": 11,
        "radius_of_gyration": 16.633924553605468,
        "alanine_content": 0.23348017621145375,
        "glycine_content": 0.04405286343612335,
        "num_residues": 227,
        "diffused_com": [
            1.2595694065093994,
            -2.8629119396209717,
            0.13674268126487732
        ],
        "fixed_com": [
            0.0001789439847925678,
            -0.0002649480593390763,
            -3.814697265625e-06
        ]
    },
    "specification": {
        "input": "/home/iska/amelie-ai/ThermoGFN/data/rfd3/ccd_ligands/structures/N84.cif",
        "length": "20-400",
        "ligand": "N84",
        "extra": {
            "example": "ligand_389_ccd_n84",
            "task_name": "spec_ligand_389_ccd_n84_ligand_389_ccd_n84",
            "sampled_contig": "227",
            "num_tokens_in": 228,
            "num_residues_in": 228,
            "num_chains": 2,
            "num_atoms": 1157,
            "num_residues": 230,
            "example_id": "spec_ligand_389_ccd_n84_ligand_389_ccd_n84_0"
        },
        "select_fixed_atoms": {
            "N84": "ALL"
        },
        "select_unfixed_sequence": false
    },
    "ckpt_path": "/home/iska/amelie-ai/ThermoGFN/weights/rfd3_latest.ckpt",
    "seed": null
}