{
    "diffused_index_map": {},
    "metrics": {
        "max_ca_deviation": 0.06685638427734375,
        "n_chainbreaks": 0,
        "n_clashing.interresidue_clashes_w_sidechain": 0,
        "n_clashing.interresidue_clashes_w_backbone": 0,
        "n_clashing.ligand_clashes": 0,
        "n_clashing.ligand_min_distance": 3.2962467670440674,
        "non_loop_fraction": 0.6301369863013698,
        "loop_fraction": 0.3698630136986301,
        "helix_fraction": 0.4143835616438356,
        "sheet_fraction": 0.21575342465753425,
        "num_ss_elements": 18,
        "radius_of_gyration": 17.33421464453555,
        "alanine_content": 0.21232876712328766,
        "glycine_content": 0.0547945205479452,
        "num_residues": 292,
        "diffused_com": [
            1.9824037551879883,
            -0.8748410940170288,
            1.9675272703170776
        ],
        "fixed_com": [
            -0.0019327799091115594,
            0.00045522055006586015,
            1.6530355424038135e-05
        ]
    },
    "specification": {
        "input": "/home/iska/amelie-ai/ThermoGFN/data/rfd3/ccd_ligands/structures/AI3.cif",
        "length": "20-400",
        "ligand": "AI3",
        "extra": {
            "example": "ligand_388_ccd_ai3",
            "task_name": "spec_ligand_388_ccd_ai3_ligand_388_ccd_ai3",
            "sampled_contig": "292",
            "num_tokens_in": 293,
            "num_residues_in": 293,
            "num_chains": 2,
            "num_atoms": 1484,
            "num_residues": 295,
            "example_id": "spec_ligand_388_ccd_ai3_ligand_388_ccd_ai3_0"
        },
        "select_fixed_atoms": {
            "AI3": "ALL"
        },
        "select_unfixed_sequence": false
    },
    "ckpt_path": "/home/iska/amelie-ai/ThermoGFN/weights/rfd3_latest.ckpt",
    "seed": null
}