{
    "diffused_index_map": {},
    "metrics": {
        "max_ca_deviation": 0.8270976543426514,
        "n_chainbreaks": 1,
        "n_clashing.interresidue_clashes_w_sidechain": 0,
        "n_clashing.interresidue_clashes_w_backbone": 0,
        "n_clashing.ligand_clashes": 0,
        "n_clashing.ligand_min_distance": 3.2230725288391113,
        "non_loop_fraction": 0.6335403726708074,
        "loop_fraction": 0.36645962732919257,
        "helix_fraction": 0.42857142857142855,
        "sheet_fraction": 0.20496894409937888,
        "num_ss_elements": 22,
        "radius_of_gyration": 17.77565612519501,
        "alanine_content": 0.2888198757763975,
        "glycine_content": 0.062111801242236024,
        "num_residues": 322,
        "diffused_com": [
            0.30210691690444946,
            -0.015311422757804394,
            -2.178846597671509
        ],
        "fixed_com": [
            0.0008138020639307797,
            0.00014241535973269492,
            0.0
        ]
    },
    "specification": {
        "input": "/home/iska/amelie-ai/ThermoGFN/data/rfd3/ccd_ligands/structures/1F1.cif",
        "length": "20-400",
        "ligand": "1F1",
        "extra": {
            "example": "ligand_004_ccd_1f1",
            "task_name": "spec_ligand_004_ccd_1f1_ligand_004_ccd_1f1",
            "sampled_contig": "322",
            "num_tokens_in": 323,
            "num_residues_in": 323,
            "num_chains": 2,
            "num_atoms": 1622,
            "num_residues": 325,
            "example_id": "spec_ligand_004_ccd_1f1_ligand_004_ccd_1f1_2"
        },
        "select_fixed_atoms": {
            "1F1": "ALL"
        },
        "select_unfixed_sequence": false
    },
    "ckpt_path": "/home/iska/amelie-ai/ThermoGFN/weights/rfd3_latest.ckpt",
    "seed": null
}