{
    "diffused_index_map": {},
    "metrics": {
        "max_ca_deviation": 0.08307170867919922,
        "n_chainbreaks": 0,
        "n_clashing.interresidue_clashes_w_sidechain": 0,
        "n_clashing.interresidue_clashes_w_backbone": 0,
        "n_clashing.ligand_clashes": 0,
        "n_clashing.ligand_min_distance": 3.5549190044403076,
        "non_loop_fraction": 0.778169014084507,
        "loop_fraction": 0.22183098591549297,
        "helix_fraction": 0.6443661971830986,
        "sheet_fraction": 0.13380281690140844,
        "num_ss_elements": 15,
        "radius_of_gyration": 17.765902799485453,
        "alanine_content": 0.3028169014084507,
        "glycine_content": 0.045774647887323945,
        "num_residues": 284,
        "diffused_com": [
            0.23214009404182434,
            0.21557794511318207,
            -3.266160011291504
        ],
        "fixed_com": [
            -7.512019510613754e-05,
            0.00045072115608491004,
            -3.2278207982017193e-06
        ]
    },
    "specification": {
        "input": "/home/iska/amelie-ai/ThermoGFN/data/rfd3/ccd_ligands/structures/M56.cif",
        "length": "20-400",
        "ligand": "M56",
        "extra": {
            "example": "ligand_061_ccd_m56",
            "task_name": "spec_ligand_061_ccd_m56_ligand_061_ccd_m56",
            "sampled_contig": "284",
            "num_tokens_in": 285,
            "num_residues_in": 285,
            "num_chains": 2,
            "num_atoms": 1433,
            "num_residues": 287,
            "example_id": "spec_ligand_061_ccd_m56_ligand_061_ccd_m56_1"
        },
        "select_fixed_atoms": {
            "M56": "ALL"
        },
        "select_unfixed_sequence": false
    },
    "ckpt_path": "/home/iska/amelie-ai/ThermoGFN/weights/rfd3_latest.ckpt",
    "seed": null
}