{
    "diffused_index_map": {},
    "metrics": {
        "max_ca_deviation": 0.8956732749938965,
        "n_chainbreaks": 1,
        "n_clashing.interresidue_clashes_w_sidechain": 0,
        "n_clashing.interresidue_clashes_w_backbone": 0,
        "n_clashing.ligand_clashes": 0,
        "n_clashing.ligand_min_distance": 3.108499526977539,
        "non_loop_fraction": 0.6666666666666666,
        "loop_fraction": 0.3333333333333333,
        "helix_fraction": 0.49002849002849,
        "sheet_fraction": 0.17663817663817663,
        "num_ss_elements": 22,
        "radius_of_gyration": 19.031675998636068,
        "alanine_content": 0.3732193732193732,
        "glycine_content": 0.06552706552706553,
        "num_residues": 351,
        "diffused_com": [
            -0.14585420489311218,
            -1.0481877326965332,
            1.0982067584991455
        ],
        "fixed_com": [
            -0.0005326704704202712,
            -8.877841173671186e-05,
            -4.438920586835593e-05
        ]
    },
    "specification": {
        "input": "/home/iska/amelie-ai/ThermoGFN/data/rfd3/ccd_ligands/structures/4K9.cif",
        "length": "20-400",
        "ligand": "4K9",
        "extra": {
            "example": "ligand_371_ccd_4k9",
            "task_name": "spec_ligand_371_ccd_4k9_ligand_371_ccd_4k9",
            "sampled_contig": "351",
            "num_tokens_in": 352,
            "num_residues_in": 352,
            "num_chains": 2,
            "num_atoms": 1777,
            "num_residues": 354,
            "example_id": "spec_ligand_371_ccd_4k9_ligand_371_ccd_4k9_1"
        },
        "select_fixed_atoms": {
            "4K9": "ALL"
        },
        "select_unfixed_sequence": false
    },
    "ckpt_path": "/home/iska/amelie-ai/ThermoGFN/weights/rfd3_latest.ckpt",
    "seed": null
}