{
    "diffused_index_map": {},
    "metrics": {
        "max_ca_deviation": 0.07342100143432617,
        "n_chainbreaks": 0,
        "n_clashing.interresidue_clashes_w_sidechain": 0,
        "n_clashing.interresidue_clashes_w_backbone": 0,
        "n_clashing.ligand_clashes": 0,
        "n_clashing.ligand_min_distance": 2.7364754676818848,
        "non_loop_fraction": 0.7060931899641577,
        "loop_fraction": 0.2939068100358423,
        "helix_fraction": 0.5555555555555556,
        "sheet_fraction": 0.15053763440860216,
        "num_ss_elements": 19,
        "radius_of_gyration": 17.104294022222003,
        "alanine_content": 0.35125448028673834,
        "glycine_content": 0.1003584229390681,
        "num_residues": 279,
        "diffused_com": [
            -3.1713693141937256,
            -1.5887330770492554,
            -2.987178087234497
        ],
        "fixed_com": [
            -0.0007642662967555225,
            -0.0003715183411259204,
            -0.00019604226690717041
        ]
    },
    "specification": {
        "input": "/home/iska/amelie-ai/ThermoGFN/data/rfd3/ccd_ligands/structures/T02.cif",
        "length": "20-400",
        "ligand": "T02",
        "extra": {
            "example": "ligand_405_ccd_t02",
            "task_name": "spec_ligand_405_ccd_t02_ligand_405_ccd_t02",
            "sampled_contig": "279",
            "num_tokens_in": 280,
            "num_residues_in": 280,
            "num_chains": 2,
            "num_atoms": 1418,
            "num_residues": 282,
            "example_id": "spec_ligand_405_ccd_t02_ligand_405_ccd_t02_0"
        },
        "select_fixed_atoms": {
            "T02": "ALL"
        },
        "select_unfixed_sequence": false
    },
    "ckpt_path": "/home/iska/amelie-ai/ThermoGFN/weights/rfd3_latest.ckpt",
    "seed": null
}