{
    "diffused_index_map": {},
    "metrics": {
        "max_ca_deviation": 0.07758903503417969,
        "n_chainbreaks": 0,
        "n_clashing.interresidue_clashes_w_sidechain": 0,
        "n_clashing.interresidue_clashes_w_backbone": 0,
        "n_clashing.ligand_clashes": 0,
        "n_clashing.ligand_min_distance": 2.596407890319824,
        "non_loop_fraction": 0.6564245810055866,
        "loop_fraction": 0.3435754189944134,
        "helix_fraction": 0.40502793296089384,
        "sheet_fraction": 0.25139664804469275,
        "num_ss_elements": 23,
        "radius_of_gyration": 18.73209906052039,
        "alanine_content": 0.25977653631284914,
        "glycine_content": 0.06983240223463687,
        "num_residues": 358,
        "diffused_com": [
            1.2935459613800049,
            -2.173710584640503,
            -3.7283568382263184
        ],
        "fixed_com": [
            -0.0007642662967555225,
            -0.0003715183411259204,
            -0.00019604226690717041
        ]
    },
    "specification": {
        "input": "/home/iska/amelie-ai/ThermoGFN/data/rfd3/ccd_ligands/structures/T02.cif",
        "length": "20-400",
        "ligand": "T02",
        "extra": {
            "example": "ligand_405_ccd_t02",
            "task_name": "spec_ligand_405_ccd_t02_ligand_405_ccd_t02",
            "sampled_contig": "358",
            "num_tokens_in": 359,
            "num_residues_in": 359,
            "num_chains": 2,
            "num_atoms": 1813,
            "num_residues": 361,
            "example_id": "spec_ligand_405_ccd_t02_ligand_405_ccd_t02_2"
        },
        "select_fixed_atoms": {
            "T02": "ALL"
        },
        "select_unfixed_sequence": false
    },
    "ckpt_path": "/home/iska/amelie-ai/ThermoGFN/weights/rfd3_latest.ckpt",
    "seed": null
}