{
    "diffused_index_map": {},
    "metrics": {
        "max_ca_deviation": 0.05672311782836914,
        "n_chainbreaks": 0,
        "n_clashing.interresidue_clashes_w_sidechain": 0,
        "n_clashing.interresidue_clashes_w_backbone": 0,
        "n_clashing.ligand_clashes": 0,
        "n_clashing.ligand_min_distance": 4.637189865112305,
        "non_loop_fraction": 0.554945054945055,
        "loop_fraction": 0.44505494505494503,
        "helix_fraction": 0.2857142857142857,
        "sheet_fraction": 0.2692307692307692,
        "num_ss_elements": 11,
        "radius_of_gyration": 15.007157312848864,
        "alanine_content": 0.22527472527472528,
        "glycine_content": 0.03296703296703297,
        "num_residues": 182,
        "diffused_com": [
            1.6491676568984985,
            -0.4330430030822754,
            -3.1083669662475586
        ],
        "fixed_com": [
            0.00037977431202307343,
            0.00021701389050576836,
            4.408094537211582e-05
        ]
    },
    "specification": {
        "input": "/home/iska/amelie-ai/ThermoGFN/data/rfd3/ccd_ligands/structures/4AO.cif",
        "length": "20-400",
        "ligand": "4AO",
        "extra": {
            "example": "ligand_189_ccd_4ao",
            "task_name": "spec_ligand_189_ccd_4ao_ligand_189_ccd_4ao",
            "sampled_contig": "182",
            "num_tokens_in": 183,
            "num_residues_in": 183,
            "num_chains": 2,
            "num_atoms": 928,
            "num_residues": 185,
            "example_id": "spec_ligand_189_ccd_4ao_ligand_189_ccd_4ao_2"
        },
        "select_fixed_atoms": {
            "4AO": "ALL"
        },
        "select_unfixed_sequence": false
    },
    "ckpt_path": "/home/iska/amelie-ai/ThermoGFN/weights/rfd3_latest.ckpt",
    "seed": null
}