{
    "diffused_index_map": {},
    "metrics": {
        "max_ca_deviation": 0.8184230327606201,
        "n_chainbreaks": 1,
        "n_clashing.interresidue_clashes_w_sidechain": 0,
        "n_clashing.interresidue_clashes_w_backbone": 0,
        "n_clashing.ligand_clashes": 0,
        "n_clashing.ligand_min_distance": 4.045747756958008,
        "non_loop_fraction": 0.6070287539936102,
        "loop_fraction": 0.3929712460063898,
        "helix_fraction": 0.4249201277955272,
        "sheet_fraction": 0.18210862619808307,
        "num_ss_elements": 21,
        "radius_of_gyration": 17.780124279999498,
        "alanine_content": 0.3226837060702875,
        "glycine_content": 0.07028753993610223,
        "num_residues": 313,
        "diffused_com": [
            1.7002496719360352,
            -0.9397518038749695,
            -0.6446451544761658
        ],
        "fixed_com": [
            -0.00039950283826328814,
            -0.0004050514835398644,
            -0.00016645951836835593
        ]
    },
    "specification": {
        "input": "/home/iska/amelie-ai/ThermoGFN/data/rfd3/ccd_ligands/structures/GR2.cif",
        "length": "20-400",
        "ligand": "GR2",
        "extra": {
            "example": "ligand_329_ccd_gr2",
            "task_name": "spec_ligand_329_ccd_gr2_ligand_329_ccd_gr2",
            "sampled_contig": "313",
            "num_tokens_in": 314,
            "num_residues_in": 314,
            "num_chains": 2,
            "num_atoms": 1587,
            "num_residues": 316,
            "example_id": "spec_ligand_329_ccd_gr2_ligand_329_ccd_gr2_1"
        },
        "select_fixed_atoms": {
            "GR2": "ALL"
        },
        "select_unfixed_sequence": false
    },
    "ckpt_path": "/home/iska/amelie-ai/ThermoGFN/weights/rfd3_latest.ckpt",
    "seed": null
}