{
    "diffused_index_map": {},
    "metrics": {
        "max_ca_deviation": 0.05553269386291504,
        "n_chainbreaks": 0,
        "n_clashing.interresidue_clashes_w_sidechain": 0,
        "n_clashing.interresidue_clashes_w_backbone": 0,
        "n_clashing.ligand_clashes": 0,
        "n_clashing.ligand_min_distance": 3.3710877895355225,
        "non_loop_fraction": 0.6568627450980391,
        "loop_fraction": 0.3431372549019608,
        "helix_fraction": 0.5147058823529411,
        "sheet_fraction": 0.14215686274509803,
        "num_ss_elements": 15,
        "radius_of_gyration": 15.741583189717161,
        "alanine_content": 0.2549019607843137,
        "glycine_content": 0.058823529411764705,
        "num_residues": 204,
        "diffused_com": [
            -3.426741600036621,
            -3.2803986072540283,
            4.187346458435059
        ],
        "fixed_com": [
            0.0003616898029576987,
            -0.00012659143249038607,
            1.2362444977043197e-05
        ]
    },
    "specification": {
        "input": "/home/iska/amelie-ai/ThermoGFN/data/rfd3/ccd_ligands/structures/32Q.cif",
        "length": "20-400",
        "ligand": "32Q",
        "extra": {
            "example": "ligand_566_ccd_32q",
            "task_name": "spec_ligand_566_ccd_32q_ligand_566_ccd_32q",
            "sampled_contig": "204",
            "num_tokens_in": 205,
            "num_residues_in": 205,
            "num_chains": 2,
            "num_atoms": 1047,
            "num_residues": 207,
            "example_id": "spec_ligand_566_ccd_32q_ligand_566_ccd_32q_2"
        },
        "select_fixed_atoms": {
            "32Q": "ALL"
        },
        "select_unfixed_sequence": false
    },
    "ckpt_path": "/home/iska/amelie-ai/ThermoGFN/weights/rfd3_latest.ckpt",
    "seed": null
}