{
    "diffused_index_map": {},
    "metrics": {
        "max_ca_deviation": 0.10193753242492676,
        "n_chainbreaks": 0,
        "n_clashing.interresidue_clashes_w_sidechain": 1,
        "n_clashing.interresidue_clashes_w_backbone": 0,
        "n_clashing.ligand_clashes": 0,
        "n_clashing.ligand_min_distance": 2.6450791358947754,
        "non_loop_fraction": 0.5689655172413793,
        "loop_fraction": 0.43103448275862066,
        "helix_fraction": 0.46551724137931033,
        "sheet_fraction": 0.10344827586206896,
        "num_ss_elements": 18,
        "radius_of_gyration": 19.45153642838233,
        "alanine_content": 0.1839080459770115,
        "glycine_content": 0.0603448275862069,
        "num_residues": 348,
        "diffused_com": [
            -7.2046380043029785,
            0.6152969002723694,
            4.827231407165527
        ],
        "fixed_com": [
            -0.0009765625,
            0.00017233456310350448,
            -0.00023247214267030358
        ]
    },
    "specification": {
        "input": "/home/iska/amelie-ai/ThermoGFN/data/rfd3/ccd_ligands/structures/25O.cif",
        "length": "20-400",
        "ligand": "25O",
        "extra": {
            "example": "ligand_137_ccd_25o",
            "task_name": "spec_ligand_137_ccd_25o_ligand_137_ccd_25o",
            "sampled_contig": "348",
            "num_tokens_in": 349,
            "num_residues_in": 349,
            "num_chains": 2,
            "num_atoms": 1757,
            "num_residues": 351,
            "example_id": "spec_ligand_137_ccd_25o_ligand_137_ccd_25o_1"
        },
        "select_fixed_atoms": {
            "25O": "ALL"
        },
        "select_unfixed_sequence": false
    },
    "ckpt_path": "/home/iska/amelie-ai/ThermoGFN/weights/rfd3_latest.ckpt",
    "seed": null
}