{
    "diffused_index_map": {},
    "metrics": {
        "max_ca_deviation": 0.7765579223632812,
        "n_chainbreaks": 1,
        "n_clashing.interresidue_clashes_w_sidechain": 1,
        "n_clashing.interresidue_clashes_w_backbone": 0,
        "n_clashing.ligand_clashes": 0,
        "n_clashing.ligand_min_distance": 3.448066234588623,
        "non_loop_fraction": 0.6371681415929203,
        "loop_fraction": 0.36283185840707965,
        "helix_fraction": 0.4336283185840708,
        "sheet_fraction": 0.20353982300884957,
        "num_ss_elements": 14,
        "radius_of_gyration": 16.305761598402025,
        "alanine_content": 0.252212389380531,
        "glycine_content": 0.05309734513274336,
        "num_residues": 226,
        "diffused_com": [
            -1.6380411386489868,
            -0.9592901468276978,
            0.04955672100186348
        ],
        "fixed_com": [
            -0.0009765625,
            0.00017233456310350448,
            -0.00023247214267030358
        ]
    },
    "specification": {
        "input": "/home/iska/amelie-ai/ThermoGFN/data/rfd3/ccd_ligands/structures/25O.cif",
        "length": "20-400",
        "ligand": "25O",
        "extra": {
            "example": "ligand_137_ccd_25o",
            "task_name": "spec_ligand_137_ccd_25o_ligand_137_ccd_25o",
            "sampled_contig": "226",
            "num_tokens_in": 227,
            "num_residues_in": 227,
            "num_chains": 2,
            "num_atoms": 1147,
            "num_residues": 229,
            "example_id": "spec_ligand_137_ccd_25o_ligand_137_ccd_25o_2"
        },
        "select_fixed_atoms": {
            "25O": "ALL"
        },
        "select_unfixed_sequence": false
    },
    "ckpt_path": "/home/iska/amelie-ai/ThermoGFN/weights/rfd3_latest.ckpt",
    "seed": null
}