{
    "diffused_index_map": {},
    "metrics": {
        "max_ca_deviation": 0.04360699653625488,
        "n_chainbreaks": 0,
        "n_clashing.interresidue_clashes_w_sidechain": 0,
        "n_clashing.interresidue_clashes_w_backbone": 0,
        "n_clashing.ligand_clashes": 0,
        "n_clashing.ligand_min_distance": 3.1324477195739746,
        "non_loop_fraction": 0.34615384615384615,
        "loop_fraction": 0.6538461538461539,
        "helix_fraction": 0.21153846153846154,
        "sheet_fraction": 0.1346153846153846,
        "num_ss_elements": 3,
        "radius_of_gyration": 9.792906483747776,
        "alanine_content": 0.15384615384615385,
        "glycine_content": 0.15384615384615385,
        "num_residues": 52,
        "diffused_com": [
            -2.672218084335327,
            -3.088999032974243,
            -1.9134107828140259
        ],
        "fixed_com": [
            0.0009014423121698201,
            -0.0006009615608491004,
            -8.803147579783399e-07
        ]
    },
    "specification": {
        "input": "/home/iska/amelie-ai/ThermoGFN/data/rfd3/ccd_ligands/structures/33E.cif",
        "length": "20-400",
        "ligand": "33E",
        "extra": {
            "example": "ligand_311_ccd_33e",
            "task_name": "spec_ligand_311_ccd_33e_ligand_311_ccd_33e",
            "sampled_contig": "52",
            "num_tokens_in": 53,
            "num_residues_in": 53,
            "num_chains": 2,
            "num_atoms": 273,
            "num_residues": 55,
            "example_id": "spec_ligand_311_ccd_33e_ligand_311_ccd_33e_2"
        },
        "select_fixed_atoms": {
            "33E": "ALL"
        },
        "select_unfixed_sequence": false
    },
    "ckpt_path": "/home/iska/amelie-ai/ThermoGFN/weights/rfd3_latest.ckpt",
    "seed": null
}