{
    "diffused_index_map": {},
    "metrics": {
        "max_ca_deviation": 0.09810447692871094,
        "n_chainbreaks": 0,
        "n_clashing.interresidue_clashes_w_sidechain": 0,
        "n_clashing.interresidue_clashes_w_backbone": 0,
        "n_clashing.ligand_clashes": 0,
        "n_clashing.ligand_min_distance": 3.4505889415740967,
        "non_loop_fraction": 0.7342342342342343,
        "loop_fraction": 0.26576576576576577,
        "helix_fraction": 0.5630630630630631,
        "sheet_fraction": 0.17117117117117117,
        "num_ss_elements": 11,
        "radius_of_gyration": 17.173419105745765,
        "alanine_content": 0.23873873873873874,
        "glycine_content": 0.04504504504504504,
        "num_residues": 222,
        "diffused_com": [
            0.9833373427391052,
            -0.10746064782142639,
            -0.29004427790641785
        ],
        "fixed_com": [
            -0.0007408405072055757,
            -5.472117481986061e-05,
            -9.681438677944243e-05
        ]
    },
    "specification": {
        "input": "/home/iska/amelie-ai/ThermoGFN/data/rfd3/ccd_ligands/structures/2EO.cif",
        "length": "20-400",
        "ligand": "2EO",
        "extra": {
            "example": "ligand_558_ccd_2eo",
            "task_name": "spec_ligand_558_ccd_2eo_ligand_558_ccd_2eo",
            "sampled_contig": "222",
            "num_tokens_in": 223,
            "num_residues_in": 223,
            "num_chains": 2,
            "num_atoms": 1139,
            "num_residues": 225,
            "example_id": "spec_ligand_558_ccd_2eo_ligand_558_ccd_2eo_0"
        },
        "select_fixed_atoms": {
            "2EO": "ALL"
        },
        "select_unfixed_sequence": false
    },
    "ckpt_path": "/home/iska/amelie-ai/ThermoGFN/weights/rfd3_latest.ckpt",
    "seed": null
}