{
    "diffused_index_map": {},
    "metrics": {
        "max_ca_deviation": 0.08223509788513184,
        "n_chainbreaks": 0,
        "n_clashing.interresidue_clashes_w_sidechain": 0,
        "n_clashing.interresidue_clashes_w_backbone": 0,
        "n_clashing.ligand_clashes": 0,
        "n_clashing.ligand_min_distance": 3.3201022148132324,
        "non_loop_fraction": 0.7537091988130564,
        "loop_fraction": 0.24629080118694363,
        "helix_fraction": 0.6112759643916914,
        "sheet_fraction": 0.142433234421365,
        "num_ss_elements": 21,
        "radius_of_gyration": 18.220257394819516,
        "alanine_content": 0.3798219584569733,
        "glycine_content": 0.08605341246290801,
        "num_residues": 337,
        "diffused_com": [
            3.4579691886901855,
            -1.0362094640731812,
            -1.5629173517227173
        ],
        "fixed_com": [
            0.0002629206865094602,
            0.0008263221243396401,
            -0.0003662109375
        ]
    },
    "specification": {
        "input": "/home/iska/amelie-ai/ThermoGFN/data/rfd3/ccd_ligands/structures/0C7.cif",
        "length": "20-400",
        "ligand": "0C7",
        "extra": {
            "example": "ligand_503_ccd_0c7",
            "task_name": "spec_ligand_503_ccd_0c7_ligand_503_ccd_0c7",
            "sampled_contig": "337",
            "num_tokens_in": 338,
            "num_residues_in": 338,
            "num_chains": 2,
            "num_atoms": 1711,
            "num_residues": 340,
            "example_id": "spec_ligand_503_ccd_0c7_ligand_503_ccd_0c7_2"
        },
        "select_fixed_atoms": {
            "0C7": "ALL"
        },
        "select_unfixed_sequence": false
    },
    "ckpt_path": "/home/iska/amelie-ai/ThermoGFN/weights/rfd3_latest.ckpt",
    "seed": null
}