{
    "diffused_index_map": {},
    "metrics": {
        "max_ca_deviation": 0.07704997062683105,
        "n_chainbreaks": 0,
        "n_clashing.interresidue_clashes_w_sidechain": 1,
        "n_clashing.interresidue_clashes_w_backbone": 0,
        "n_clashing.ligand_clashes": 0,
        "n_clashing.ligand_min_distance": 3.394667148590088,
        "non_loop_fraction": 0.5036496350364964,
        "loop_fraction": 0.49635036496350365,
        "helix_fraction": 0.24817518248175183,
        "sheet_fraction": 0.25547445255474455,
        "num_ss_elements": 18,
        "radius_of_gyration": 16.898709499378114,
        "alanine_content": 0.30656934306569344,
        "glycine_content": 0.08029197080291971,
        "num_residues": 274,
        "diffused_com": [
            1.6375278234481812,
            0.7561081647872925,
            3.0094587802886963
        ],
        "fixed_com": [
            0.002578125102445483,
            -0.00037597655318677425,
            0.00011230468953726813
        ]
    },
    "specification": {
        "input": "/home/iska/amelie-ai/ThermoGFN/data/rfd3/ccd_ligands/structures/37V.cif",
        "length": "20-400",
        "ligand": "37V",
        "extra": {
            "example": "ligand_489_ccd_37v",
            "task_name": "spec_ligand_489_ccd_37v_ligand_489_ccd_37v",
            "sampled_contig": "274",
            "num_tokens_in": 275,
            "num_residues_in": 275,
            "num_chains": 2,
            "num_atoms": 1395,
            "num_residues": 277,
            "example_id": "spec_ligand_489_ccd_37v_ligand_489_ccd_37v_1"
        },
        "select_fixed_atoms": {
            "37V": "ALL"
        },
        "select_unfixed_sequence": false
    },
    "ckpt_path": "/home/iska/amelie-ai/ThermoGFN/weights/rfd3_latest.ckpt",
    "seed": null
}