{
    "diffused_index_map": {},
    "metrics": {
        "max_ca_deviation": 0.08104443550109863,
        "n_chainbreaks": 0,
        "n_clashing.interresidue_clashes_w_sidechain": 0,
        "n_clashing.interresidue_clashes_w_backbone": 0,
        "n_clashing.ligand_clashes": 0,
        "n_clashing.ligand_min_distance": 2.185250997543335,
        "non_loop_fraction": 0.6666666666666666,
        "loop_fraction": 0.3333333333333333,
        "helix_fraction": 0.4714285714285714,
        "sheet_fraction": 0.19523809523809524,
        "num_ss_elements": 15,
        "radius_of_gyration": 16.429662690769618,
        "alanine_content": 0.28095238095238095,
        "glycine_content": 0.08095238095238096,
        "num_residues": 210,
        "diffused_com": [
            4.058516979217529,
            3.5425875186920166,
            -2.1245760917663574
        ],
        "fixed_com": [
            -0.0005580357392318547,
            -0.00013950893480796367,
            -0.00018601190822664648
        ]
    },
    "specification": {
        "input": "/home/iska/amelie-ai/ThermoGFN/data/rfd3/ccd_ligands/structures/A1A9Z.cif",
        "length": "20-400",
        "ligand": "A1A9Z",
        "extra": {
            "example": "ligand_286_ccd_a1a9z",
            "task_name": "spec_ligand_286_ccd_a1a9z_ligand_286_ccd_a1a9z",
            "sampled_contig": "210",
            "num_tokens_in": 211,
            "num_residues_in": 211,
            "num_chains": 2,
            "num_atoms": 1071,
            "num_residues": 213,
            "example_id": "spec_ligand_286_ccd_a1a9z_ligand_286_ccd_a1a9z_2"
        },
        "select_fixed_atoms": {
            "A1A9Z": "ALL"
        },
        "select_unfixed_sequence": false
    },
    "ckpt_path": "/home/iska/amelie-ai/ThermoGFN/weights/rfd3_latest.ckpt",
    "seed": null
}