{
    "diffused_index_map": {},
    "metrics": {
        "max_ca_deviation": 0.06419658660888672,
        "n_chainbreaks": 0,
        "n_clashing.interresidue_clashes_w_sidechain": 1,
        "n_clashing.interresidue_clashes_w_backbone": 0,
        "n_clashing.ligand_clashes": 0,
        "n_clashing.ligand_min_distance": 3.3069686889648438,
        "non_loop_fraction": 0.6058091286307055,
        "loop_fraction": 0.3941908713692946,
        "helix_fraction": 0.26556016597510373,
        "sheet_fraction": 0.34024896265560167,
        "num_ss_elements": 16,
        "radius_of_gyration": 15.95030074772448,
        "alanine_content": 0.36929460580912865,
        "glycine_content": 0.06224066390041494,
        "num_residues": 241,
        "diffused_com": [
            1.7796660661697388,
            0.5933533906936646,
            1.4060478210449219
        ],
        "fixed_com": [
            -0.0002280787448398769,
            2.6602494926919462e-06,
            -0.00035978617961518466
        ]
    },
    "specification": {
        "input": "/home/iska/amelie-ai/ThermoGFN/data/rfd3/ccd_ligands/structures/697.cif",
        "length": "20-400",
        "ligand": "697",
        "extra": {
            "example": "ligand_206_ccd_697",
            "task_name": "spec_ligand_206_ccd_697_ligand_206_ccd_697",
            "sampled_contig": "241",
            "num_tokens_in": 242,
            "num_residues_in": 242,
            "num_chains": 2,
            "num_atoms": 1224,
            "num_residues": 244,
            "example_id": "spec_ligand_206_ccd_697_ligand_206_ccd_697_1"
        },
        "select_fixed_atoms": {
            "697": "ALL"
        },
        "select_unfixed_sequence": false
    },
    "ckpt_path": "/home/iska/amelie-ai/ThermoGFN/weights/rfd3_latest.ckpt",
    "seed": null
}