{
    "diffused_index_map": {},
    "metrics": {
        "max_ca_deviation": 0.04168200492858887,
        "n_chainbreaks": 0,
        "n_clashing.interresidue_clashes_w_sidechain": 0,
        "n_clashing.interresidue_clashes_w_backbone": 0,
        "n_clashing.ligand_clashes": 0,
        "n_clashing.ligand_min_distance": 3.6212072372436523,
        "non_loop_fraction": 0.5135135135135135,
        "loop_fraction": 0.4864864864864865,
        "helix_fraction": 0.12612612612612611,
        "sheet_fraction": 0.38738738738738737,
        "num_ss_elements": 8,
        "radius_of_gyration": 13.209473709004008,
        "alanine_content": 0.10810810810810811,
        "glycine_content": 0.08108108108108109,
        "num_residues": 111,
        "diffused_com": [
            -0.4018270969390869,
            -1.1318198442459106,
            0.3107738494873047
        ],
        "fixed_com": [
            0.0010579427471384406,
            0.0005289713735692203,
            -0.0001983642578125
        ]
    },
    "specification": {
        "input": "/home/iska/amelie-ai/ThermoGFN/data/rfd3/ccd_ligands/structures/B72.cif",
        "length": "20-400",
        "ligand": "B72",
        "extra": {
            "example": "ligand_403_ccd_b72",
            "task_name": "spec_ligand_403_ccd_b72_ligand_403_ccd_b72",
            "sampled_contig": "111",
            "num_tokens_in": 112,
            "num_residues_in": 112,
            "num_chains": 2,
            "num_atoms": 579,
            "num_residues": 114,
            "example_id": "spec_ligand_403_ccd_b72_ligand_403_ccd_b72_1"
        },
        "select_fixed_atoms": {
            "B72": "ALL"
        },
        "select_unfixed_sequence": false
    },
    "ckpt_path": "/home/iska/amelie-ai/ThermoGFN/weights/rfd3_latest.ckpt",
    "seed": null
}