{
    "diffused_index_map": {},
    "metrics": {
        "max_ca_deviation": 0.06627821922302246,
        "n_chainbreaks": 0,
        "n_clashing.interresidue_clashes_w_sidechain": 0,
        "n_clashing.interresidue_clashes_w_backbone": 0,
        "n_clashing.ligand_clashes": 0,
        "n_clashing.ligand_min_distance": 3.2869820594787598,
        "non_loop_fraction": 0.8585858585858586,
        "loop_fraction": 0.1414141414141414,
        "helix_fraction": 0.8585858585858586,
        "sheet_fraction": 0.0,
        "num_ss_elements": 9,
        "radius_of_gyration": 14.928121492442246,
        "alanine_content": 0.4090909090909091,
        "glycine_content": 0.04040404040404041,
        "num_residues": 198,
        "diffused_com": [
            -0.4028814435005188,
            0.5103024840354919,
            -2.2454066276550293
        ],
        "fixed_com": [
            -0.0015089246444404125,
            0.0008138020639307797,
            0.00042215982102788985
        ]
    },
    "specification": {
        "input": "/home/iska/amelie-ai/ThermoGFN/data/rfd3/ccd_ligands/structures/407.cif",
        "length": "20-400",
        "ligand": "407",
        "extra": {
            "example": "ligand_265_ccd_407",
            "task_name": "spec_ligand_265_ccd_407_ligand_265_ccd_407",
            "sampled_contig": "198",
            "num_tokens_in": 199,
            "num_residues_in": 199,
            "num_chains": 2,
            "num_atoms": 1008,
            "num_residues": 201,
            "example_id": "spec_ligand_265_ccd_407_ligand_265_ccd_407_0"
        },
        "select_fixed_atoms": {
            "407": "ALL"
        },
        "select_unfixed_sequence": false
    },
    "ckpt_path": "/home/iska/amelie-ai/ThermoGFN/weights/rfd3_latest.ckpt",
    "seed": null
}