{
    "diffused_index_map": {},
    "metrics": {
        "max_ca_deviation": 0.08047032356262207,
        "n_chainbreaks": 0,
        "n_clashing.interresidue_clashes_w_sidechain": 1,
        "n_clashing.interresidue_clashes_w_backbone": 0,
        "n_clashing.ligand_clashes": 0,
        "n_clashing.ligand_min_distance": 2.746670961380005,
        "non_loop_fraction": 0.7372262773722629,
        "loop_fraction": 0.26277372262773724,
        "helix_fraction": 0.5036496350364964,
        "sheet_fraction": 0.23357664233576642,
        "num_ss_elements": 19,
        "radius_of_gyration": 16.908758636973452,
        "alanine_content": 0.28832116788321166,
        "glycine_content": 0.06204379562043796,
        "num_residues": 274,
        "diffused_com": [
            -2.489387273788452,
            3.9016358852386475,
            2.3061163425445557
        ],
        "fixed_com": [
            -0.0015089246444404125,
            0.0008138020639307797,
            0.00042215982102788985
        ]
    },
    "specification": {
        "input": "/home/iska/amelie-ai/ThermoGFN/data/rfd3/ccd_ligands/structures/407.cif",
        "length": "20-400",
        "ligand": "407",
        "extra": {
            "example": "ligand_265_ccd_407",
            "task_name": "spec_ligand_265_ccd_407_ligand_265_ccd_407",
            "sampled_contig": "274",
            "num_tokens_in": 275,
            "num_residues_in": 275,
            "num_chains": 2,
            "num_atoms": 1388,
            "num_residues": 277,
            "example_id": "spec_ligand_265_ccd_407_ligand_265_ccd_407_2"
        },
        "select_fixed_atoms": {
            "407": "ALL"
        },
        "select_unfixed_sequence": false
    },
    "ckpt_path": "/home/iska/amelie-ai/ThermoGFN/weights/rfd3_latest.ckpt",
    "seed": null
}