{
    "diffused_index_map": {},
    "metrics": {
        "max_ca_deviation": 0.07926750183105469,
        "n_chainbreaks": 0,
        "n_clashing.interresidue_clashes_w_sidechain": 0,
        "n_clashing.interresidue_clashes_w_backbone": 0,
        "n_clashing.ligand_clashes": 0,
        "n_clashing.ligand_min_distance": 4.5057597160339355,
        "non_loop_fraction": 0.7290322580645161,
        "loop_fraction": 0.2709677419354839,
        "helix_fraction": 0.38064516129032255,
        "sheet_fraction": 0.34838709677419355,
        "num_ss_elements": 11,
        "radius_of_gyration": 14.567878653331872,
        "alanine_content": 0.23870967741935484,
        "glycine_content": 0.025806451612903226,
        "num_residues": 155,
        "diffused_com": [
            -1.1482442617416382,
            -0.8202045559883118,
            -0.03886917978525162
        ],
        "fixed_com": [
            0.00045340400538407266,
            -0.0006975446594879031,
            0.00014386858674697578
        ]
    },
    "specification": {
        "input": "/home/iska/amelie-ai/ThermoGFN/data/rfd3/ccd_ligands/structures/A1A39.cif",
        "length": "20-400",
        "ligand": "A1A39",
        "extra": {
            "example": "ligand_062_ccd_a1a39",
            "task_name": "spec_ligand_062_ccd_a1a39_ligand_062_ccd_a1a39",
            "sampled_contig": "155",
            "num_tokens_in": 156,
            "num_residues_in": 156,
            "num_chains": 2,
            "num_atoms": 789,
            "num_residues": 158,
            "example_id": "spec_ligand_062_ccd_a1a39_ligand_062_ccd_a1a39_0"
        },
        "select_fixed_atoms": {
            "A1A39": "ALL"
        },
        "select_unfixed_sequence": false
    },
    "ckpt_path": "/home/iska/amelie-ai/ThermoGFN/weights/rfd3_latest.ckpt",
    "seed": null
}