{
    "diffused_index_map": {},
    "metrics": {
        "max_ca_deviation": 0.8208620548248291,
        "n_chainbreaks": 1,
        "n_clashing.interresidue_clashes_w_sidechain": 0,
        "n_clashing.interresidue_clashes_w_backbone": 0,
        "n_clashing.ligand_clashes": 0,
        "n_clashing.ligand_min_distance": 3.570951461791992,
        "non_loop_fraction": 0.4661016949152542,
        "loop_fraction": 0.5338983050847458,
        "helix_fraction": 0.0,
        "sheet_fraction": 0.4661016949152542,
        "num_ss_elements": 8,
        "radius_of_gyration": 13.430451687192475,
        "alanine_content": 0.17796610169491525,
        "glycine_content": 0.09322033898305085,
        "num_residues": 118,
        "diffused_com": [
            0.07050596177577972,
            1.6718202829360962,
            0.07407058030366898
        ],
        "fixed_com": [
            0.00045340400538407266,
            -0.0006975446594879031,
            0.00014386858674697578
        ]
    },
    "specification": {
        "input": "/home/iska/amelie-ai/ThermoGFN/data/rfd3/ccd_ligands/structures/A1A39.cif",
        "length": "20-400",
        "ligand": "A1A39",
        "extra": {
            "example": "ligand_062_ccd_a1a39",
            "task_name": "spec_ligand_062_ccd_a1a39_ligand_062_ccd_a1a39",
            "sampled_contig": "118",
            "num_tokens_in": 119,
            "num_residues_in": 119,
            "num_chains": 2,
            "num_atoms": 604,
            "num_residues": 121,
            "example_id": "spec_ligand_062_ccd_a1a39_ligand_062_ccd_a1a39_2"
        },
        "select_fixed_atoms": {
            "A1A39": "ALL"
        },
        "select_unfixed_sequence": false
    },
    "ckpt_path": "/home/iska/amelie-ai/ThermoGFN/weights/rfd3_latest.ckpt",
    "seed": null
}