{
    "diffused_index_map": {},
    "metrics": {
        "max_ca_deviation": 0.10422849655151367,
        "n_chainbreaks": 0,
        "n_clashing.interresidue_clashes_w_sidechain": 0,
        "n_clashing.interresidue_clashes_w_backbone": 0,
        "n_clashing.ligand_clashes": 0,
        "n_clashing.ligand_min_distance": 3.1702375411987305,
        "non_loop_fraction": 0.6770833333333333,
        "loop_fraction": 0.3229166666666667,
        "helix_fraction": 0.5104166666666666,
        "sheet_fraction": 0.16666666666666666,
        "num_ss_elements": 18,
        "radius_of_gyration": 17.194082103964316,
        "alanine_content": 0.3576388888888889,
        "glycine_content": 0.034722222222222224,
        "num_residues": 288,
        "diffused_com": [
            3.0258007049560547,
            2.246415376663208,
            0.38459518551826477
        ],
        "fixed_com": [
            0.0013476562453433871,
            -0.00023437499476131052,
            -9.765624781721272e-06
        ]
    },
    "specification": {
        "input": "/home/iska/amelie-ai/ThermoGFN/data/rfd3/ccd_ligands/structures/F8M.cif",
        "length": "20-400",
        "ligand": "F8M",
        "extra": {
            "example": "ligand_441_ccd_f8m",
            "task_name": "spec_ligand_441_ccd_f8m_ligand_441_ccd_f8m",
            "sampled_contig": "288",
            "num_tokens_in": 289,
            "num_residues_in": 289,
            "num_chains": 2,
            "num_atoms": 1465,
            "num_residues": 291,
            "example_id": "spec_ligand_441_ccd_f8m_ligand_441_ccd_f8m_2"
        },
        "select_fixed_atoms": {
            "F8M": "ALL"
        },
        "select_unfixed_sequence": false
    },
    "ckpt_path": "/home/iska/amelie-ai/ThermoGFN/weights/rfd3_latest.ckpt",
    "seed": null
}