{
    "diffused_index_map": {},
    "metrics": {
        "max_ca_deviation": 0.06615710258483887,
        "n_chainbreaks": 0,
        "n_clashing.interresidue_clashes_w_sidechain": 0,
        "n_clashing.interresidue_clashes_w_backbone": 0,
        "n_clashing.ligand_clashes": 0,
        "n_clashing.ligand_min_distance": 3.051499128341675,
        "non_loop_fraction": 0.7520661157024793,
        "loop_fraction": 0.24793388429752067,
        "helix_fraction": 0.5702479338842975,
        "sheet_fraction": 0.18181818181818182,
        "num_ss_elements": 16,
        "radius_of_gyration": 16.70060718920876,
        "alanine_content": 0.30578512396694213,
        "glycine_content": 0.05371900826446281,
        "num_residues": 242,
        "diffused_com": [
            1.1593685150146484,
            2.848874092102051,
            -0.4729408025741577
        ],
        "fixed_com": [
            0.0013476562453433871,
            -0.00023437499476131052,
            -9.765624781721272e-06
        ]
    },
    "specification": {
        "input": "/home/iska/amelie-ai/ThermoGFN/data/rfd3/ccd_ligands/structures/F8M.cif",
        "length": "20-400",
        "ligand": "F8M",
        "extra": {
            "example": "ligand_441_ccd_f8m",
            "task_name": "spec_ligand_441_ccd_f8m_ligand_441_ccd_f8m",
            "sampled_contig": "242",
            "num_tokens_in": 243,
            "num_residues_in": 243,
            "num_chains": 2,
            "num_atoms": 1235,
            "num_residues": 245,
            "example_id": "spec_ligand_441_ccd_f8m_ligand_441_ccd_f8m_0"
        },
        "select_fixed_atoms": {
            "F8M": "ALL"
        },
        "select_unfixed_sequence": false
    },
    "ckpt_path": "/home/iska/amelie-ai/ThermoGFN/weights/rfd3_latest.ckpt",
    "seed": null
}