{
    "diffused_index_map": {},
    "metrics": {
        "max_ca_deviation": 0.11484146118164062,
        "n_chainbreaks": 0,
        "n_clashing.interresidue_clashes_w_sidechain": 0,
        "n_clashing.interresidue_clashes_w_backbone": 0,
        "n_clashing.ligand_clashes": 0,
        "n_clashing.ligand_min_distance": 4.613061904907227,
        "non_loop_fraction": 0.6555891238670695,
        "loop_fraction": 0.34441087613293053,
        "helix_fraction": 0.4954682779456193,
        "sheet_fraction": 0.16012084592145015,
        "num_ss_elements": 20,
        "radius_of_gyration": 18.052449085644966,
        "alanine_content": 0.31722054380664655,
        "glycine_content": 0.06948640483383686,
        "num_residues": 331,
        "diffused_com": [
            1.3414863348007202,
            0.7637402415275574,
            1.4935380220413208
        ],
        "fixed_com": [
            0.0009426117176190019,
            -0.0001302083401242271,
            -0.00017903646221384406
        ]
    },
    "specification": {
        "input": "/home/iska/amelie-ai/ThermoGFN/data/rfd3/ccd_ligands/structures/0ON.cif",
        "length": "20-400",
        "ligand": "0ON",
        "extra": {
            "example": "ligand_072_ccd_0on",
            "task_name": "spec_ligand_072_ccd_0on_ligand_072_ccd_0on",
            "sampled_contig": "331",
            "num_tokens_in": 332,
            "num_residues_in": 332,
            "num_chains": 2,
            "num_atoms": 1670,
            "num_residues": 334,
            "example_id": "spec_ligand_072_ccd_0on_ligand_072_ccd_0on_1"
        },
        "select_fixed_atoms": {
            "0ON": "ALL"
        },
        "select_unfixed_sequence": false
    },
    "ckpt_path": "/home/iska/amelie-ai/ThermoGFN/weights/rfd3_latest.ckpt",
    "seed": null
}