{
    "diffused_index_map": {},
    "metrics": {
        "max_ca_deviation": 0.0784761905670166,
        "n_chainbreaks": 0,
        "n_clashing.interresidue_clashes_w_sidechain": 1,
        "n_clashing.interresidue_clashes_w_backbone": 0,
        "n_clashing.ligand_clashes": 0,
        "n_clashing.ligand_min_distance": 3.535926342010498,
        "non_loop_fraction": 0.5842696629213483,
        "loop_fraction": 0.4157303370786517,
        "helix_fraction": 0.45318352059925093,
        "sheet_fraction": 0.13108614232209737,
        "num_ss_elements": 15,
        "radius_of_gyration": 16.212492878911185,
        "alanine_content": 0.30711610486891383,
        "glycine_content": 0.0898876404494382,
        "num_residues": 267,
        "diffused_com": [
            3.258608102798462,
            1.1200530529022217,
            -0.8568373322486877
        ],
        "fixed_com": [
            0.0009426117176190019,
            -0.0001302083401242271,
            -0.00017903646221384406
        ]
    },
    "specification": {
        "input": "/home/iska/amelie-ai/ThermoGFN/data/rfd3/ccd_ligands/structures/0ON.cif",
        "length": "20-400",
        "ligand": "0ON",
        "extra": {
            "example": "ligand_072_ccd_0on",
            "task_name": "spec_ligand_072_ccd_0on_ligand_072_ccd_0on",
            "sampled_contig": "267",
            "num_tokens_in": 268,
            "num_residues_in": 268,
            "num_chains": 2,
            "num_atoms": 1350,
            "num_residues": 270,
            "example_id": "spec_ligand_072_ccd_0on_ligand_072_ccd_0on_2"
        },
        "select_fixed_atoms": {
            "0ON": "ALL"
        },
        "select_unfixed_sequence": false
    },
    "ckpt_path": "/home/iska/amelie-ai/ThermoGFN/weights/rfd3_latest.ckpt",
    "seed": null
}