{
    "diffused_index_map": {},
    "metrics": {
        "max_ca_deviation": 0.8340203762054443,
        "n_chainbreaks": 1,
        "n_clashing.interresidue_clashes_w_sidechain": 1,
        "n_clashing.interresidue_clashes_w_backbone": 0,
        "n_clashing.ligand_clashes": 0,
        "n_clashing.ligand_min_distance": 3.5708494186401367,
        "non_loop_fraction": 0.6194331983805668,
        "loop_fraction": 0.3805668016194332,
        "helix_fraction": 0.5060728744939271,
        "sheet_fraction": 0.11336032388663968,
        "num_ss_elements": 14,
        "radius_of_gyration": 16.256572809085146,
        "alanine_content": 0.4291497975708502,
        "glycine_content": 0.08097165991902834,
        "num_residues": 247,
        "diffused_com": [
            -0.2683369815349579,
            -0.40889281034469604,
            -0.3631339371204376
        ],
        "fixed_com": [
            0.0009426117176190019,
            -0.0001302083401242271,
            -0.00017903646221384406
        ]
    },
    "specification": {
        "input": "/home/iska/amelie-ai/ThermoGFN/data/rfd3/ccd_ligands/structures/0ON.cif",
        "length": "20-400",
        "ligand": "0ON",
        "extra": {
            "example": "ligand_072_ccd_0on",
            "task_name": "spec_ligand_072_ccd_0on_ligand_072_ccd_0on",
            "sampled_contig": "247",
            "num_tokens_in": 248,
            "num_residues_in": 248,
            "num_chains": 2,
            "num_atoms": 1250,
            "num_residues": 250,
            "example_id": "spec_ligand_072_ccd_0on_ligand_072_ccd_0on_0"
        },
        "select_fixed_atoms": {
            "0ON": "ALL"
        },
        "select_unfixed_sequence": false
    },
    "ckpt_path": "/home/iska/amelie-ai/ThermoGFN/weights/rfd3_latest.ckpt",
    "seed": null
}