{
    "diffused_index_map": {},
    "metrics": {
        "max_ca_deviation": 0.9032878875732422,
        "n_chainbreaks": 1,
        "n_clashing.interresidue_clashes_w_sidechain": 0,
        "n_clashing.interresidue_clashes_w_backbone": 0,
        "n_clashing.ligand_clashes": 0,
        "n_clashing.ligand_min_distance": 3.240360736846924,
        "non_loop_fraction": 0.6918918918918918,
        "loop_fraction": 0.3081081081081081,
        "helix_fraction": 0.5486486486486486,
        "sheet_fraction": 0.14324324324324325,
        "num_ss_elements": 24,
        "radius_of_gyration": 17.897849901062077,
        "alanine_content": 0.43243243243243246,
        "glycine_content": 0.0918918918918919,
        "num_residues": 370,
        "diffused_com": [
            3.578015089035034,
            1.3901653289794922,
            -1.1910650730133057
        ],
        "fixed_com": [
            -0.00048828125,
            -0.0011840820079669356,
            0.00016326904005836695
        ]
    },
    "specification": {
        "input": "/home/iska/amelie-ai/ThermoGFN/data/rfd3/ccd_ligands/structures/68V.cif",
        "length": "20-400",
        "ligand": "68V",
        "extra": {
            "example": "ligand_417_ccd_68v",
            "task_name": "spec_ligand_417_ccd_68v_ligand_417_ccd_68v",
            "sampled_contig": "370",
            "num_tokens_in": 371,
            "num_residues_in": 371,
            "num_chains": 2,
            "num_atoms": 1870,
            "num_residues": 373,
            "example_id": "spec_ligand_417_ccd_68v_ligand_417_ccd_68v_2"
        },
        "select_fixed_atoms": {
            "68V": "ALL"
        },
        "select_unfixed_sequence": false
    },
    "ckpt_path": "/home/iska/amelie-ai/ThermoGFN/weights/rfd3_latest.ckpt",
    "seed": null
}