{
    "diffused_index_map": {},
    "metrics": {
        "max_ca_deviation": 0.08720779418945312,
        "n_chainbreaks": 0,
        "n_clashing.interresidue_clashes_w_sidechain": 0,
        "n_clashing.interresidue_clashes_w_backbone": 0,
        "n_clashing.ligand_clashes": 0,
        "n_clashing.ligand_min_distance": 3.0742599964141846,
        "non_loop_fraction": 0.7688172043010753,
        "loop_fraction": 0.23118279569892472,
        "helix_fraction": 0.7419354838709677,
        "sheet_fraction": 0.026881720430107527,
        "num_ss_elements": 8,
        "radius_of_gyration": 14.800817435341386,
        "alanine_content": 0.34946236559139787,
        "glycine_content": 0.043010752688172046,
        "num_residues": 186,
        "diffused_com": [
            1.3048055171966553,
            -0.8347187638282776,
            1.0687248706817627
        ],
        "fixed_com": [
            0.000732421875,
            0.00033804087433964014,
            -0.00017841045337263495
        ]
    },
    "specification": {
        "input": "/home/iska/amelie-ai/ThermoGFN/data/rfd3/ccd_ligands/structures/E78.cif",
        "length": "20-400",
        "ligand": "E78",
        "extra": {
            "example": "ligand_521_ccd_e78",
            "task_name": "spec_ligand_521_ccd_e78_ligand_521_ccd_e78",
            "sampled_contig": "186",
            "num_tokens_in": 187,
            "num_residues_in": 187,
            "num_chains": 2,
            "num_atoms": 956,
            "num_residues": 189,
            "example_id": "spec_ligand_521_ccd_e78_ligand_521_ccd_e78_2"
        },
        "select_fixed_atoms": {
            "E78": "ALL"
        },
        "select_unfixed_sequence": false
    },
    "ckpt_path": "/home/iska/amelie-ai/ThermoGFN/weights/rfd3_latest.ckpt",
    "seed": null
}