{
    "diffused_index_map": {},
    "metrics": {
        "max_ca_deviation": 0.06508493423461914,
        "n_chainbreaks": 0,
        "n_clashing.interresidue_clashes_w_sidechain": 1,
        "n_clashing.interresidue_clashes_w_backbone": 0,
        "n_clashing.ligand_clashes": 0,
        "n_clashing.ligand_min_distance": 3.810640811920166,
        "non_loop_fraction": 0.5825242718446602,
        "loop_fraction": 0.4174757281553398,
        "helix_fraction": 0.2524271844660194,
        "sheet_fraction": 0.3300970873786408,
        "num_ss_elements": 15,
        "radius_of_gyration": 15.426084904412827,
        "alanine_content": 0.21359223300970873,
        "glycine_content": 0.05339805825242718,
        "num_residues": 206,
        "diffused_com": [
            -0.4548085331916809,
            1.3539047241210938,
            1.1357016563415527
        ],
        "fixed_com": [
            0.0022874914575368166,
            0.0005838145152665675,
            -0.0003927479556296021
        ]
    },
    "specification": {
        "input": "/home/iska/amelie-ai/ThermoGFN/data/rfd3/ccd_ligands/structures/BI5.cif",
        "length": "20-400",
        "ligand": "BI5",
        "extra": {
            "example": "ligand_344_ccd_bi5",
            "task_name": "spec_ligand_344_ccd_bi5_ligand_344_ccd_bi5",
            "sampled_contig": "206",
            "num_tokens_in": 207,
            "num_residues_in": 207,
            "num_chains": 2,
            "num_atoms": 1053,
            "num_residues": 209,
            "example_id": "spec_ligand_344_ccd_bi5_ligand_344_ccd_bi5_1"
        },
        "select_fixed_atoms": {
            "BI5": "ALL"
        },
        "select_unfixed_sequence": false
    },
    "ckpt_path": "/home/iska/amelie-ai/ThermoGFN/weights/rfd3_latest.ckpt",
    "seed": null
}