{
    "diffused_index_map": {},
    "metrics": {
        "max_ca_deviation": 0.10236644744873047,
        "n_chainbreaks": 0,
        "n_clashing.interresidue_clashes_w_sidechain": 1,
        "n_clashing.interresidue_clashes_w_backbone": 0,
        "n_clashing.ligand_clashes": 0,
        "n_clashing.ligand_min_distance": 3.028902053833008,
        "non_loop_fraction": 0.7040229885057472,
        "loop_fraction": 0.2959770114942529,
        "helix_fraction": 0.514367816091954,
        "sheet_fraction": 0.1896551724137931,
        "num_ss_elements": 23,
        "radius_of_gyration": 18.332984007979544,
        "alanine_content": 0.34770114942528735,
        "glycine_content": 0.06321839080459771,
        "num_residues": 348,
        "diffused_com": [
            0.7033219933509827,
            -0.08001939952373505,
            1.59663724899292
        ],
        "fixed_com": [
            0.0022874914575368166,
            0.0005838145152665675,
            -0.0003927479556296021
        ]
    },
    "specification": {
        "input": "/home/iska/amelie-ai/ThermoGFN/data/rfd3/ccd_ligands/structures/BI5.cif",
        "length": "20-400",
        "ligand": "BI5",
        "extra": {
            "example": "ligand_344_ccd_bi5",
            "task_name": "spec_ligand_344_ccd_bi5_ligand_344_ccd_bi5",
            "sampled_contig": "348",
            "num_tokens_in": 349,
            "num_residues_in": 349,
            "num_chains": 2,
            "num_atoms": 1763,
            "num_residues": 351,
            "example_id": "spec_ligand_344_ccd_bi5_ligand_344_ccd_bi5_2"
        },
        "select_fixed_atoms": {
            "BI5": "ALL"
        },
        "select_unfixed_sequence": false
    },
    "ckpt_path": "/home/iska/amelie-ai/ThermoGFN/weights/rfd3_latest.ckpt",
    "seed": null
}