{
    "diffused_index_map": {},
    "metrics": {
        "max_ca_deviation": 0.07158732414245605,
        "n_chainbreaks": 0,
        "n_clashing.interresidue_clashes_w_sidechain": 0,
        "n_clashing.interresidue_clashes_w_backbone": 0,
        "n_clashing.ligand_clashes": 0,
        "n_clashing.ligand_min_distance": 3.5546576976776123,
        "non_loop_fraction": 0.6707317073170732,
        "loop_fraction": 0.32926829268292684,
        "helix_fraction": 0.5650406504065041,
        "sheet_fraction": 0.10569105691056911,
        "num_ss_elements": 14,
        "radius_of_gyration": 16.335505945320815,
        "alanine_content": 0.35772357723577236,
        "glycine_content": 0.07723577235772358,
        "num_residues": 246,
        "diffused_com": [
            -5.10496187210083,
            -3.0544440746307373,
            -0.6206433176994324
        ],
        "fixed_com": [
            -0.00045340400538407266,
            -0.00044468470150604844,
            0.0001569475425640121
        ]
    },
    "specification": {
        "input": "/home/iska/amelie-ai/ThermoGFN/data/rfd3/ccd_ligands/structures/NT0.cif",
        "length": "20-400",
        "ligand": "NT0",
        "extra": {
            "example": "ligand_519_ccd_nt0",
            "task_name": "spec_ligand_519_ccd_nt0_ligand_519_ccd_nt0",
            "sampled_contig": "246",
            "num_tokens_in": 247,
            "num_residues_in": 247,
            "num_chains": 2,
            "num_atoms": 1258,
            "num_residues": 249,
            "example_id": "spec_ligand_519_ccd_nt0_ligand_519_ccd_nt0_0"
        },
        "select_fixed_atoms": {
            "NT0": "ALL"
        },
        "select_unfixed_sequence": false
    },
    "ckpt_path": "/home/iska/amelie-ai/ThermoGFN/weights/rfd3_latest.ckpt",
    "seed": null
}