{
    "diffused_index_map": {},
    "metrics": {
        "max_ca_deviation": 0.08572626113891602,
        "n_chainbreaks": 0,
        "n_clashing.interresidue_clashes_w_sidechain": 0,
        "n_clashing.interresidue_clashes_w_backbone": 0,
        "n_clashing.ligand_clashes": 0,
        "n_clashing.ligand_min_distance": 3.469972610473633,
        "non_loop_fraction": 0.5708812260536399,
        "loop_fraction": 0.42911877394636017,
        "helix_fraction": 0.4367816091954023,
        "sheet_fraction": 0.13409961685823754,
        "num_ss_elements": 16,
        "radius_of_gyration": 16.033485355167045,
        "alanine_content": 0.3371647509578544,
        "glycine_content": 0.08045977011494253,
        "num_residues": 261,
        "diffused_com": [
            1.5504206418991089,
            3.7110235691070557,
            1.7187877893447876
        ],
        "fixed_com": [
            0.0002604166802484542,
            -0.00044759115553461015,
            3.255208503105678e-05
        ]
    },
    "specification": {
        "input": "/home/iska/amelie-ai/ThermoGFN/data/rfd3/ccd_ligands/structures/NZ9.cif",
        "length": "20-400",
        "ligand": "NZ9",
        "extra": {
            "example": "ligand_193_ccd_nz9",
            "task_name": "spec_ligand_193_ccd_nz9_ligand_193_ccd_nz9",
            "sampled_contig": "261",
            "num_tokens_in": 262,
            "num_residues_in": 262,
            "num_chains": 2,
            "num_atoms": 1320,
            "num_residues": 264,
            "example_id": "spec_ligand_193_ccd_nz9_ligand_193_ccd_nz9_1"
        },
        "select_fixed_atoms": {
            "NZ9": "ALL"
        },
        "select_unfixed_sequence": false
    },
    "ckpt_path": "/home/iska/amelie-ai/ThermoGFN/weights/rfd3_latest.ckpt",
    "seed": null
}