{
    "diffused_index_map": {},
    "metrics": {
        "max_ca_deviation": 0.7102417945861816,
        "n_chainbreaks": 0,
        "n_clashing.interresidue_clashes_w_sidechain": 0,
        "n_clashing.interresidue_clashes_w_backbone": 0,
        "n_clashing.ligand_clashes": 0,
        "n_clashing.ligand_min_distance": 4.829065322875977,
        "non_loop_fraction": 0.6814404432132963,
        "loop_fraction": 0.3185595567867036,
        "helix_fraction": 0.5401662049861495,
        "sheet_fraction": 0.14127423822714683,
        "num_ss_elements": 24,
        "radius_of_gyration": 18.112888064256722,
        "alanine_content": 0.4182825484764543,
        "glycine_content": 0.04986149584487535,
        "num_residues": 361,
        "diffused_com": [
            1.5278619527816772,
            0.4190819263458252,
            1.0601675510406494
        ],
        "fixed_com": [
            0.0002604166802484542,
            -0.00044759115553461015,
            3.255208503105678e-05
        ]
    },
    "specification": {
        "input": "/home/iska/amelie-ai/ThermoGFN/data/rfd3/ccd_ligands/structures/NZ9.cif",
        "length": "20-400",
        "ligand": "NZ9",
        "extra": {
            "example": "ligand_193_ccd_nz9",
            "task_name": "spec_ligand_193_ccd_nz9_ligand_193_ccd_nz9",
            "sampled_contig": "361",
            "num_tokens_in": 362,
            "num_residues_in": 362,
            "num_chains": 2,
            "num_atoms": 1820,
            "num_residues": 364,
            "example_id": "spec_ligand_193_ccd_nz9_ligand_193_ccd_nz9_2"
        },
        "select_fixed_atoms": {
            "NZ9": "ALL"
        },
        "select_unfixed_sequence": false
    },
    "ckpt_path": "/home/iska/amelie-ai/ThermoGFN/weights/rfd3_latest.ckpt",
    "seed": null
}