{
    "diffused_index_map": {},
    "metrics": {
        "max_ca_deviation": 0.9175479412078857,
        "n_chainbreaks": 1,
        "n_clashing.interresidue_clashes_w_sidechain": 1,
        "n_clashing.interresidue_clashes_w_backbone": 0,
        "n_clashing.ligand_clashes": 0,
        "n_clashing.ligand_min_distance": 4.059030055999756,
        "non_loop_fraction": 0.6016949152542372,
        "loop_fraction": 0.3983050847457627,
        "helix_fraction": 0.211864406779661,
        "sheet_fraction": 0.3898305084745763,
        "num_ss_elements": 16,
        "radius_of_gyration": 16.56707167207155,
        "alanine_content": 0.2923728813559322,
        "glycine_content": 0.07203389830508475,
        "num_residues": 236,
        "diffused_com": [
            1.8625125885009766,
            2.143829107284546,
            -1.0059648752212524
        ],
        "fixed_com": [
            0.0020996094681322575,
            0.0002929687616415322,
            0.0004821777401957661
        ]
    },
    "specification": {
        "input": "/home/iska/amelie-ai/ThermoGFN/data/rfd3/ccd_ligands/structures/A1B3D.cif",
        "length": "20-400",
        "ligand": "A1B3D",
        "extra": {
            "example": "ligand_318_ccd_a1b3d",
            "task_name": "spec_ligand_318_ccd_a1b3d_ligand_318_ccd_a1b3d",
            "sampled_contig": "236",
            "num_tokens_in": 237,
            "num_residues_in": 237,
            "num_chains": 2,
            "num_atoms": 1200,
            "num_residues": 239,
            "example_id": "spec_ligand_318_ccd_a1b3d_ligand_318_ccd_a1b3d_2"
        },
        "select_fixed_atoms": {
            "A1B3D": "ALL"
        },
        "select_unfixed_sequence": false
    },
    "ckpt_path": "/home/iska/amelie-ai/ThermoGFN/weights/rfd3_latest.ckpt",
    "seed": null
}