{
    "diffused_index_map": {},
    "metrics": {
        "max_ca_deviation": 0.061074256896972656,
        "n_chainbreaks": 0,
        "n_clashing.interresidue_clashes_w_sidechain": 0,
        "n_clashing.interresidue_clashes_w_backbone": 0,
        "n_clashing.ligand_clashes": 0,
        "n_clashing.ligand_min_distance": 3.484381675720215,
        "non_loop_fraction": 0.5588235294117647,
        "loop_fraction": 0.4411764705882353,
        "helix_fraction": 0.33088235294117646,
        "sheet_fraction": 0.22794117647058823,
        "num_ss_elements": 9,
        "radius_of_gyration": 13.805454746773217,
        "alanine_content": 0.20588235294117646,
        "glycine_content": 0.03676470588235294,
        "num_residues": 136,
        "diffused_com": [
            0.758939266204834,
            1.6964097023010254,
            1.4807169437408447
        ],
        "fixed_com": [
            0.0020996094681322575,
            0.0002929687616415322,
            0.0004821777401957661
        ]
    },
    "specification": {
        "input": "/home/iska/amelie-ai/ThermoGFN/data/rfd3/ccd_ligands/structures/A1B3D.cif",
        "length": "20-400",
        "ligand": "A1B3D",
        "extra": {
            "example": "ligand_318_ccd_a1b3d",
            "task_name": "spec_ligand_318_ccd_a1b3d_ligand_318_ccd_a1b3d",
            "sampled_contig": "136",
            "num_tokens_in": 137,
            "num_residues_in": 137,
            "num_chains": 2,
            "num_atoms": 700,
            "num_residues": 139,
            "example_id": "spec_ligand_318_ccd_a1b3d_ligand_318_ccd_a1b3d_0"
        },
        "select_fixed_atoms": {
            "A1B3D": "ALL"
        },
        "select_unfixed_sequence": false
    },
    "ckpt_path": "/home/iska/amelie-ai/ThermoGFN/weights/rfd3_latest.ckpt",
    "seed": null
}