{
    "diffused_index_map": {},
    "metrics": {
        "max_ca_deviation": 0.08844280242919922,
        "n_chainbreaks": 0,
        "n_clashing.interresidue_clashes_w_sidechain": 0,
        "n_clashing.interresidue_clashes_w_backbone": 0,
        "n_clashing.ligand_clashes": 0,
        "n_clashing.ligand_min_distance": 3.090041399002075,
        "non_loop_fraction": 0.6576086956521738,
        "loop_fraction": 0.3423913043478261,
        "helix_fraction": 0.529891304347826,
        "sheet_fraction": 0.12771739130434784,
        "num_ss_elements": 23,
        "radius_of_gyration": 17.72042963815668,
        "alanine_content": 0.41304347826086957,
        "glycine_content": 0.08695652173913043,
        "num_residues": 368,
        "diffused_com": [
            -0.8008822798728943,
            -0.6145956516265869,
            0.12972308695316315
        ],
        "fixed_com": [
            0.00017755682347342372,
            -0.0008655894780531526,
            0.00015536221326328814
        ]
    },
    "specification": {
        "input": "/home/iska/amelie-ai/ThermoGFN/data/rfd3/ccd_ligands/structures/BC8.cif",
        "length": "20-400",
        "ligand": "BC8",
        "extra": {
            "example": "ligand_387_ccd_bc8",
            "task_name": "spec_ligand_387_ccd_bc8_ligand_387_ccd_bc8",
            "sampled_contig": "368",
            "num_tokens_in": 369,
            "num_residues_in": 369,
            "num_chains": 2,
            "num_atoms": 1862,
            "num_residues": 371,
            "example_id": "spec_ligand_387_ccd_bc8_ligand_387_ccd_bc8_1"
        },
        "select_fixed_atoms": {
            "BC8": "ALL"
        },
        "select_unfixed_sequence": false
    },
    "ckpt_path": "/home/iska/amelie-ai/ThermoGFN/weights/rfd3_latest.ckpt",
    "seed": null
}