{
    "diffused_index_map": {},
    "metrics": {
        "max_ca_deviation": 0.8487164974212646,
        "n_chainbreaks": 2,
        "n_clashing.interresidue_clashes_w_sidechain": 0,
        "n_clashing.interresidue_clashes_w_backbone": 0,
        "n_clashing.ligand_clashes": 0,
        "n_clashing.ligand_min_distance": 3.671994686126709,
        "non_loop_fraction": 0.544987146529563,
        "loop_fraction": 0.455012853470437,
        "helix_fraction": 0.40616966580976865,
        "sheet_fraction": 0.13881748071979436,
        "num_ss_elements": 22,
        "radius_of_gyration": 18.417103499194297,
        "alanine_content": 0.37275064267352187,
        "glycine_content": 0.04884318766066838,
        "num_residues": 389,
        "diffused_com": [
            1.9938549995422363,
            2.8008041381835938,
            -1.692704677581787
        ],
        "fixed_com": [
            0.00017755682347342372,
            -0.0008655894780531526,
            0.00015536221326328814
        ]
    },
    "specification": {
        "input": "/home/iska/amelie-ai/ThermoGFN/data/rfd3/ccd_ligands/structures/BC8.cif",
        "length": "20-400",
        "ligand": "BC8",
        "extra": {
            "example": "ligand_387_ccd_bc8",
            "task_name": "spec_ligand_387_ccd_bc8_ligand_387_ccd_bc8",
            "sampled_contig": "389",
            "num_tokens_in": 390,
            "num_residues_in": 390,
            "num_chains": 2,
            "num_atoms": 1967,
            "num_residues": 392,
            "example_id": "spec_ligand_387_ccd_bc8_ligand_387_ccd_bc8_0"
        },
        "select_fixed_atoms": {
            "BC8": "ALL"
        },
        "select_unfixed_sequence": false
    },
    "ckpt_path": "/home/iska/amelie-ai/ThermoGFN/weights/rfd3_latest.ckpt",
    "seed": null
}