{
    "diffused_index_map": {},
    "metrics": {
        "max_ca_deviation": 0.893425703048706,
        "n_chainbreaks": 1,
        "n_clashing.interresidue_clashes_w_sidechain": 0,
        "n_clashing.interresidue_clashes_w_backbone": 0,
        "n_clashing.ligand_clashes": 0,
        "n_clashing.ligand_min_distance": 3.127645492553711,
        "non_loop_fraction": 0.6503067484662577,
        "loop_fraction": 0.3496932515337423,
        "helix_fraction": 0.44785276073619634,
        "sheet_fraction": 0.20245398773006135,
        "num_ss_elements": 23,
        "radius_of_gyration": 18.224658489396447,
        "alanine_content": 0.37116564417177916,
        "glycine_content": 0.07668711656441718,
        "num_residues": 326,
        "diffused_com": [
            3.4135806560516357,
            1.9291298389434814,
            0.5533925294876099
        ],
        "fixed_com": [
            0.0028782894369214773,
            -4.176089714746922e-05,
            -0.0001586106518516317
        ]
    },
    "specification": {
        "input": "/home/iska/amelie-ai/ThermoGFN/data/rfd3/ccd_ligands/structures/9Y4.cif",
        "length": "20-400",
        "ligand": "9Y4",
        "extra": {
            "example": "ligand_219_ccd_9y4",
            "task_name": "spec_ligand_219_ccd_9y4_ligand_219_ccd_9y4",
            "sampled_contig": "326",
            "num_tokens_in": 327,
            "num_residues_in": 327,
            "num_chains": 2,
            "num_atoms": 1649,
            "num_residues": 329,
            "example_id": "spec_ligand_219_ccd_9y4_ligand_219_ccd_9y4_2"
        },
        "select_fixed_atoms": {
            "9Y4": "ALL"
        },
        "select_unfixed_sequence": false
    },
    "ckpt_path": "/home/iska/amelie-ai/ThermoGFN/weights/rfd3_latest.ckpt",
    "seed": null
}