{
    "diffused_index_map": {},
    "metrics": {
        "max_ca_deviation": 0.8758606910705566,
        "n_chainbreaks": 1,
        "n_clashing.interresidue_clashes_w_sidechain": 1,
        "n_clashing.interresidue_clashes_w_backbone": 0,
        "n_clashing.ligand_clashes": 0,
        "n_clashing.ligand_min_distance": 3.098836898803711,
        "non_loop_fraction": 0.4965753424657534,
        "loop_fraction": 0.5034246575342466,
        "helix_fraction": 0.3698630136986301,
        "sheet_fraction": 0.1267123287671233,
        "num_ss_elements": 14,
        "radius_of_gyration": 18.31749742727171,
        "alanine_content": 0.1643835616438356,
        "glycine_content": 0.05821917808219178,
        "num_residues": 292,
        "diffused_com": [
            -1.7869795560836792,
            9.391714096069336,
            1.2589377164840698
        ],
        "fixed_com": [
            0.0028782894369214773,
            -4.176089714746922e-05,
            -0.0001586106518516317
        ]
    },
    "specification": {
        "input": "/home/iska/amelie-ai/ThermoGFN/data/rfd3/ccd_ligands/structures/9Y4.cif",
        "length": "20-400",
        "ligand": "9Y4",
        "extra": {
            "example": "ligand_219_ccd_9y4",
            "task_name": "spec_ligand_219_ccd_9y4_ligand_219_ccd_9y4",
            "sampled_contig": "292",
            "num_tokens_in": 293,
            "num_residues_in": 293,
            "num_chains": 2,
            "num_atoms": 1479,
            "num_residues": 295,
            "example_id": "spec_ligand_219_ccd_9y4_ligand_219_ccd_9y4_0"
        },
        "select_fixed_atoms": {
            "9Y4": "ALL"
        },
        "select_unfixed_sequence": false
    },
    "ckpt_path": "/home/iska/amelie-ai/ThermoGFN/weights/rfd3_latest.ckpt",
    "seed": null
}