{
    "diffused_index_map": {},
    "metrics": {
        "max_ca_deviation": 0.7846143245697021,
        "n_chainbreaks": 1,
        "n_clashing.interresidue_clashes_w_sidechain": 1,
        "n_clashing.interresidue_clashes_w_backbone": 0,
        "n_clashing.ligand_clashes": 0,
        "n_clashing.ligand_min_distance": 3.1730387210845947,
        "non_loop_fraction": 0.6582633053221288,
        "loop_fraction": 0.34173669467787116,
        "helix_fraction": 0.48179271708683474,
        "sheet_fraction": 0.17647058823529413,
        "num_ss_elements": 20,
        "radius_of_gyration": 18.149678304035053,
        "alanine_content": 0.42016806722689076,
        "glycine_content": 0.0784313725490196,
        "num_residues": 357,
        "diffused_com": [
            0.8318084478378296,
            1.9850082397460938,
            -0.7769481539726257
        ],
        "fixed_com": [
            0.0006975446594879031,
            -0.00013950893480796367,
            -0.0002092633949359879
        ]
    },
    "specification": {
        "input": "/home/iska/amelie-ai/ThermoGFN/data/rfd3/ccd_ligands/structures/JH7.cif",
        "length": "20-400",
        "ligand": "JH7",
        "extra": {
            "example": "ligand_055_ccd_jh7",
            "task_name": "spec_ligand_055_ccd_jh7_ligand_055_ccd_jh7",
            "sampled_contig": "357",
            "num_tokens_in": 358,
            "num_residues_in": 358,
            "num_chains": 2,
            "num_atoms": 1799,
            "num_residues": 360,
            "example_id": "spec_ligand_055_ccd_jh7_ligand_055_ccd_jh7_1"
        },
        "select_fixed_atoms": {
            "JH7": "ALL"
        },
        "select_unfixed_sequence": false
    },
    "ckpt_path": "/home/iska/amelie-ai/ThermoGFN/weights/rfd3_latest.ckpt",
    "seed": null
}