{
    "diffused_index_map": {},
    "metrics": {
        "max_ca_deviation": 0.8823871612548828,
        "n_chainbreaks": 1,
        "n_clashing.interresidue_clashes_w_sidechain": 0,
        "n_clashing.interresidue_clashes_w_backbone": 0,
        "n_clashing.ligand_clashes": 0,
        "n_clashing.ligand_min_distance": 2.2856521606445312,
        "non_loop_fraction": 0.6495176848874598,
        "loop_fraction": 0.3504823151125402,
        "helix_fraction": 0.47266881028938906,
        "sheet_fraction": 0.17684887459807075,
        "num_ss_elements": 20,
        "radius_of_gyration": 17.146219421859332,
        "alanine_content": 0.3762057877813505,
        "glycine_content": 0.0707395498392283,
        "num_residues": 311,
        "diffused_com": [
            2.3414831161499023,
            -1.8324213027954102,
            -0.04153818637132645
        ],
        "fixed_com": [
            0.0006975446594879031,
            -0.00013950893480796367,
            -0.0002092633949359879
        ]
    },
    "specification": {
        "input": "/home/iska/amelie-ai/ThermoGFN/data/rfd3/ccd_ligands/structures/JH7.cif",
        "length": "20-400",
        "ligand": "JH7",
        "extra": {
            "example": "ligand_055_ccd_jh7",
            "task_name": "spec_ligand_055_ccd_jh7_ligand_055_ccd_jh7",
            "sampled_contig": "311",
            "num_tokens_in": 312,
            "num_residues_in": 312,
            "num_chains": 2,
            "num_atoms": 1569,
            "num_residues": 314,
            "example_id": "spec_ligand_055_ccd_jh7_ligand_055_ccd_jh7_0"
        },
        "select_fixed_atoms": {
            "JH7": "ALL"
        },
        "select_unfixed_sequence": false
    },
    "ckpt_path": "/home/iska/amelie-ai/ThermoGFN/weights/rfd3_latest.ckpt",
    "seed": null
}