{
    "diffused_index_map": {},
    "metrics": {
        "max_ca_deviation": 0.0735771656036377,
        "n_chainbreaks": 0,
        "n_clashing.interresidue_clashes_w_sidechain": 0,
        "n_clashing.interresidue_clashes_w_backbone": 0,
        "n_clashing.ligand_clashes": 0,
        "n_clashing.ligand_min_distance": 2.4491217136383057,
        "non_loop_fraction": 0.7366255144032922,
        "loop_fraction": 0.26337448559670784,
        "helix_fraction": 0.5679012345679012,
        "sheet_fraction": 0.16872427983539096,
        "num_ss_elements": 17,
        "radius_of_gyration": 16.266634797606773,
        "alanine_content": 0.2674897119341564,
        "glycine_content": 0.07407407407407407,
        "num_residues": 243,
        "diffused_com": [
            1.6598870754241943,
            0.3004215955734253,
            -1.7055376768112183
        ],
        "fixed_com": [
            -0.0016768606146797538,
            -0.0010279605630785227,
            -0.00017186214972753078
        ]
    },
    "specification": {
        "input": "/home/iska/amelie-ai/ThermoGFN/data/rfd3/ccd_ligands/structures/0N4.cif",
        "length": "20-400",
        "ligand": "0N4",
        "extra": {
            "example": "ligand_288_ccd_0n4",
            "task_name": "spec_ligand_288_ccd_0n4_ligand_288_ccd_0n4",
            "sampled_contig": "243",
            "num_tokens_in": 244,
            "num_residues_in": 244,
            "num_chains": 2,
            "num_atoms": 1234,
            "num_residues": 246,
            "example_id": "spec_ligand_288_ccd_0n4_ligand_288_ccd_0n4_1"
        },
        "select_fixed_atoms": {
            "0N4": "ALL"
        },
        "select_unfixed_sequence": false
    },
    "ckpt_path": "/home/iska/amelie-ai/ThermoGFN/weights/rfd3_latest.ckpt",
    "seed": null
}