{
    "diffused_index_map": {},
    "metrics": {
        "max_ca_deviation": 0.08333182334899902,
        "n_chainbreaks": 0,
        "n_clashing.interresidue_clashes_w_sidechain": 0,
        "n_clashing.interresidue_clashes_w_backbone": 0,
        "n_clashing.ligand_clashes": 0,
        "n_clashing.ligand_min_distance": 2.8336148262023926,
        "non_loop_fraction": 0.5922619047619048,
        "loop_fraction": 0.40773809523809523,
        "helix_fraction": 0.3601190476190476,
        "sheet_fraction": 0.23214285714285715,
        "num_ss_elements": 23,
        "radius_of_gyration": 18.82968960643022,
        "alanine_content": 0.31547619047619047,
        "glycine_content": 0.07738095238095238,
        "num_residues": 336,
        "diffused_com": [
            -1.321004867553711,
            5.612264156341553,
            1.6598864793777466
        ],
        "fixed_com": [
            -0.0016768606146797538,
            -0.0010279605630785227,
            -0.00017186214972753078
        ]
    },
    "specification": {
        "input": "/home/iska/amelie-ai/ThermoGFN/data/rfd3/ccd_ligands/structures/0N4.cif",
        "length": "20-400",
        "ligand": "0N4",
        "extra": {
            "example": "ligand_288_ccd_0n4",
            "task_name": "spec_ligand_288_ccd_0n4_ligand_288_ccd_0n4",
            "sampled_contig": "336",
            "num_tokens_in": 337,
            "num_residues_in": 337,
            "num_chains": 2,
            "num_atoms": 1699,
            "num_residues": 339,
            "example_id": "spec_ligand_288_ccd_0n4_ligand_288_ccd_0n4_0"
        },
        "select_fixed_atoms": {
            "0N4": "ALL"
        },
        "select_unfixed_sequence": false
    },
    "ckpt_path": "/home/iska/amelie-ai/ThermoGFN/weights/rfd3_latest.ckpt",
    "seed": null
}