{
    "diffused_index_map": {},
    "metrics": {
        "max_ca_deviation": 0.06346273422241211,
        "n_chainbreaks": 0,
        "n_clashing.interresidue_clashes_w_sidechain": 0,
        "n_clashing.interresidue_clashes_w_backbone": 0,
        "n_clashing.ligand_clashes": 0,
        "n_clashing.ligand_min_distance": 3.2245004177093506,
        "non_loop_fraction": 0.7560240963855421,
        "loop_fraction": 0.24397590361445784,
        "helix_fraction": 0.7228915662650602,
        "sheet_fraction": 0.03313253012048193,
        "num_ss_elements": 17,
        "radius_of_gyration": 17.402591734622185,
        "alanine_content": 0.41566265060240964,
        "glycine_content": 0.09939759036144578,
        "num_residues": 332,
        "diffused_com": [
            3.886754035949707,
            1.6904237270355225,
            -1.6840571165084839
        ],
        "fixed_com": [
            -0.0016768606146797538,
            -0.0010279605630785227,
            -0.00017186214972753078
        ]
    },
    "specification": {
        "input": "/home/iska/amelie-ai/ThermoGFN/data/rfd3/ccd_ligands/structures/0N4.cif",
        "length": "20-400",
        "ligand": "0N4",
        "extra": {
            "example": "ligand_288_ccd_0n4",
            "task_name": "spec_ligand_288_ccd_0n4_ligand_288_ccd_0n4",
            "sampled_contig": "332",
            "num_tokens_in": 333,
            "num_residues_in": 333,
            "num_chains": 2,
            "num_atoms": 1679,
            "num_residues": 335,
            "example_id": "spec_ligand_288_ccd_0n4_ligand_288_ccd_0n4_2"
        },
        "select_fixed_atoms": {
            "0N4": "ALL"
        },
        "select_unfixed_sequence": false
    },
    "ckpt_path": "/home/iska/amelie-ai/ThermoGFN/weights/rfd3_latest.ckpt",
    "seed": null
}