{
    "diffused_index_map": {},
    "metrics": {
        "max_ca_deviation": 0.8930528163909912,
        "n_chainbreaks": 1,
        "n_clashing.interresidue_clashes_w_sidechain": 0,
        "n_clashing.interresidue_clashes_w_backbone": 0,
        "n_clashing.ligand_clashes": 0,
        "n_clashing.ligand_min_distance": 3.1873631477355957,
        "non_loop_fraction": 0.6647230320699709,
        "loop_fraction": 0.33527696793002915,
        "helix_fraction": 0.5014577259475219,
        "sheet_fraction": 0.16326530612244897,
        "num_ss_elements": 19,
        "radius_of_gyration": 17.859514752057613,
        "alanine_content": 0.3469387755102041,
        "glycine_content": 0.05539358600583091,
        "num_residues": 343,
        "diffused_com": [
            2.1621477603912354,
            -0.19536541402339935,
            0.6446722745895386
        ],
        "fixed_com": [
            -0.0003340871771797538,
            -0.0001991673489101231,
            0.0004433079739101231
        ]
    },
    "specification": {
        "input": "/home/iska/amelie-ai/ThermoGFN/data/rfd3/ccd_ligands/structures/IB3.cif",
        "length": "20-400",
        "ligand": "IB3",
        "extra": {
            "example": "ligand_297_ccd_ib3",
            "task_name": "spec_ligand_297_ccd_ib3_ligand_297_ccd_ib3",
            "sampled_contig": "343",
            "num_tokens_in": 344,
            "num_residues_in": 344,
            "num_chains": 2,
            "num_atoms": 1734,
            "num_residues": 346,
            "example_id": "spec_ligand_297_ccd_ib3_ligand_297_ccd_ib3_0"
        },
        "select_fixed_atoms": {
            "IB3": "ALL"
        },
        "select_unfixed_sequence": false
    },
    "ckpt_path": "/home/iska/amelie-ai/ThermoGFN/weights/rfd3_latest.ckpt",
    "seed": null
}