{
    "diffused_index_map": {},
    "metrics": {
        "max_ca_deviation": 0.849332332611084,
        "n_chainbreaks": 2,
        "n_clashing.interresidue_clashes_w_sidechain": 0,
        "n_clashing.interresidue_clashes_w_backbone": 0,
        "n_clashing.ligand_clashes": 0,
        "n_clashing.ligand_min_distance": 3.749666690826416,
        "non_loop_fraction": 0.6118881118881119,
        "loop_fraction": 0.3881118881118881,
        "helix_fraction": 0.3916083916083916,
        "sheet_fraction": 0.2202797202797203,
        "num_ss_elements": 20,
        "radius_of_gyration": 17.23749168092235,
        "alanine_content": 0.22377622377622378,
        "glycine_content": 0.03496503496503497,
        "num_residues": 286,
        "diffused_com": [
            2.2508115768432617,
            -0.06190863251686096,
            -0.47606658935546875
        ],
        "fixed_com": [
            -0.0019066219683736563,
            0.00012788319145329297,
            2.325148852833081e-05
        ]
    },
    "specification": {
        "input": "/home/iska/amelie-ai/ThermoGFN/data/rfd3/ccd_ligands/structures/A1B8I.cif",
        "length": "20-400",
        "ligand": "A1B8I",
        "extra": {
            "example": "ligand_328_ccd_a1b8i",
            "task_name": "spec_ligand_328_ccd_a1b8i_ligand_328_ccd_a1b8i",
            "sampled_contig": "286",
            "num_tokens_in": 287,
            "num_residues_in": 287,
            "num_chains": 2,
            "num_atoms": 1451,
            "num_residues": 289,
            "example_id": "spec_ligand_328_ccd_a1b8i_ligand_328_ccd_a1b8i_2"
        },
        "select_fixed_atoms": {
            "A1B8I": "ALL"
        },
        "select_unfixed_sequence": false
    },
    "ckpt_path": "/home/iska/amelie-ai/ThermoGFN/weights/rfd3_latest.ckpt",
    "seed": null
}