{
    "diffused_index_map": {},
    "metrics": {
        "max_ca_deviation": 0.09926700592041016,
        "n_chainbreaks": 0,
        "n_clashing.interresidue_clashes_w_sidechain": 0,
        "n_clashing.interresidue_clashes_w_backbone": 0,
        "n_clashing.ligand_clashes": 0,
        "n_clashing.ligand_min_distance": 3.2609643936157227,
        "non_loop_fraction": 0.6571428571428571,
        "loop_fraction": 0.34285714285714286,
        "helix_fraction": 0.5688311688311688,
        "sheet_fraction": 0.08831168831168831,
        "num_ss_elements": 18,
        "radius_of_gyration": 19.129698163673,
        "alanine_content": 0.33246753246753247,
        "glycine_content": 0.05454545454545454,
        "num_residues": 385,
        "diffused_com": [
            -2.4343903064727783,
            -2.380699396133423,
            0.6759607791900635
        ],
        "fixed_com": [
            -0.0019066219683736563,
            0.00012788319145329297,
            2.325148852833081e-05
        ]
    },
    "specification": {
        "input": "/home/iska/amelie-ai/ThermoGFN/data/rfd3/ccd_ligands/structures/A1B8I.cif",
        "length": "20-400",
        "ligand": "A1B8I",
        "extra": {
            "example": "ligand_328_ccd_a1b8i",
            "task_name": "spec_ligand_328_ccd_a1b8i_ligand_328_ccd_a1b8i",
            "sampled_contig": "385",
            "num_tokens_in": 386,
            "num_residues_in": 386,
            "num_chains": 2,
            "num_atoms": 1946,
            "num_residues": 388,
            "example_id": "spec_ligand_328_ccd_a1b8i_ligand_328_ccd_a1b8i_0"
        },
        "select_fixed_atoms": {
            "A1B8I": "ALL"
        },
        "select_unfixed_sequence": false
    },
    "ckpt_path": "/home/iska/amelie-ai/ThermoGFN/weights/rfd3_latest.ckpt",
    "seed": null
}