{
    "diffused_index_map": {},
    "metrics": {
        "max_ca_deviation": 0.06968140602111816,
        "n_chainbreaks": 0,
        "n_clashing.interresidue_clashes_w_sidechain": 0,
        "n_clashing.interresidue_clashes_w_backbone": 0,
        "n_clashing.ligand_clashes": 0,
        "n_clashing.ligand_min_distance": 3.1641952991485596,
        "non_loop_fraction": 0.6811023622047244,
        "loop_fraction": 0.3188976377952756,
        "helix_fraction": 0.4881889763779528,
        "sheet_fraction": 0.19291338582677164,
        "num_ss_elements": 16,
        "radius_of_gyration": 16.650803002732243,
        "alanine_content": 0.3661417322834646,
        "glycine_content": 0.05905511811023622,
        "num_residues": 254,
        "diffused_com": [
            4.184375286102295,
            -2.315669059753418,
            -0.670815110206604
        ],
        "fixed_com": [
            0.0010793585097417235,
            -0.0006681743543595076,
            -0.00025699014076963067
        ]
    },
    "specification": {
        "input": "/home/iska/amelie-ai/ThermoGFN/data/rfd3/ccd_ligands/structures/8CB.cif",
        "length": "20-400",
        "ligand": "8CB",
        "extra": {
            "example": "ligand_227_ccd_8cb",
            "task_name": "spec_ligand_227_ccd_8cb_ligand_227_ccd_8cb",
            "sampled_contig": "254",
            "num_tokens_in": 255,
            "num_residues_in": 255,
            "num_chains": 2,
            "num_atoms": 1289,
            "num_residues": 257,
            "example_id": "spec_ligand_227_ccd_8cb_ligand_227_ccd_8cb_1"
        },
        "select_fixed_atoms": {
            "8CB": "ALL"
        },
        "select_unfixed_sequence": false
    },
    "ckpt_path": "/home/iska/amelie-ai/ThermoGFN/weights/rfd3_latest.ckpt",
    "seed": null
}