{
    "diffused_index_map": {},
    "metrics": {
        "max_ca_deviation": 0.10578012466430664,
        "n_chainbreaks": 0,
        "n_clashing.interresidue_clashes_w_sidechain": 1,
        "n_clashing.interresidue_clashes_w_backbone": 0,
        "n_clashing.ligand_clashes": 0,
        "n_clashing.ligand_min_distance": 3.3944640159606934,
        "non_loop_fraction": 0.6615776081424937,
        "loop_fraction": 0.3384223918575064,
        "helix_fraction": 0.4860050890585242,
        "sheet_fraction": 0.17557251908396945,
        "num_ss_elements": 27,
        "radius_of_gyration": 18.970341430915912,
        "alanine_content": 0.3969465648854962,
        "glycine_content": 0.06870229007633588,
        "num_residues": 393,
        "diffused_com": [
            1.196713924407959,
            1.132613182067871,
            -1.372915506362915
        ],
        "fixed_com": [
            0.0003872575471177697,
            -0.00013469827536027879,
            -0.0005724676884710789
        ]
    },
    "specification": {
        "input": "/home/iska/amelie-ai/ThermoGFN/data/rfd3/ccd_ligands/structures/AD5.cif",
        "length": "20-400",
        "ligand": "AD5",
        "extra": {
            "example": "ligand_576_ccd_ad5",
            "task_name": "spec_ligand_576_ccd_ad5_ligand_576_ccd_ad5",
            "sampled_contig": "393",
            "num_tokens_in": 394,
            "num_residues_in": 394,
            "num_chains": 2,
            "num_atoms": 1994,
            "num_residues": 396,
            "example_id": "spec_ligand_576_ccd_ad5_ligand_576_ccd_ad5_1"
        },
        "select_fixed_atoms": {
            "AD5": "ALL"
        },
        "select_unfixed_sequence": false
    },
    "ckpt_path": "/home/iska/amelie-ai/ThermoGFN/weights/rfd3_latest.ckpt",
    "seed": null
}