{
    "diffused_index_map": {},
    "metrics": {
        "max_ca_deviation": 0.7544550895690918,
        "n_chainbreaks": 1,
        "n_clashing.interresidue_clashes_w_sidechain": 0,
        "n_clashing.interresidue_clashes_w_backbone": 0,
        "n_clashing.ligand_clashes": 0,
        "n_clashing.ligand_min_distance": 3.2013590335845947,
        "non_loop_fraction": 0.6897590361445783,
        "loop_fraction": 0.3102409638554217,
        "helix_fraction": 0.5180722891566265,
        "sheet_fraction": 0.1716867469879518,
        "num_ss_elements": 23,
        "radius_of_gyration": 17.795964648696902,
        "alanine_content": 0.33433734939759036,
        "glycine_content": 0.08433734939759036,
        "num_residues": 332,
        "diffused_com": [
            2.5531251430511475,
            0.2604808509349823,
            1.803002953529358
        ],
        "fixed_com": [
            0.0003872575471177697,
            -0.00013469827536027879,
            -0.0005724676884710789
        ]
    },
    "specification": {
        "input": "/home/iska/amelie-ai/ThermoGFN/data/rfd3/ccd_ligands/structures/AD5.cif",
        "length": "20-400",
        "ligand": "AD5",
        "extra": {
            "example": "ligand_576_ccd_ad5",
            "task_name": "spec_ligand_576_ccd_ad5_ligand_576_ccd_ad5",
            "sampled_contig": "332",
            "num_tokens_in": 333,
            "num_residues_in": 333,
            "num_chains": 2,
            "num_atoms": 1689,
            "num_residues": 335,
            "example_id": "spec_ligand_576_ccd_ad5_ligand_576_ccd_ad5_0"
        },
        "select_fixed_atoms": {
            "AD5": "ALL"
        },
        "select_unfixed_sequence": false
    },
    "ckpt_path": "/home/iska/amelie-ai/ThermoGFN/weights/rfd3_latest.ckpt",
    "seed": null
}