{
    "diffused_index_map": {},
    "metrics": {
        "max_ca_deviation": 0.08381485939025879,
        "n_chainbreaks": 0,
        "n_clashing.interresidue_clashes_w_sidechain": 0,
        "n_clashing.interresidue_clashes_w_backbone": 0,
        "n_clashing.ligand_clashes": 0,
        "n_clashing.ligand_min_distance": 3.3066232204437256,
        "non_loop_fraction": 0.6746031746031746,
        "loop_fraction": 0.3253968253968254,
        "helix_fraction": 0.503968253968254,
        "sheet_fraction": 0.17063492063492064,
        "num_ss_elements": 17,
        "radius_of_gyration": 16.659822669495398,
        "alanine_content": 0.38492063492063494,
        "glycine_content": 0.09523809523809523,
        "num_residues": 252,
        "diffused_com": [
            2.2771379947662354,
            -3.581058979034424,
            -0.48704302310943604
        ],
        "fixed_com": [
            -0.0005326704704202712,
            -5.548650733544491e-05,
            0.00011374733730917796
        ]
    },
    "specification": {
        "input": "/home/iska/amelie-ai/ThermoGFN/data/rfd3/ccd_ligands/structures/V3X.cif",
        "length": "20-400",
        "ligand": "V3X",
        "extra": {
            "example": "ligand_397_ccd_v3x",
            "task_name": "spec_ligand_397_ccd_v3x_ligand_397_ccd_v3x",
            "sampled_contig": "252",
            "num_tokens_in": 253,
            "num_residues_in": 253,
            "num_chains": 2,
            "num_atoms": 1282,
            "num_residues": 255,
            "example_id": "spec_ligand_397_ccd_v3x_ligand_397_ccd_v3x_0"
        },
        "select_fixed_atoms": {
            "V3X": "ALL"
        },
        "select_unfixed_sequence": false
    },
    "ckpt_path": "/home/iska/amelie-ai/ThermoGFN/weights/rfd3_latest.ckpt",
    "seed": null
}