{
    "diffused_index_map": {},
    "metrics": {
        "max_ca_deviation": 0.11986994743347168,
        "n_chainbreaks": 0,
        "n_clashing.interresidue_clashes_w_sidechain": 0,
        "n_clashing.interresidue_clashes_w_backbone": 0,
        "n_clashing.ligand_clashes": 0,
        "n_clashing.ligand_min_distance": 3.2854955196380615,
        "non_loop_fraction": 0.6595744680851063,
        "loop_fraction": 0.3404255319148936,
        "helix_fraction": 0.550531914893617,
        "sheet_fraction": 0.10904255319148937,
        "num_ss_elements": 23,
        "radius_of_gyration": 18.921893473802218,
        "alanine_content": 0.30851063829787234,
        "glycine_content": 0.07446808510638298,
        "num_residues": 376,
        "diffused_com": [
            1.8588956594467163,
            -1.2120041847229004,
            -1.2669388055801392
        ],
        "fixed_com": [
            -0.0011393228778615594,
            0.00034586587571538985,
            2.5431314497836865e-05
        ]
    },
    "specification": {
        "input": "/home/iska/amelie-ai/ThermoGFN/data/rfd3/ccd_ligands/structures/8YW.cif",
        "length": "20-400",
        "ligand": "8YW",
        "extra": {
            "example": "ligand_406_ccd_8yw",
            "task_name": "spec_ligand_406_ccd_8yw_ligand_406_ccd_8yw",
            "sampled_contig": "376",
            "num_tokens_in": 377,
            "num_residues_in": 377,
            "num_chains": 2,
            "num_atoms": 1904,
            "num_residues": 379,
            "example_id": "spec_ligand_406_ccd_8yw_ligand_406_ccd_8yw_2"
        },
        "select_fixed_atoms": {
            "8YW": "ALL"
        },
        "select_unfixed_sequence": false
    },
    "ckpt_path": "/home/iska/amelie-ai/ThermoGFN/weights/rfd3_latest.ckpt",
    "seed": null
}