{
    "diffused_index_map": {},
    "metrics": {
        "max_ca_deviation": 0.061860084533691406,
        "n_chainbreaks": 0,
        "n_clashing.interresidue_clashes_w_sidechain": 0,
        "n_clashing.interresidue_clashes_w_backbone": 0,
        "n_clashing.ligand_clashes": 0,
        "n_clashing.ligand_min_distance": 3.449660539627075,
        "non_loop_fraction": 0.5963302752293578,
        "loop_fraction": 0.4036697247706422,
        "helix_fraction": 0.3761467889908257,
        "sheet_fraction": 0.22018348623853212,
        "num_ss_elements": 7,
        "radius_of_gyration": 13.419766362440111,
        "alanine_content": 0.1651376146788991,
        "glycine_content": 0.03669724770642202,
        "num_residues": 109,
        "diffused_com": [
            -0.9729086756706238,
            1.4075961112976074,
            1.4063494205474854
        ],
        "fixed_com": [
            -0.0011393228778615594,
            0.00034586587571538985,
            2.5431314497836865e-05
        ]
    },
    "specification": {
        "input": "/home/iska/amelie-ai/ThermoGFN/data/rfd3/ccd_ligands/structures/8YW.cif",
        "length": "20-400",
        "ligand": "8YW",
        "extra": {
            "example": "ligand_406_ccd_8yw",
            "task_name": "spec_ligand_406_ccd_8yw_ligand_406_ccd_8yw",
            "sampled_contig": "109",
            "num_tokens_in": 110,
            "num_residues_in": 110,
            "num_chains": 2,
            "num_atoms": 569,
            "num_residues": 112,
            "example_id": "spec_ligand_406_ccd_8yw_ligand_406_ccd_8yw_0"
        },
        "select_fixed_atoms": {
            "8YW": "ALL"
        },
        "select_unfixed_sequence": false
    },
    "ckpt_path": "/home/iska/amelie-ai/ThermoGFN/weights/rfd3_latest.ckpt",
    "seed": null
}