{
    "diffused_index_map": {},
    "metrics": {
        "max_ca_deviation": 0.08134222030639648,
        "n_chainbreaks": 0,
        "n_clashing.interresidue_clashes_w_sidechain": 0,
        "n_clashing.interresidue_clashes_w_backbone": 0,
        "n_clashing.ligand_clashes": 0,
        "n_clashing.ligand_min_distance": 3.297631025314331,
        "non_loop_fraction": 0.6535947712418301,
        "loop_fraction": 0.3464052287581699,
        "helix_fraction": 0.5294117647058824,
        "sheet_fraction": 0.12418300653594772,
        "num_ss_elements": 17,
        "radius_of_gyration": 18.585059168981182,
        "alanine_content": 0.27450980392156865,
        "glycine_content": 0.05555555555555555,
        "num_residues": 306,
        "diffused_com": [
            2.2803845405578613,
            -1.4690464735031128,
            0.11880291998386383
        ],
        "fixed_com": [
            0.0003978587919846177,
            0.00032552084303461015,
            9.268301801057532e-05
        ]
    },
    "specification": {
        "input": "/home/iska/amelie-ai/ThermoGFN/data/rfd3/ccd_ligands/structures/55F.cif",
        "length": "20-400",
        "ligand": "55F",
        "extra": {
            "example": "ligand_494_ccd_55f",
            "task_name": "spec_ligand_494_ccd_55f_ligand_494_ccd_55f",
            "sampled_contig": "306",
            "num_tokens_in": 307,
            "num_residues_in": 307,
            "num_chains": 2,
            "num_atoms": 1557,
            "num_residues": 309,
            "example_id": "spec_ligand_494_ccd_55f_ligand_494_ccd_55f_1"
        },
        "select_fixed_atoms": {
            "55F": "ALL"
        },
        "select_unfixed_sequence": false
    },
    "ckpt_path": "/home/iska/amelie-ai/ThermoGFN/weights/rfd3_latest.ckpt",
    "seed": null
}