{
    "diffused_index_map": {},
    "metrics": {
        "max_ca_deviation": 0.8746404647827148,
        "n_chainbreaks": 1,
        "n_clashing.interresidue_clashes_w_sidechain": 1,
        "n_clashing.interresidue_clashes_w_backbone": 0,
        "n_clashing.ligand_clashes": 0,
        "n_clashing.ligand_min_distance": 3.217315912246704,
        "non_loop_fraction": 0.6496815286624203,
        "loop_fraction": 0.3503184713375796,
        "helix_fraction": 0.47770700636942676,
        "sheet_fraction": 0.17197452229299362,
        "num_ss_elements": 19,
        "radius_of_gyration": 17.832159094638993,
        "alanine_content": 0.2611464968152866,
        "glycine_content": 0.050955414012738856,
        "num_residues": 314,
        "diffused_com": [
            1.154961109161377,
            0.557797372341156,
            -1.0944461822509766
        ],
        "fixed_com": [
            -0.0034877231810241938,
            0.00042779106297530234,
            0.00034877232974395156
        ]
    },
    "specification": {
        "input": "/home/iska/amelie-ai/ThermoGFN/data/rfd3/ccd_ligands/structures/ZH4.cif",
        "length": "20-400",
        "ligand": "ZH4",
        "extra": {
            "example": "ligand_536_ccd_zh4",
            "task_name": "spec_ligand_536_ccd_zh4_ligand_536_ccd_zh4",
            "sampled_contig": "314",
            "num_tokens_in": 315,
            "num_residues_in": 315,
            "num_chains": 2,
            "num_atoms": 1598,
            "num_residues": 317,
            "example_id": "spec_ligand_536_ccd_zh4_ligand_536_ccd_zh4_0"
        },
        "select_fixed_atoms": {
            "ZH4": "ALL"
        },
        "select_unfixed_sequence": false
    },
    "ckpt_path": "/home/iska/amelie-ai/ThermoGFN/weights/rfd3_latest.ckpt",
    "seed": null
}