{
    "diffused_index_map": {},
    "metrics": {
        "max_ca_deviation": 0.8441610336303711,
        "n_chainbreaks": 1,
        "n_clashing.interresidue_clashes_w_sidechain": 1,
        "n_clashing.interresidue_clashes_w_backbone": 0,
        "n_clashing.ligand_clashes": 0,
        "n_clashing.ligand_min_distance": 3.0755953788757324,
        "non_loop_fraction": 0.6555555555555556,
        "loop_fraction": 0.34444444444444444,
        "helix_fraction": 0.4888888888888889,
        "sheet_fraction": 0.16666666666666666,
        "num_ss_elements": 17,
        "radius_of_gyration": 17.23035428059209,
        "alanine_content": 0.23333333333333334,
        "glycine_content": 0.04814814814814815,
        "num_residues": 270,
        "diffused_com": [
            -1.7762188911437988,
            -0.4422932267189026,
            1.1791044473648071
        ],
        "fixed_com": [
            -0.0034877231810241938,
            0.00042779106297530234,
            0.00034877232974395156
        ]
    },
    "specification": {
        "input": "/home/iska/amelie-ai/ThermoGFN/data/rfd3/ccd_ligands/structures/ZH4.cif",
        "length": "20-400",
        "ligand": "ZH4",
        "extra": {
            "example": "ligand_536_ccd_zh4",
            "task_name": "spec_ligand_536_ccd_zh4_ligand_536_ccd_zh4",
            "sampled_contig": "270",
            "num_tokens_in": 271,
            "num_residues_in": 271,
            "num_chains": 2,
            "num_atoms": 1378,
            "num_residues": 273,
            "example_id": "spec_ligand_536_ccd_zh4_ligand_536_ccd_zh4_2"
        },
        "select_fixed_atoms": {
            "ZH4": "ALL"
        },
        "select_unfixed_sequence": false
    },
    "ckpt_path": "/home/iska/amelie-ai/ThermoGFN/weights/rfd3_latest.ckpt",
    "seed": null
}