{
    "diffused_index_map": {},
    "metrics": {
        "max_ca_deviation": 0.08877325057983398,
        "n_chainbreaks": 0,
        "n_clashing.interresidue_clashes_w_sidechain": 1,
        "n_clashing.interresidue_clashes_w_backbone": 0,
        "n_clashing.ligand_clashes": 0,
        "n_clashing.ligand_min_distance": 3.467985153198242,
        "non_loop_fraction": 0.6207951070336392,
        "loop_fraction": 0.37920489296636084,
        "helix_fraction": 0.4740061162079511,
        "sheet_fraction": 0.14678899082568808,
        "num_ss_elements": 22,
        "radius_of_gyration": 17.984644946094786,
        "alanine_content": 0.2874617737003058,
        "glycine_content": 0.07339449541284404,
        "num_residues": 327,
        "diffused_com": [
            0.35929885506629944,
            -0.8965746760368347,
            -1.9473357200622559
        ],
        "fixed_com": [
            -0.0034877231810241938,
            0.00042779106297530234,
            0.00034877232974395156
        ]
    },
    "specification": {
        "input": "/home/iska/amelie-ai/ThermoGFN/data/rfd3/ccd_ligands/structures/ZH4.cif",
        "length": "20-400",
        "ligand": "ZH4",
        "extra": {
            "example": "ligand_536_ccd_zh4",
            "task_name": "spec_ligand_536_ccd_zh4_ligand_536_ccd_zh4",
            "sampled_contig": "327",
            "num_tokens_in": 328,
            "num_residues_in": 328,
            "num_chains": 2,
            "num_atoms": 1663,
            "num_residues": 330,
            "example_id": "spec_ligand_536_ccd_zh4_ligand_536_ccd_zh4_1"
        },
        "select_fixed_atoms": {
            "ZH4": "ALL"
        },
        "select_unfixed_sequence": false
    },
    "ckpt_path": "/home/iska/amelie-ai/ThermoGFN/weights/rfd3_latest.ckpt",
    "seed": null
}