{
    "diffused_index_map": {},
    "metrics": {
        "max_ca_deviation": 0.054964303970336914,
        "n_chainbreaks": 0,
        "n_clashing.interresidue_clashes_w_sidechain": 0,
        "n_clashing.interresidue_clashes_w_backbone": 0,
        "n_clashing.ligand_clashes": 0,
        "n_clashing.ligand_min_distance": 3.1661038398742676,
        "non_loop_fraction": 0.42342342342342343,
        "loop_fraction": 0.5765765765765766,
        "helix_fraction": 0.21621621621621623,
        "sheet_fraction": 0.2072072072072072,
        "num_ss_elements": 7,
        "radius_of_gyration": 13.072138550378043,
        "alanine_content": 0.09009009009009009,
        "glycine_content": 0.05405405405405406,
        "num_residues": 111,
        "diffused_com": [
            2.226057291030884,
            -0.17024488747119904,
            -0.947742223739624
        ],
        "fixed_com": [
            -0.0011160714784637094,
            -1.743861685099546e-05,
            -0.00013514926831703633
        ]
    },
    "specification": {
        "input": "/home/iska/amelie-ai/ThermoGFN/data/rfd3/ccd_ligands/structures/0WE.cif",
        "length": "20-400",
        "ligand": "0WE",
        "extra": {
            "example": "ligand_542_ccd_0we",
            "task_name": "spec_ligand_542_ccd_0we_ligand_542_ccd_0we",
            "sampled_contig": "111",
            "num_tokens_in": 112,
            "num_residues_in": 112,
            "num_chains": 2,
            "num_atoms": 583,
            "num_residues": 114,
            "example_id": "spec_ligand_542_ccd_0we_ligand_542_ccd_0we_0"
        },
        "select_fixed_atoms": {
            "0WE": "ALL"
        },
        "select_unfixed_sequence": false
    },
    "ckpt_path": "/home/iska/amelie-ai/ThermoGFN/weights/rfd3_latest.ckpt",
    "seed": null
}