{
    "diffused_index_map": {},
    "metrics": {
        "max_ca_deviation": 0.051636457443237305,
        "n_chainbreaks": 0,
        "n_clashing.interresidue_clashes_w_sidechain": 0,
        "n_clashing.interresidue_clashes_w_backbone": 0,
        "n_clashing.ligand_clashes": 0,
        "n_clashing.ligand_min_distance": 3.122558355331421,
        "non_loop_fraction": 0.6041666666666667,
        "loop_fraction": 0.3958333333333333,
        "helix_fraction": 0.38333333333333336,
        "sheet_fraction": 0.22083333333333333,
        "num_ss_elements": 17,
        "radius_of_gyration": 15.847374957455866,
        "alanine_content": 0.32916666666666666,
        "glycine_content": 0.09583333333333334,
        "num_residues": 240,
        "diffused_com": [
            -1.5206245183944702,
            -3.1198956966400146,
            -2.2746622562408447
        ],
        "fixed_com": [
            -0.0009068080107681453,
            -0.0003138950851280242,
            5.8855330280493945e-05
        ]
    },
    "specification": {
        "input": "/home/iska/amelie-ai/ThermoGFN/data/rfd3/ccd_ligands/structures/9CG.cif",
        "length": "20-400",
        "ligand": "9CG",
        "extra": {
            "example": "ligand_042_ccd_9cg",
            "task_name": "spec_ligand_042_ccd_9cg_ligand_042_ccd_9cg",
            "sampled_contig": "240",
            "num_tokens_in": 241,
            "num_residues_in": 241,
            "num_chains": 2,
            "num_atoms": 1214,
            "num_residues": 243,
            "example_id": "spec_ligand_042_ccd_9cg_ligand_042_ccd_9cg_1"
        },
        "select_fixed_atoms": {
            "9CG": "ALL"
        },
        "select_unfixed_sequence": false
    },
    "ckpt_path": "/home/iska/amelie-ai/ThermoGFN/weights/rfd3_latest.ckpt",
    "seed": null
}