{
    "diffused_index_map": {},
    "metrics": {
        "max_ca_deviation": 0.08324503898620605,
        "n_chainbreaks": 0,
        "n_clashing.interresidue_clashes_w_sidechain": 0,
        "n_clashing.interresidue_clashes_w_backbone": 0,
        "n_clashing.ligand_clashes": 0,
        "n_clashing.ligand_min_distance": 3.667414903640747,
        "non_loop_fraction": 0.6654135338345865,
        "loop_fraction": 0.33458646616541354,
        "helix_fraction": 0.4774436090225564,
        "sheet_fraction": 0.18796992481203006,
        "num_ss_elements": 20,
        "radius_of_gyration": 16.586441559351574,
        "alanine_content": 0.33458646616541354,
        "glycine_content": 0.05639097744360902,
        "num_residues": 266,
        "diffused_com": [
            0.5926772952079773,
            -1.9434702396392822,
            -3.3523569107055664
        ],
        "fixed_com": [
            0.0013671874767169356,
            -0.00031795501126907766,
            -0.0001388549862895161
        ]
    },
    "specification": {
        "input": "/home/iska/amelie-ai/ThermoGFN/data/rfd3/ccd_ligands/structures/8HG.cif",
        "length": "20-400",
        "ligand": "8HG",
        "extra": {
            "example": "ligand_290_ccd_8hg",
            "task_name": "spec_ligand_290_ccd_8hg_ligand_290_ccd_8hg",
            "sampled_contig": "266",
            "num_tokens_in": 267,
            "num_residues_in": 267,
            "num_chains": 2,
            "num_atoms": 1350,
            "num_residues": 269,
            "example_id": "spec_ligand_290_ccd_8hg_ligand_290_ccd_8hg_0"
        },
        "select_fixed_atoms": {
            "8HG": "ALL"
        },
        "select_unfixed_sequence": false
    },
    "ckpt_path": "/home/iska/amelie-ai/ThermoGFN/weights/rfd3_latest.ckpt",
    "seed": null
}