{
    "diffused_index_map": {},
    "metrics": {
        "max_ca_deviation": 0.07490015029907227,
        "n_chainbreaks": 0,
        "n_clashing.interresidue_clashes_w_sidechain": 0,
        "n_clashing.interresidue_clashes_w_backbone": 0,
        "n_clashing.ligand_clashes": 0,
        "n_clashing.ligand_min_distance": 3.3395495414733887,
        "non_loop_fraction": 0.6888888888888889,
        "loop_fraction": 0.3111111111111111,
        "helix_fraction": 0.5444444444444444,
        "sheet_fraction": 0.14444444444444443,
        "num_ss_elements": 24,
        "radius_of_gyration": 18.96651211802084,
        "alanine_content": 0.43333333333333335,
        "glycine_content": 0.08333333333333333,
        "num_residues": 360,
        "diffused_com": [
            -0.5764450430870056,
            -0.5141838788986206,
            -1.3789199590682983
        ],
        "fixed_com": [
            0.0013671874767169356,
            -0.00031795501126907766,
            -0.0001388549862895161
        ]
    },
    "specification": {
        "input": "/home/iska/amelie-ai/ThermoGFN/data/rfd3/ccd_ligands/structures/8HG.cif",
        "length": "20-400",
        "ligand": "8HG",
        "extra": {
            "example": "ligand_290_ccd_8hg",
            "task_name": "spec_ligand_290_ccd_8hg_ligand_290_ccd_8hg",
            "sampled_contig": "360",
            "num_tokens_in": 361,
            "num_residues_in": 361,
            "num_chains": 2,
            "num_atoms": 1820,
            "num_residues": 363,
            "example_id": "spec_ligand_290_ccd_8hg_ligand_290_ccd_8hg_1"
        },
        "select_fixed_atoms": {
            "8HG": "ALL"
        },
        "select_unfixed_sequence": false
    },
    "ckpt_path": "/home/iska/amelie-ai/ThermoGFN/weights/rfd3_latest.ckpt",
    "seed": null
}