{
    "diffused_index_map": {},
    "metrics": {
        "max_ca_deviation": 0.10490036010742188,
        "n_chainbreaks": 0,
        "n_clashing.interresidue_clashes_w_sidechain": 1,
        "n_clashing.interresidue_clashes_w_backbone": 0,
        "n_clashing.ligand_clashes": 0,
        "n_clashing.ligand_min_distance": 2.5960822105407715,
        "non_loop_fraction": 0.6904761904761905,
        "loop_fraction": 0.30952380952380953,
        "helix_fraction": 0.6031746031746031,
        "sheet_fraction": 0.0873015873015873,
        "num_ss_elements": 20,
        "radius_of_gyration": 18.780352436379278,
        "alanine_content": 0.34656084656084657,
        "glycine_content": 0.0582010582010582,
        "num_residues": 378,
        "diffused_com": [
            0.1140039786696434,
            0.5396896004676819,
            -0.9249322414398193
        ],
        "fixed_com": [
            -0.002031249925494194,
            0.0006787109305150807,
            0.00011718749738065526
        ]
    },
    "specification": {
        "input": "/home/iska/amelie-ai/ThermoGFN/data/rfd3/ccd_ligands/structures/N45.cif",
        "length": "20-400",
        "ligand": "N45",
        "extra": {
            "example": "ligand_439_ccd_n45",
            "task_name": "spec_ligand_439_ccd_n45_ligand_439_ccd_n45",
            "sampled_contig": "378",
            "num_tokens_in": 379,
            "num_residues_in": 379,
            "num_chains": 2,
            "num_atoms": 1915,
            "num_residues": 381,
            "example_id": "spec_ligand_439_ccd_n45_ligand_439_ccd_n45_2"
        },
        "select_fixed_atoms": {
            "N45": "ALL"
        },
        "select_unfixed_sequence": false
    },
    "ckpt_path": "/home/iska/amelie-ai/ThermoGFN/weights/rfd3_latest.ckpt",
    "seed": null
}