{
    "diffused_index_map": {},
    "metrics": {
        "max_ca_deviation": 0.8757798671722412,
        "n_chainbreaks": 1,
        "n_clashing.interresidue_clashes_w_sidechain": 0,
        "n_clashing.interresidue_clashes_w_backbone": 0,
        "n_clashing.ligand_clashes": 0,
        "n_clashing.ligand_min_distance": 2.824760675430298,
        "non_loop_fraction": 0.48648648648648646,
        "loop_fraction": 0.5135135135135135,
        "helix_fraction": 0.2857142857142857,
        "sheet_fraction": 0.20077220077220076,
        "num_ss_elements": 14,
        "radius_of_gyration": 17.74212000808837,
        "alanine_content": 0.14285714285714285,
        "glycine_content": 0.08108108108108109,
        "num_residues": 259,
        "diffused_com": [
            3.2540645599365234,
            1.5214357376098633,
            3.0923492908477783
        ],
        "fixed_com": [
            -0.0017961774719879031,
            0.00023187909391708672,
            0.00027901786961592734
        ]
    },
    "specification": {
        "input": "/home/iska/amelie-ai/ThermoGFN/data/rfd3/ccd_ligands/structures/2T1.cif",
        "length": "20-400",
        "ligand": "2T1",
        "extra": {
            "example": "ligand_572_ccd_2t1",
            "task_name": "spec_ligand_572_ccd_2t1_ligand_572_ccd_2t1",
            "sampled_contig": "259",
            "num_tokens_in": 260,
            "num_residues_in": 260,
            "num_chains": 2,
            "num_atoms": 1323,
            "num_residues": 262,
            "example_id": "spec_ligand_572_ccd_2t1_ligand_572_ccd_2t1_2"
        },
        "select_fixed_atoms": {
            "2T1": "ALL"
        },
        "select_unfixed_sequence": false
    },
    "ckpt_path": "/home/iska/amelie-ai/ThermoGFN/weights/rfd3_latest.ckpt",
    "seed": null
}