{
    "diffused_index_map": {},
    "metrics": {
        "max_ca_deviation": 0.09057474136352539,
        "n_chainbreaks": 0,
        "n_clashing.interresidue_clashes_w_sidechain": 0,
        "n_clashing.interresidue_clashes_w_backbone": 0,
        "n_clashing.ligand_clashes": 0,
        "n_clashing.ligand_min_distance": 2.843503952026367,
        "non_loop_fraction": 0.6956521739130435,
        "loop_fraction": 0.30434782608695654,
        "helix_fraction": 0.4701086956521739,
        "sheet_fraction": 0.22554347826086957,
        "num_ss_elements": 22,
        "radius_of_gyration": 18.5000280515542,
        "alanine_content": 0.27717391304347827,
        "glycine_content": 0.06521739130434782,
        "num_residues": 368,
        "diffused_com": [
            1.3049513101577759,
            1.5094598531723022,
            -0.1691373586654663
        ],
        "fixed_com": [
            -0.0017961774719879031,
            0.00023187909391708672,
            0.00027901786961592734
        ]
    },
    "specification": {
        "input": "/home/iska/amelie-ai/ThermoGFN/data/rfd3/ccd_ligands/structures/2T1.cif",
        "length": "20-400",
        "ligand": "2T1",
        "extra": {
            "example": "ligand_572_ccd_2t1",
            "task_name": "spec_ligand_572_ccd_2t1_ligand_572_ccd_2t1",
            "sampled_contig": "368",
            "num_tokens_in": 369,
            "num_residues_in": 369,
            "num_chains": 2,
            "num_atoms": 1868,
            "num_residues": 371,
            "example_id": "spec_ligand_572_ccd_2t1_ligand_572_ccd_2t1_0"
        },
        "select_fixed_atoms": {
            "2T1": "ALL"
        },
        "select_unfixed_sequence": false
    },
    "ckpt_path": "/home/iska/amelie-ai/ThermoGFN/weights/rfd3_latest.ckpt",
    "seed": null
}