{
    "diffused_index_map": {},
    "metrics": {
        "max_ca_deviation": 0.11815261840820312,
        "n_chainbreaks": 0,
        "n_clashing.interresidue_clashes_w_sidechain": 0,
        "n_clashing.interresidue_clashes_w_backbone": 0,
        "n_clashing.ligand_clashes": 0,
        "n_clashing.ligand_min_distance": 2.8812694549560547,
        "non_loop_fraction": 0.7356020942408377,
        "loop_fraction": 0.2643979057591623,
        "helix_fraction": 0.6727748691099477,
        "sheet_fraction": 0.06282722513089005,
        "num_ss_elements": 20,
        "radius_of_gyration": 18.77151278972287,
        "alanine_content": 0.3769633507853403,
        "glycine_content": 0.06282722513089005,
        "num_residues": 382,
        "diffused_com": [
            0.06060156971216202,
            1.188033938407898,
            0.1763322353363037
        ],
        "fixed_com": [
            -0.0017961774719879031,
            0.00023187909391708672,
            0.00027901786961592734
        ]
    },
    "specification": {
        "input": "/home/iska/amelie-ai/ThermoGFN/data/rfd3/ccd_ligands/structures/2T1.cif",
        "length": "20-400",
        "ligand": "2T1",
        "extra": {
            "example": "ligand_572_ccd_2t1",
            "task_name": "spec_ligand_572_ccd_2t1_ligand_572_ccd_2t1",
            "sampled_contig": "382",
            "num_tokens_in": 383,
            "num_residues_in": 383,
            "num_chains": 2,
            "num_atoms": 1938,
            "num_residues": 385,
            "example_id": "spec_ligand_572_ccd_2t1_ligand_572_ccd_2t1_1"
        },
        "select_fixed_atoms": {
            "2T1": "ALL"
        },
        "select_unfixed_sequence": false
    },
    "ckpt_path": "/home/iska/amelie-ai/ThermoGFN/weights/rfd3_latest.ckpt",
    "seed": null
}