{
    "diffused_index_map": {},
    "metrics": {
        "max_ca_deviation": 0.9119913578033447,
        "n_chainbreaks": 1,
        "n_clashing.interresidue_clashes_w_sidechain": 0,
        "n_clashing.interresidue_clashes_w_backbone": 0,
        "n_clashing.ligand_clashes": 0,
        "n_clashing.ligand_min_distance": 2.7906107902526855,
        "non_loop_fraction": 0.6675191815856778,
        "loop_fraction": 0.33248081841432225,
        "helix_fraction": 0.5038363171355499,
        "sheet_fraction": 0.1636828644501279,
        "num_ss_elements": 27,
        "radius_of_gyration": 18.922611808647424,
        "alanine_content": 0.36061381074168797,
        "glycine_content": 0.07161125319693094,
        "num_residues": 391,
        "diffused_com": [
            -0.4310827851295471,
            -0.7131932973861694,
            -1.1433813571929932
        ],
        "fixed_com": [
            -6.975446740398183e-05,
            0.0014931814512237906,
            0.0002245221839984879
        ]
    },
    "specification": {
        "input": "/home/iska/amelie-ai/ThermoGFN/data/rfd3/ccd_ligands/structures/7WT.cif",
        "length": "20-400",
        "ligand": "7WT",
        "extra": {
            "example": "ligand_568_ccd_7wt",
            "task_name": "spec_ligand_568_ccd_7wt_ligand_568_ccd_7wt",
            "sampled_contig": "391",
            "num_tokens_in": 392,
            "num_residues_in": 392,
            "num_chains": 2,
            "num_atoms": 1983,
            "num_residues": 394,
            "example_id": "spec_ligand_568_ccd_7wt_ligand_568_ccd_7wt_1"
        },
        "select_fixed_atoms": {
            "7WT": "ALL"
        },
        "select_unfixed_sequence": false
    },
    "ckpt_path": "/home/iska/amelie-ai/ThermoGFN/weights/rfd3_latest.ckpt",
    "seed": null
}