{
    "diffused_index_map": {},
    "metrics": {
        "max_ca_deviation": 0.04087972640991211,
        "n_chainbreaks": 0,
        "n_clashing.interresidue_clashes_w_sidechain": 0,
        "n_clashing.interresidue_clashes_w_backbone": 0,
        "n_clashing.ligand_clashes": 0,
        "n_clashing.ligand_min_distance": 3.339627265930176,
        "non_loop_fraction": 0.5428571428571428,
        "loop_fraction": 0.45714285714285713,
        "helix_fraction": 0.2571428571428571,
        "sheet_fraction": 0.2857142857142857,
        "num_ss_elements": 3,
        "radius_of_gyration": 8.983757555473744,
        "alanine_content": 0.08571428571428572,
        "glycine_content": 0.05714285714285714,
        "num_residues": 35,
        "diffused_com": [
            -0.3982168734073639,
            -4.856405735015869,
            -5.535801410675049
        ],
        "fixed_com": [
            0.0008680555620230734,
            -0.0006058304570615292,
            -1.3563368156610522e-05
        ]
    },
    "specification": {
        "input": "/home/iska/amelie-ai/ThermoGFN/data/rfd3/ccd_ligands/structures/934.cif",
        "length": "20-400",
        "ligand": "934",
        "extra": {
            "example": "ligand_506_ccd_934",
            "task_name": "spec_ligand_506_ccd_934_ligand_506_ccd_934",
            "sampled_contig": "35",
            "num_tokens_in": 36,
            "num_residues_in": 36,
            "num_chains": 2,
            "num_atoms": 202,
            "num_residues": 38,
            "example_id": "spec_ligand_506_ccd_934_ligand_506_ccd_934_0"
        },
        "select_fixed_atoms": {
            "934": "ALL"
        },
        "select_unfixed_sequence": false
    },
    "ckpt_path": "/home/iska/amelie-ai/ThermoGFN/weights/rfd3_latest.ckpt",
    "seed": null
}