{
    "diffused_index_map": {},
    "metrics": {
        "max_ca_deviation": 0.0722050666809082,
        "n_chainbreaks": 0,
        "n_clashing.interresidue_clashes_w_sidechain": 1,
        "n_clashing.interresidue_clashes_w_backbone": 0,
        "n_clashing.ligand_clashes": 0,
        "n_clashing.ligand_min_distance": 2.4745523929595947,
        "non_loop_fraction": 0.5915492957746479,
        "loop_fraction": 0.4084507042253521,
        "helix_fraction": 0.4612676056338028,
        "sheet_fraction": 0.13028169014084506,
        "num_ss_elements": 17,
        "radius_of_gyration": 17.678690893423905,
        "alanine_content": 0.2992957746478873,
        "glycine_content": 0.08098591549295775,
        "num_residues": 284,
        "diffused_com": [
            3.3074562549591064,
            -3.764509677886963,
            1.1594624519348145
        ],
        "fixed_com": [
            0.0008680555620230734,
            -0.0006058304570615292,
            -1.3563368156610522e-05
        ]
    },
    "specification": {
        "input": "/home/iska/amelie-ai/ThermoGFN/data/rfd3/ccd_ligands/structures/934.cif",
        "length": "20-400",
        "ligand": "934",
        "extra": {
            "example": "ligand_506_ccd_934",
            "task_name": "spec_ligand_506_ccd_934_ligand_506_ccd_934",
            "sampled_contig": "284",
            "num_tokens_in": 285,
            "num_residues_in": 285,
            "num_chains": 2,
            "num_atoms": 1447,
            "num_residues": 287,
            "example_id": "spec_ligand_506_ccd_934_ligand_506_ccd_934_1"
        },
        "select_fixed_atoms": {
            "934": "ALL"
        },
        "select_unfixed_sequence": false
    },
    "ckpt_path": "/home/iska/amelie-ai/ThermoGFN/weights/rfd3_latest.ckpt",
    "seed": null
}