{
    "diffused_index_map": {},
    "metrics": {
        "max_ca_deviation": 0.05381369590759277,
        "n_chainbreaks": 0,
        "n_clashing.interresidue_clashes_w_sidechain": 1,
        "n_clashing.interresidue_clashes_w_backbone": 0,
        "n_clashing.ligand_clashes": 0,
        "n_clashing.ligand_min_distance": 3.48995304107666,
        "non_loop_fraction": 0.8083333333333333,
        "loop_fraction": 0.19166666666666668,
        "helix_fraction": 0.8083333333333333,
        "sheet_fraction": 0.0,
        "num_ss_elements": 6,
        "radius_of_gyration": 13.860392342154922,
        "alanine_content": 0.30833333333333335,
        "glycine_content": 0.03333333333333333,
        "num_residues": 120,
        "diffused_com": [
            3.3144590854644775,
            2.0790233612060547,
            0.8831827640533447
        ],
        "fixed_com": [
            0.0008680555620230734,
            -0.0006058304570615292,
            -1.3563368156610522e-05
        ]
    },
    "specification": {
        "input": "/home/iska/amelie-ai/ThermoGFN/data/rfd3/ccd_ligands/structures/934.cif",
        "length": "20-400",
        "ligand": "934",
        "extra": {
            "example": "ligand_506_ccd_934",
            "task_name": "spec_ligand_506_ccd_934_ligand_506_ccd_934",
            "sampled_contig": "120",
            "num_tokens_in": 121,
            "num_residues_in": 121,
            "num_chains": 2,
            "num_atoms": 627,
            "num_residues": 123,
            "example_id": "spec_ligand_506_ccd_934_ligand_506_ccd_934_2"
        },
        "select_fixed_atoms": {
            "934": "ALL"
        },
        "select_unfixed_sequence": false
    },
    "ckpt_path": "/home/iska/amelie-ai/ThermoGFN/weights/rfd3_latest.ckpt",
    "seed": null
}