{
    "diffused_index_map": {},
    "metrics": {
        "max_ca_deviation": 0.9209372997283936,
        "n_chainbreaks": 2,
        "n_clashing.interresidue_clashes_w_sidechain": 0,
        "n_clashing.interresidue_clashes_w_backbone": 0,
        "n_clashing.ligand_clashes": 0,
        "n_clashing.ligand_min_distance": 2.965259313583374,
        "non_loop_fraction": 0.7124352331606217,
        "loop_fraction": 0.28756476683937826,
        "helix_fraction": 0.5492227979274611,
        "sheet_fraction": 0.16321243523316062,
        "num_ss_elements": 26,
        "radius_of_gyration": 18.914614931798344,
        "alanine_content": 0.34196891191709844,
        "glycine_content": 0.054404145077720206,
        "num_residues": 386,
        "diffused_com": [
            4.559557914733887,
            -0.30196210741996765,
            -0.7567404508590698
        ],
        "fixed_com": [
            0.00045498934923671186,
            0.0002996271359734237,
            -0.0003107244265265763
        ]
    },
    "specification": {
        "input": "/home/iska/amelie-ai/ThermoGFN/data/rfd3/ccd_ligands/structures/A1B6D.cif",
        "length": "20-400",
        "ligand": "A1B6D",
        "extra": {
            "example": "ligand_555_ccd_a1b6d",
            "task_name": "spec_ligand_555_ccd_a1b6d_ligand_555_ccd_a1b6d",
            "sampled_contig": "386",
            "num_tokens_in": 387,
            "num_residues_in": 387,
            "num_chains": 2,
            "num_atoms": 1952,
            "num_residues": 389,
            "example_id": "spec_ligand_555_ccd_a1b6d_ligand_555_ccd_a1b6d_2"
        },
        "select_fixed_atoms": {
            "A1B6D": "ALL"
        },
        "select_unfixed_sequence": false
    },
    "ckpt_path": "/home/iska/amelie-ai/ThermoGFN/weights/rfd3_latest.ckpt",
    "seed": null
}