{
    "diffused_index_map": {},
    "metrics": {
        "max_ca_deviation": 0.7806084156036377,
        "n_chainbreaks": 1,
        "n_clashing.interresidue_clashes_w_sidechain": 0,
        "n_clashing.interresidue_clashes_w_backbone": 0,
        "n_clashing.ligand_clashes": 0,
        "n_clashing.ligand_min_distance": 2.8014299869537354,
        "non_loop_fraction": 0.6644951140065146,
        "loop_fraction": 0.3355048859934853,
        "helix_fraction": 0.4755700325732899,
        "sheet_fraction": 0.18892508143322476,
        "num_ss_elements": 17,
        "radius_of_gyration": 17.962399732715557,
        "alanine_content": 0.25732899022801303,
        "glycine_content": 0.05211726384364821,
        "num_residues": 307,
        "diffused_com": [
            -0.038079649209976196,
            -0.43550217151641846,
            -1.7934750318527222
        ],
        "fixed_com": [
            0.0008263221243396401,
            0.0003568209067452699,
            0.0008779672207310796
        ]
    },
    "specification": {
        "input": "/home/iska/amelie-ai/ThermoGFN/data/rfd3/ccd_ligands/structures/8R7.cif",
        "length": "20-400",
        "ligand": "8R7",
        "extra": {
            "example": "ligand_460_ccd_8r7",
            "task_name": "spec_ligand_460_ccd_8r7_ligand_460_ccd_8r7",
            "sampled_contig": "307",
            "num_tokens_in": 308,
            "num_residues_in": 308,
            "num_chains": 2,
            "num_atoms": 1561,
            "num_residues": 310,
            "example_id": "spec_ligand_460_ccd_8r7_ligand_460_ccd_8r7_2"
        },
        "select_fixed_atoms": {
            "8R7": "ALL"
        },
        "select_unfixed_sequence": false
    },
    "ckpt_path": "/home/iska/amelie-ai/ThermoGFN/weights/rfd3_latest.ckpt",
    "seed": null
}