{
    "diffused_index_map": {},
    "metrics": {
        "max_ca_deviation": 0.10177397727966309,
        "n_chainbreaks": 0,
        "n_clashing.interresidue_clashes_w_sidechain": 0,
        "n_clashing.interresidue_clashes_w_backbone": 0,
        "n_clashing.ligand_clashes": 0,
        "n_clashing.ligand_min_distance": 3.252776861190796,
        "non_loop_fraction": 0.6974789915966387,
        "loop_fraction": 0.3025210084033613,
        "helix_fraction": 0.5798319327731093,
        "sheet_fraction": 0.11764705882352941,
        "num_ss_elements": 22,
        "radius_of_gyration": 18.580824241232587,
        "alanine_content": 0.38375350140056025,
        "glycine_content": 0.06162464985994398,
        "num_residues": 357,
        "diffused_com": [
            -0.2967464029788971,
            4.15861177444458,
            4.391894340515137
        ],
        "fixed_com": [
            0.0008263221243396401,
            0.0003568209067452699,
            0.0008779672207310796
        ]
    },
    "specification": {
        "input": "/home/iska/amelie-ai/ThermoGFN/data/rfd3/ccd_ligands/structures/8R7.cif",
        "length": "20-400",
        "ligand": "8R7",
        "extra": {
            "example": "ligand_460_ccd_8r7",
            "task_name": "spec_ligand_460_ccd_8r7_ligand_460_ccd_8r7",
            "sampled_contig": "357",
            "num_tokens_in": 358,
            "num_residues_in": 358,
            "num_chains": 2,
            "num_atoms": 1811,
            "num_residues": 360,
            "example_id": "spec_ligand_460_ccd_8r7_ligand_460_ccd_8r7_0"
        },
        "select_fixed_atoms": {
            "8R7": "ALL"
        },
        "select_unfixed_sequence": false
    },
    "ckpt_path": "/home/iska/amelie-ai/ThermoGFN/weights/rfd3_latest.ckpt",
    "seed": null
}