{
    "diffused_index_map": {},
    "metrics": {
        "max_ca_deviation": 0.09153962135314941,
        "n_chainbreaks": 0,
        "n_clashing.interresidue_clashes_w_sidechain": 0,
        "n_clashing.interresidue_clashes_w_backbone": 0,
        "n_clashing.ligand_clashes": 0,
        "n_clashing.ligand_min_distance": 3.075547933578491,
        "non_loop_fraction": 0.8207070707070707,
        "loop_fraction": 0.17929292929292928,
        "helix_fraction": 0.8080808080808081,
        "sheet_fraction": 0.012626262626262626,
        "num_ss_elements": 19,
        "radius_of_gyration": 18.517981938549212,
        "alanine_content": 0.45454545454545453,
        "glycine_content": 0.05303030303030303,
        "num_residues": 396,
        "diffused_com": [
            1.5548440217971802,
            1.3931995630264282,
            0.6097183227539062
        ],
        "fixed_com": [
            -0.0004595588252414018,
            0.00037339155096560717,
            7.180606644396903e-06
        ]
    },
    "specification": {
        "input": "/home/iska/amelie-ai/ThermoGFN/data/rfd3/ccd_ligands/structures/K7U.cif",
        "length": "20-400",
        "ligand": "K7U",
        "extra": {
            "example": "ligand_163_ccd_k7u",
            "task_name": "spec_ligand_163_ccd_k7u_ligand_163_ccd_k7u",
            "sampled_contig": "396",
            "num_tokens_in": 397,
            "num_residues_in": 397,
            "num_chains": 2,
            "num_atoms": 1997,
            "num_residues": 399,
            "example_id": "spec_ligand_163_ccd_k7u_ligand_163_ccd_k7u_0"
        },
        "select_fixed_atoms": {
            "K7U": "ALL"
        },
        "select_unfixed_sequence": false
    },
    "ckpt_path": "/home/iska/amelie-ai/ThermoGFN/weights/rfd3_latest.ckpt",
    "seed": null
}