{
    "diffused_index_map": {},
    "metrics": {
        "max_ca_deviation": 0.08708429336547852,
        "n_chainbreaks": 0,
        "n_clashing.interresidue_clashes_w_sidechain": 0,
        "n_clashing.interresidue_clashes_w_backbone": 0,
        "n_clashing.ligand_clashes": 0,
        "n_clashing.ligand_min_distance": 3.5018327236175537,
        "non_loop_fraction": 0.7520215633423181,
        "loop_fraction": 0.24797843665768193,
        "helix_fraction": 0.660377358490566,
        "sheet_fraction": 0.09164420485175202,
        "num_ss_elements": 23,
        "radius_of_gyration": 18.15924625965857,
        "alanine_content": 0.431266846361186,
        "glycine_content": 0.05660377358490566,
        "num_residues": 371,
        "diffused_com": [
            -4.1256866455078125,
            4.58788537979126,
            0.6446762084960938
        ],
        "fixed_com": [
            -0.0014822824159637094,
            -6.975446740398183e-05,
            0.0002092633949359879
        ]
    },
    "specification": {
        "input": "/home/iska/amelie-ai/ThermoGFN/data/rfd3/ccd_ligands/structures/8S4.cif",
        "length": "20-400",
        "ligand": "8S4",
        "extra": {
            "example": "ligand_057_ccd_8s4",
            "task_name": "spec_ligand_057_ccd_8s4_ligand_057_ccd_8s4",
            "sampled_contig": "371",
            "num_tokens_in": 372,
            "num_residues_in": 372,
            "num_chains": 2,
            "num_atoms": 1869,
            "num_residues": 374,
            "example_id": "spec_ligand_057_ccd_8s4_ligand_057_ccd_8s4_1"
        },
        "select_fixed_atoms": {
            "8S4": "ALL"
        },
        "select_unfixed_sequence": false
    },
    "ckpt_path": "/home/iska/amelie-ai/ThermoGFN/weights/rfd3_latest.ckpt",
    "seed": null
}