{
    "diffused_index_map": {},
    "metrics": {
        "max_ca_deviation": 0.08056116104125977,
        "n_chainbreaks": 0,
        "n_clashing.interresidue_clashes_w_sidechain": 0,
        "n_clashing.interresidue_clashes_w_backbone": 0,
        "n_clashing.ligand_clashes": 0,
        "n_clashing.ligand_min_distance": 3.2885499000549316,
        "non_loop_fraction": 0.6701030927835051,
        "loop_fraction": 0.32989690721649484,
        "helix_fraction": 0.5051546391752577,
        "sheet_fraction": 0.16494845360824742,
        "num_ss_elements": 11,
        "radius_of_gyration": 15.617180449989224,
        "alanine_content": 0.18041237113402062,
        "glycine_content": 0.04639175257731959,
        "num_residues": 194,
        "diffused_com": [
            2.1472723484039307,
            -1.533265233039856,
            -0.18377165496349335
        ],
        "fixed_com": [
            -0.0014822824159637094,
            -6.975446740398183e-05,
            0.0002092633949359879
        ]
    },
    "specification": {
        "input": "/home/iska/amelie-ai/ThermoGFN/data/rfd3/ccd_ligands/structures/8S4.cif",
        "length": "20-400",
        "ligand": "8S4",
        "extra": {
            "example": "ligand_057_ccd_8s4",
            "task_name": "spec_ligand_057_ccd_8s4_ligand_057_ccd_8s4",
            "sampled_contig": "194",
            "num_tokens_in": 195,
            "num_residues_in": 195,
            "num_chains": 2,
            "num_atoms": 984,
            "num_residues": 197,
            "example_id": "spec_ligand_057_ccd_8s4_ligand_057_ccd_8s4_2"
        },
        "select_fixed_atoms": {
            "8S4": "ALL"
        },
        "select_unfixed_sequence": false
    },
    "ckpt_path": "/home/iska/amelie-ai/ThermoGFN/weights/rfd3_latest.ckpt",
    "seed": null
}