{
    "diffused_index_map": {},
    "metrics": {
        "max_ca_deviation": 0.9173421859741211,
        "n_chainbreaks": 1,
        "n_clashing.interresidue_clashes_w_sidechain": 0,
        "n_clashing.interresidue_clashes_w_backbone": 0,
        "n_clashing.ligand_clashes": 0,
        "n_clashing.ligand_min_distance": 3.4681413173675537,
        "non_loop_fraction": 0.6239669421487604,
        "loop_fraction": 0.3760330578512397,
        "helix_fraction": 0.45867768595041325,
        "sheet_fraction": 0.1652892561983471,
        "num_ss_elements": 14,
        "radius_of_gyration": 15.448794741638306,
        "alanine_content": 0.45041322314049587,
        "glycine_content": 0.06611570247933884,
        "num_residues": 242,
        "diffused_com": [
            4.4186625480651855,
            2.3354525566101074,
            2.1572303771972656
        ],
        "fixed_com": [
            -0.00034877232974395156,
            -1.743861685099546e-05,
            -0.0004185267898719758
        ]
    },
    "specification": {
        "input": "/home/iska/amelie-ai/ThermoGFN/data/rfd3/ccd_ligands/structures/T6J.cif",
        "length": "20-400",
        "ligand": "T6J",
        "extra": {
            "example": "ligand_109_ccd_t6j",
            "task_name": "spec_ligand_109_ccd_t6j_ligand_109_ccd_t6j",
            "sampled_contig": "242",
            "num_tokens_in": 243,
            "num_residues_in": 243,
            "num_chains": 2,
            "num_atoms": 1224,
            "num_residues": 245,
            "example_id": "spec_ligand_109_ccd_t6j_ligand_109_ccd_t6j_0"
        },
        "select_fixed_atoms": {
            "T6J": "ALL"
        },
        "select_unfixed_sequence": false
    },
    "ckpt_path": "/home/iska/amelie-ai/ThermoGFN/weights/rfd3_latest.ckpt",
    "seed": null
}