{
    "diffused_index_map": {},
    "metrics": {
        "max_ca_deviation": 0.07116818428039551,
        "n_chainbreaks": 0,
        "n_clashing.interresidue_clashes_w_sidechain": 0,
        "n_clashing.interresidue_clashes_w_backbone": 0,
        "n_clashing.ligand_clashes": 0,
        "n_clashing.ligand_min_distance": 2.8451626300811768,
        "non_loop_fraction": 0.7368421052631579,
        "loop_fraction": 0.2631578947368421,
        "helix_fraction": 0.5951417004048583,
        "sheet_fraction": 0.1417004048582996,
        "num_ss_elements": 13,
        "radius_of_gyration": 16.50705525805161,
        "alanine_content": 0.30364372469635625,
        "glycine_content": 0.06072874493927125,
        "num_residues": 247,
        "diffused_com": [
            -0.7543079853057861,
            1.7290221452713013,
            3.715874433517456
        ],
        "fixed_com": [
            0.00133746606297791,
            -0.00016983695968519896,
            0.00015126103244256228
        ]
    },
    "specification": {
        "input": "/home/iska/amelie-ai/ThermoGFN/data/rfd3/ccd_ligands/structures/2YO.cif",
        "length": "20-400",
        "ligand": "2YO",
        "extra": {
            "example": "ligand_367_ccd_2yo",
            "task_name": "spec_ligand_367_ccd_2yo_ligand_367_ccd_2yo",
            "sampled_contig": "247",
            "num_tokens_in": 248,
            "num_residues_in": 248,
            "num_chains": 2,
            "num_atoms": 1258,
            "num_residues": 250,
            "example_id": "spec_ligand_367_ccd_2yo_ligand_367_ccd_2yo_0"
        },
        "select_fixed_atoms": {
            "2YO": "ALL"
        },
        "select_unfixed_sequence": false
    },
    "ckpt_path": "/home/iska/amelie-ai/ThermoGFN/weights/rfd3_latest.ckpt",
    "seed": null
}