{
    "diffused_index_map": {},
    "metrics": {
        "max_ca_deviation": 0.07494926452636719,
        "n_chainbreaks": 0,
        "n_clashing.interresidue_clashes_w_sidechain": 0,
        "n_clashing.interresidue_clashes_w_backbone": 0,
        "n_clashing.ligand_clashes": 0,
        "n_clashing.ligand_min_distance": 2.8385169506073,
        "non_loop_fraction": 0.7560975609756098,
        "loop_fraction": 0.24390243902439024,
        "helix_fraction": 0.40487804878048783,
        "sheet_fraction": 0.35121951219512193,
        "num_ss_elements": 15,
        "radius_of_gyration": 15.772324144705838,
        "alanine_content": 0.2682926829268293,
        "glycine_content": 0.06829268292682927,
        "num_residues": 205,
        "diffused_com": [
            -0.7214327454566956,
            0.6333302855491638,
            -3.954261064529419
        ],
        "fixed_com": [
            0.00133746606297791,
            -0.00016983695968519896,
            0.00015126103244256228
        ]
    },
    "specification": {
        "input": "/home/iska/amelie-ai/ThermoGFN/data/rfd3/ccd_ligands/structures/2YO.cif",
        "length": "20-400",
        "ligand": "2YO",
        "extra": {
            "example": "ligand_367_ccd_2yo",
            "task_name": "spec_ligand_367_ccd_2yo_ligand_367_ccd_2yo",
            "sampled_contig": "205",
            "num_tokens_in": 206,
            "num_residues_in": 206,
            "num_chains": 2,
            "num_atoms": 1048,
            "num_residues": 208,
            "example_id": "spec_ligand_367_ccd_2yo_ligand_367_ccd_2yo_2"
        },
        "select_fixed_atoms": {
            "2YO": "ALL"
        },
        "select_unfixed_sequence": false
    },
    "ckpt_path": "/home/iska/amelie-ai/ThermoGFN/weights/rfd3_latest.ckpt",
    "seed": null
}