{
    "diffused_index_map": {},
    "metrics": {
        "max_ca_deviation": 0.08862018585205078,
        "n_chainbreaks": 0,
        "n_clashing.interresidue_clashes_w_sidechain": 1,
        "n_clashing.interresidue_clashes_w_backbone": 0,
        "n_clashing.ligand_clashes": 0,
        "n_clashing.ligand_min_distance": 3.3036391735076904,
        "non_loop_fraction": 0.6206896551724137,
        "loop_fraction": 0.3793103448275862,
        "helix_fraction": 0.2672413793103448,
        "sheet_fraction": 0.35344827586206895,
        "num_ss_elements": 18,
        "radius_of_gyration": 16.038853100704763,
        "alanine_content": 0.3232758620689655,
        "glycine_content": 0.07758620689655173,
        "num_residues": 232,
        "diffused_com": [
            -1.413156509399414,
            -0.8665697574615479,
            1.1910403966903687
        ],
        "fixed_com": [
            -0.0010550363222137094,
            -0.0009068080107681453,
            0.0002092633949359879
        ]
    },
    "specification": {
        "input": "/home/iska/amelie-ai/ThermoGFN/data/rfd3/ccd_ligands/structures/OU0.cif",
        "length": "20-400",
        "ligand": "OU0",
        "extra": {
            "example": "ligand_068_ccd_ou0",
            "task_name": "spec_ligand_068_ccd_ou0_ligand_068_ccd_ou0",
            "sampled_contig": "232",
            "num_tokens_in": 233,
            "num_residues_in": 233,
            "num_chains": 2,
            "num_atoms": 1174,
            "num_residues": 235,
            "example_id": "spec_ligand_068_ccd_ou0_ligand_068_ccd_ou0_1"
        },
        "select_fixed_atoms": {
            "OU0": "ALL"
        },
        "select_unfixed_sequence": false
    },
    "ckpt_path": "/home/iska/amelie-ai/ThermoGFN/weights/rfd3_latest.ckpt",
    "seed": null
}