{
    "diffused_index_map": {},
    "metrics": {
        "max_ca_deviation": 0.8883256912231445,
        "n_chainbreaks": 1,
        "n_clashing.interresidue_clashes_w_sidechain": 0,
        "n_clashing.interresidue_clashes_w_backbone": 0,
        "n_clashing.ligand_clashes": 0,
        "n_clashing.ligand_min_distance": 3.050348997116089,
        "non_loop_fraction": 0.6064814814814815,
        "loop_fraction": 0.39351851851851855,
        "helix_fraction": 0.4537037037037037,
        "sheet_fraction": 0.1527777777777778,
        "num_ss_elements": 11,
        "radius_of_gyration": 15.712914757954529,
        "alanine_content": 0.3287037037037037,
        "glycine_content": 0.05092592592592592,
        "num_residues": 216,
        "diffused_com": [
            -1.1173195838928223,
            4.076911926269531,
            3.0032925605773926
        ],
        "fixed_com": [
            -0.0010550363222137094,
            -0.0009068080107681453,
            0.0002092633949359879
        ]
    },
    "specification": {
        "input": "/home/iska/amelie-ai/ThermoGFN/data/rfd3/ccd_ligands/structures/OU0.cif",
        "length": "20-400",
        "ligand": "OU0",
        "extra": {
            "example": "ligand_068_ccd_ou0",
            "task_name": "spec_ligand_068_ccd_ou0_ligand_068_ccd_ou0",
            "sampled_contig": "216",
            "num_tokens_in": 217,
            "num_residues_in": 217,
            "num_chains": 2,
            "num_atoms": 1094,
            "num_residues": 219,
            "example_id": "spec_ligand_068_ccd_ou0_ligand_068_ccd_ou0_0"
        },
        "select_fixed_atoms": {
            "OU0": "ALL"
        },
        "select_unfixed_sequence": false
    },
    "ckpt_path": "/home/iska/amelie-ai/ThermoGFN/weights/rfd3_latest.ckpt",
    "seed": null
}