{
    "diffused_index_map": {},
    "metrics": {
        "max_ca_deviation": 0.9306395053863525,
        "n_chainbreaks": 1,
        "n_clashing.interresidue_clashes_w_sidechain": 0,
        "n_clashing.interresidue_clashes_w_backbone": 0,
        "n_clashing.ligand_clashes": 0,
        "n_clashing.ligand_min_distance": 4.390115737915039,
        "non_loop_fraction": 0.6242603550295858,
        "loop_fraction": 0.3757396449704142,
        "helix_fraction": 0.4230769230769231,
        "sheet_fraction": 0.20118343195266272,
        "num_ss_elements": 20,
        "radius_of_gyration": 17.63655784738464,
        "alanine_content": 0.30177514792899407,
        "glycine_content": 0.05917159763313609,
        "num_residues": 338,
        "diffused_com": [
            3.1332786083221436,
            1.0154258012771606,
            -2.997051954269409
        ],
        "fixed_com": [
            -0.0010550363222137094,
            -0.0009068080107681453,
            0.0002092633949359879
        ]
    },
    "specification": {
        "input": "/home/iska/amelie-ai/ThermoGFN/data/rfd3/ccd_ligands/structures/OU0.cif",
        "length": "20-400",
        "ligand": "OU0",
        "extra": {
            "example": "ligand_068_ccd_ou0",
            "task_name": "spec_ligand_068_ccd_ou0_ligand_068_ccd_ou0",
            "sampled_contig": "338",
            "num_tokens_in": 339,
            "num_residues_in": 339,
            "num_chains": 2,
            "num_atoms": 1704,
            "num_residues": 341,
            "example_id": "spec_ligand_068_ccd_ou0_ligand_068_ccd_ou0_2"
        },
        "select_fixed_atoms": {
            "OU0": "ALL"
        },
        "select_unfixed_sequence": false
    },
    "ckpt_path": "/home/iska/amelie-ai/ThermoGFN/weights/rfd3_latest.ckpt",
    "seed": null
}