{
    "diffused_index_map": {},
    "metrics": {
        "max_ca_deviation": 0.08248782157897949,
        "n_chainbreaks": 0,
        "n_clashing.interresidue_clashes_w_sidechain": 1,
        "n_clashing.interresidue_clashes_w_backbone": 0,
        "n_clashing.ligand_clashes": 0,
        "n_clashing.ligand_min_distance": 2.739326000213623,
        "non_loop_fraction": 0.5681818181818181,
        "loop_fraction": 0.4318181818181818,
        "helix_fraction": 0.42272727272727273,
        "sheet_fraction": 0.14545454545454545,
        "num_ss_elements": 13,
        "radius_of_gyration": 16.668619704031677,
        "alanine_content": 0.21363636363636362,
        "glycine_content": 0.045454545454545456,
        "num_residues": 220,
        "diffused_com": [
            -2.243509292602539,
            -7.074349880218506,
            -1.3161970376968384
        ],
        "fixed_com": [
            -0.0003906250058207661,
            -0.00022786458430346102,
            -0.0003580729244276881
        ]
    },
    "specification": {
        "input": "/home/iska/amelie-ai/ThermoGFN/data/rfd3/ccd_ligands/structures/WK7.cif",
        "length": "20-400",
        "ligand": "WK7",
        "extra": {
            "example": "ligand_087_ccd_wk7",
            "task_name": "spec_ligand_087_ccd_wk7_ligand_087_ccd_wk7",
            "sampled_contig": "220",
            "num_tokens_in": 221,
            "num_residues_in": 221,
            "num_chains": 2,
            "num_atoms": 1115,
            "num_residues": 223,
            "example_id": "spec_ligand_087_ccd_wk7_ligand_087_ccd_wk7_0"
        },
        "select_fixed_atoms": {
            "WK7": "ALL"
        },
        "select_unfixed_sequence": false
    },
    "ckpt_path": "/home/iska/amelie-ai/ThermoGFN/weights/rfd3_latest.ckpt",
    "seed": null
}