{
    "diffused_index_map": {},
    "metrics": {
        "max_ca_deviation": 0.8781552314758301,
        "n_chainbreaks": 1,
        "n_clashing.interresidue_clashes_w_sidechain": 0,
        "n_clashing.interresidue_clashes_w_backbone": 0,
        "n_clashing.ligand_clashes": 0,
        "n_clashing.ligand_min_distance": 3.015524387359619,
        "non_loop_fraction": 0.6219081272084805,
        "loop_fraction": 0.37809187279151946,
        "helix_fraction": 0.4558303886925795,
        "sheet_fraction": 0.16607773851590105,
        "num_ss_elements": 15,
        "radius_of_gyration": 17.153339351322494,
        "alanine_content": 0.27208480565371024,
        "glycine_content": 0.045936395759717315,
        "num_residues": 283,
        "diffused_com": [
            -0.05613280087709427,
            -0.013997731730341911,
            -1.7451194524765015
        ],
        "fixed_com": [
            -0.0003906250058207661,
            -0.00022786458430346102,
            -0.0003580729244276881
        ]
    },
    "specification": {
        "input": "/home/iska/amelie-ai/ThermoGFN/data/rfd3/ccd_ligands/structures/WK7.cif",
        "length": "20-400",
        "ligand": "WK7",
        "extra": {
            "example": "ligand_087_ccd_wk7",
            "task_name": "spec_ligand_087_ccd_wk7_ligand_087_ccd_wk7",
            "sampled_contig": "283",
            "num_tokens_in": 284,
            "num_residues_in": 284,
            "num_chains": 2,
            "num_atoms": 1430,
            "num_residues": 286,
            "example_id": "spec_ligand_087_ccd_wk7_ligand_087_ccd_wk7_2"
        },
        "select_fixed_atoms": {
            "WK7": "ALL"
        },
        "select_unfixed_sequence": false
    },
    "ckpt_path": "/home/iska/amelie-ai/ThermoGFN/weights/rfd3_latest.ckpt",
    "seed": null
}