{
    "diffused_index_map": {},
    "metrics": {
        "max_ca_deviation": 0.0780940055847168,
        "n_chainbreaks": 0,
        "n_clashing.interresidue_clashes_w_sidechain": 0,
        "n_clashing.interresidue_clashes_w_backbone": 0,
        "n_clashing.ligand_clashes": 0,
        "n_clashing.ligand_min_distance": 3.6914021968841553,
        "non_loop_fraction": 0.677570093457944,
        "loop_fraction": 0.32242990654205606,
        "helix_fraction": 0.5093457943925234,
        "sheet_fraction": 0.16822429906542055,
        "num_ss_elements": 14,
        "radius_of_gyration": 15.933767340766428,
        "alanine_content": 0.3177570093457944,
        "glycine_content": 0.07009345794392523,
        "num_residues": 214,
        "diffused_com": [
            -3.6037819385528564,
            -2.9864213466644287,
            4.643982410430908
        ],
        "fixed_com": [
            0.00032552084303461015,
            0.0005967881879769266,
            -0.0003594292502384633
        ]
    },
    "specification": {
        "input": "/home/iska/amelie-ai/ThermoGFN/data/rfd3/ccd_ligands/structures/G9H.cif",
        "length": "20-400",
        "ligand": "G9H",
        "extra": {
            "example": "ligand_185_ccd_g9h",
            "task_name": "spec_ligand_185_ccd_g9h_ligand_185_ccd_g9h",
            "sampled_contig": "214",
            "num_tokens_in": 215,
            "num_residues_in": 215,
            "num_chains": 2,
            "num_atoms": 1088,
            "num_residues": 217,
            "example_id": "spec_ligand_185_ccd_g9h_ligand_185_ccd_g9h_1"
        },
        "select_fixed_atoms": {
            "G9H": "ALL"
        },
        "select_unfixed_sequence": false
    },
    "ckpt_path": "/home/iska/amelie-ai/ThermoGFN/weights/rfd3_latest.ckpt",
    "seed": null
}