{
    "diffused_index_map": {},
    "metrics": {
        "max_ca_deviation": 0.06887578964233398,
        "n_chainbreaks": 0,
        "n_clashing.interresidue_clashes_w_sidechain": 0,
        "n_clashing.interresidue_clashes_w_backbone": 0,
        "n_clashing.ligand_clashes": 0,
        "n_clashing.ligand_min_distance": 2.681424856185913,
        "non_loop_fraction": 0.5876288659793814,
        "loop_fraction": 0.41237113402061853,
        "helix_fraction": 0.30412371134020616,
        "sheet_fraction": 0.28350515463917525,
        "num_ss_elements": 14,
        "radius_of_gyration": 15.218803210908732,
        "alanine_content": 0.14432989690721648,
        "glycine_content": 0.04639175257731959,
        "num_residues": 194,
        "diffused_com": [
            1.6398460865020752,
            0.11569556593894958,
            4.42607307434082
        ],
        "fixed_com": [
            -0.0001220703125,
            -0.00046793618821538985,
            0.00024700164794921875
        ]
    },
    "specification": {
        "input": "/home/iska/amelie-ai/ThermoGFN/data/rfd3/ccd_ligands/structures/A1H60.cif",
        "length": "20-400",
        "ligand": "A1H60",
        "extra": {
            "example": "ligand_427_ccd_a1h60",
            "task_name": "spec_ligand_427_ccd_a1h60_ligand_427_ccd_a1h60",
            "sampled_contig": "194",
            "num_tokens_in": 195,
            "num_residues_in": 195,
            "num_chains": 2,
            "num_atoms": 994,
            "num_residues": 197,
            "example_id": "spec_ligand_427_ccd_a1h60_ligand_427_ccd_a1h60_0"
        },
        "select_fixed_atoms": {
            "A1H60": "ALL"
        },
        "select_unfixed_sequence": false
    },
    "ckpt_path": "/home/iska/amelie-ai/ThermoGFN/weights/rfd3_latest.ckpt",
    "seed": null
}