{
    "diffused_index_map": {},
    "metrics": {
        "max_ca_deviation": 0.08667206764221191,
        "n_chainbreaks": 0,
        "n_clashing.interresidue_clashes_w_sidechain": 0,
        "n_clashing.interresidue_clashes_w_backbone": 0,
        "n_clashing.ligand_clashes": 0,
        "n_clashing.ligand_min_distance": 3.89064359664917,
        "non_loop_fraction": 0.6561085972850679,
        "loop_fraction": 0.3438914027149321,
        "helix_fraction": 0.416289592760181,
        "sheet_fraction": 0.2398190045248869,
        "num_ss_elements": 15,
        "radius_of_gyration": 16.427219573744956,
        "alanine_content": 0.27149321266968324,
        "glycine_content": 0.04072398190045249,
        "num_residues": 221,
        "diffused_com": [
            -3.0639142990112305,
            2.293353796005249,
            1.783799409866333
        ],
        "fixed_com": [
            -0.0001220703125,
            -0.00046793618821538985,
            0.00024700164794921875
        ]
    },
    "specification": {
        "input": "/home/iska/amelie-ai/ThermoGFN/data/rfd3/ccd_ligands/structures/A1H60.cif",
        "length": "20-400",
        "ligand": "A1H60",
        "extra": {
            "example": "ligand_427_ccd_a1h60",
            "task_name": "spec_ligand_427_ccd_a1h60_ligand_427_ccd_a1h60",
            "sampled_contig": "221",
            "num_tokens_in": 222,
            "num_residues_in": 222,
            "num_chains": 2,
            "num_atoms": 1129,
            "num_residues": 224,
            "example_id": "spec_ligand_427_ccd_a1h60_ligand_427_ccd_a1h60_2"
        },
        "select_fixed_atoms": {
            "A1H60": "ALL"
        },
        "select_unfixed_sequence": false
    },
    "ckpt_path": "/home/iska/amelie-ai/ThermoGFN/weights/rfd3_latest.ckpt",
    "seed": null
}