{
    "diffused_index_map": {},
    "metrics": {
        "max_ca_deviation": 0.05632972717285156,
        "n_chainbreaks": 0,
        "n_clashing.interresidue_clashes_w_sidechain": 0,
        "n_clashing.interresidue_clashes_w_backbone": 0,
        "n_clashing.ligand_clashes": 0,
        "n_clashing.ligand_min_distance": 3.245695114135742,
        "non_loop_fraction": 0.5701754385964912,
        "loop_fraction": 0.4298245614035088,
        "helix_fraction": 0.5350877192982456,
        "sheet_fraction": 0.03508771929824561,
        "num_ss_elements": 6,
        "radius_of_gyration": 14.00984632922806,
        "alanine_content": 0.06140350877192982,
        "glycine_content": 0.017543859649122806,
        "num_residues": 114,
        "diffused_com": [
            -3.0338258743286133,
            2.4737796783447266,
            -0.2886914610862732
        ],
        "fixed_com": [
            -0.0015510109951719642,
            0.0007036994211375713,
            -0.0002503254800103605
        ]
    },
    "specification": {
        "input": "/home/iska/amelie-ai/ThermoGFN/data/rfd3/ccd_ligands/structures/4ZL.cif",
        "length": "20-400",
        "ligand": "4ZL",
        "extra": {
            "example": "ligand_161_ccd_4zl",
            "task_name": "spec_ligand_161_ccd_4zl_ligand_161_ccd_4zl",
            "sampled_contig": "114",
            "num_tokens_in": 115,
            "num_residues_in": 115,
            "num_chains": 2,
            "num_atoms": 587,
            "num_residues": 117,
            "example_id": "spec_ligand_161_ccd_4zl_ligand_161_ccd_4zl_2"
        },
        "select_fixed_atoms": {
            "4ZL": "ALL"
        },
        "select_unfixed_sequence": false
    },
    "ckpt_path": "/home/iska/amelie-ai/ThermoGFN/weights/rfd3_latest.ckpt",
    "seed": null
}