{
    "diffused_index_map": {},
    "metrics": {
        "max_ca_deviation": 0.052381277084350586,
        "n_chainbreaks": 0,
        "n_clashing.interresidue_clashes_w_sidechain": 0,
        "n_clashing.interresidue_clashes_w_backbone": 0,
        "n_clashing.ligand_clashes": 0,
        "n_clashing.ligand_min_distance": 2.6065196990966797,
        "non_loop_fraction": 0.6313131313131313,
        "loop_fraction": 0.3686868686868687,
        "helix_fraction": 0.4898989898989899,
        "sheet_fraction": 0.1414141414141414,
        "num_ss_elements": 12,
        "radius_of_gyration": 16.258014357331692,
        "alanine_content": 0.26262626262626265,
        "glycine_content": 0.050505050505050504,
        "num_residues": 198,
        "diffused_com": [
            -0.6543413996696472,
            2.406757116317749,
            2.086144208908081
        ],
        "fixed_com": [
            0.0002075195370707661,
            0.0002578735293354839,
            0.0003784179571084678
        ]
    },
    "specification": {
        "input": "/home/iska/amelie-ai/ThermoGFN/data/rfd3/ccd_ligands/structures/9PP.cif",
        "length": "20-400",
        "ligand": "9PP",
        "extra": {
            "example": "ligand_334_ccd_9pp",
            "task_name": "spec_ligand_334_ccd_9pp_ligand_334_ccd_9pp",
            "sampled_contig": "198",
            "num_tokens_in": 199,
            "num_residues_in": 199,
            "num_chains": 2,
            "num_atoms": 1010,
            "num_residues": 201,
            "example_id": "spec_ligand_334_ccd_9pp_ligand_334_ccd_9pp_1"
        },
        "select_fixed_atoms": {
            "9PP": "ALL"
        },
        "select_unfixed_sequence": false
    },
    "ckpt_path": "/home/iska/amelie-ai/ThermoGFN/weights/rfd3_latest.ckpt",
    "seed": null
}