{
    "diffused_index_map": {},
    "metrics": {
        "max_ca_deviation": 0.9890837669372559,
        "n_chainbreaks": 1,
        "n_clashing.interresidue_clashes_w_sidechain": 0,
        "n_clashing.interresidue_clashes_w_backbone": 0,
        "n_clashing.ligand_clashes": 0,
        "n_clashing.ligand_min_distance": 2.887882947921753,
        "non_loop_fraction": 0.6696035242290749,
        "loop_fraction": 0.3303964757709251,
        "helix_fraction": 0.5154185022026432,
        "sheet_fraction": 0.15418502202643172,
        "num_ss_elements": 15,
        "radius_of_gyration": 15.419036302385683,
        "alanine_content": 0.42731277533039647,
        "glycine_content": 0.07929515418502203,
        "num_residues": 227,
        "diffused_com": [
            7.726888179779053,
            1.0309810638427734,
            -1.60161292552948
        ],
        "fixed_com": [
            0.0002075195370707661,
            0.0002578735293354839,
            0.0003784179571084678
        ]
    },
    "specification": {
        "input": "/home/iska/amelie-ai/ThermoGFN/data/rfd3/ccd_ligands/structures/9PP.cif",
        "length": "20-400",
        "ligand": "9PP",
        "extra": {
            "example": "ligand_334_ccd_9pp",
            "task_name": "spec_ligand_334_ccd_9pp_ligand_334_ccd_9pp",
            "sampled_contig": "227",
            "num_tokens_in": 228,
            "num_residues_in": 228,
            "num_chains": 2,
            "num_atoms": 1155,
            "num_residues": 230,
            "example_id": "spec_ligand_334_ccd_9pp_ligand_334_ccd_9pp_2"
        },
        "select_fixed_atoms": {
            "9PP": "ALL"
        },
        "select_unfixed_sequence": false
    },
    "ckpt_path": "/home/iska/amelie-ai/ThermoGFN/weights/rfd3_latest.ckpt",
    "seed": null
}