{
    "diffused_index_map": {},
    "metrics": {
        "max_ca_deviation": 0.08735251426696777,
        "n_chainbreaks": 0,
        "n_clashing.interresidue_clashes_w_sidechain": 0,
        "n_clashing.interresidue_clashes_w_backbone": 0,
        "n_clashing.ligand_clashes": 0,
        "n_clashing.ligand_min_distance": 1.9566740989685059,
        "non_loop_fraction": 0.648936170212766,
        "loop_fraction": 0.35106382978723405,
        "helix_fraction": 0.4574468085106383,
        "sheet_fraction": 0.19148936170212766,
        "num_ss_elements": 11,
        "radius_of_gyration": 14.833122322917061,
        "alanine_content": 0.24468085106382978,
        "glycine_content": 0.07446808510638298,
        "num_residues": 188,
        "diffused_com": [
            -4.058809757232666,
            1.3315168619155884,
            8.869017601013184
        ],
        "fixed_com": [
            0.0002075195370707661,
            0.0002578735293354839,
            0.0003784179571084678
        ]
    },
    "specification": {
        "input": "/home/iska/amelie-ai/ThermoGFN/data/rfd3/ccd_ligands/structures/9PP.cif",
        "length": "20-400",
        "ligand": "9PP",
        "extra": {
            "example": "ligand_334_ccd_9pp",
            "task_name": "spec_ligand_334_ccd_9pp_ligand_334_ccd_9pp",
            "sampled_contig": "188",
            "num_tokens_in": 189,
            "num_residues_in": 189,
            "num_chains": 2,
            "num_atoms": 960,
            "num_residues": 191,
            "example_id": "spec_ligand_334_ccd_9pp_ligand_334_ccd_9pp_0"
        },
        "select_fixed_atoms": {
            "9PP": "ALL"
        },
        "select_unfixed_sequence": false
    },
    "ckpt_path": "/home/iska/amelie-ai/ThermoGFN/weights/rfd3_latest.ckpt",
    "seed": null
}