{
    "diffused_index_map": {},
    "metrics": {
        "max_ca_deviation": 0.11975836753845215,
        "n_chainbreaks": 0,
        "n_clashing.interresidue_clashes_w_sidechain": 1,
        "n_clashing.interresidue_clashes_w_backbone": 0,
        "n_clashing.ligand_clashes": 0,
        "n_clashing.ligand_min_distance": 2.3350460529327393,
        "non_loop_fraction": 0.7467362924281984,
        "loop_fraction": 0.25326370757180156,
        "helix_fraction": 0.6005221932114883,
        "sheet_fraction": 0.1462140992167102,
        "num_ss_elements": 23,
        "radius_of_gyration": 18.319427359800013,
        "alanine_content": 0.44386422976501305,
        "glycine_content": 0.0835509138381201,
        "num_residues": 383,
        "diffused_com": [
            -1.4869896173477173,
            -1.1598261594772339,
            1.2444679737091064
        ],
        "fixed_com": [
            -0.0017361111240461469,
            4.344516491983086e-05,
            0.0004187689919490367
        ]
    },
    "specification": {
        "input": "/home/iska/amelie-ai/ThermoGFN/data/rfd3/ccd_ligands/structures/VD8.cif",
        "length": "20-400",
        "ligand": "VD8",
        "extra": {
            "example": "ligand_249_ccd_vd8",
            "task_name": "spec_ligand_249_ccd_vd8_ligand_249_ccd_vd8",
            "sampled_contig": "383",
            "num_tokens_in": 384,
            "num_residues_in": 384,
            "num_chains": 2,
            "num_atoms": 1933,
            "num_residues": 386,
            "example_id": "spec_ligand_249_ccd_vd8_ligand_249_ccd_vd8_1"
        },
        "select_fixed_atoms": {
            "VD8": "ALL"
        },
        "select_unfixed_sequence": false
    },
    "ckpt_path": "/home/iska/amelie-ai/ThermoGFN/weights/rfd3_latest.ckpt",
    "seed": null
}