{
    "diffused_index_map": {},
    "metrics": {
        "max_ca_deviation": 0.0747988224029541,
        "n_chainbreaks": 0,
        "n_clashing.interresidue_clashes_w_sidechain": 0,
        "n_clashing.interresidue_clashes_w_backbone": 0,
        "n_clashing.ligand_clashes": 0,
        "n_clashing.ligand_min_distance": 2.9459309577941895,
        "non_loop_fraction": 0.6964856230031948,
        "loop_fraction": 0.3035143769968051,
        "helix_fraction": 0.5559105431309904,
        "sheet_fraction": 0.14057507987220447,
        "num_ss_elements": 17,
        "radius_of_gyration": 17.91047692879675,
        "alanine_content": 0.26517571884984026,
        "glycine_content": 0.0670926517571885,
        "num_residues": 313,
        "diffused_com": [
            -0.26337796449661255,
            -3.0223264694213867,
            -0.9592295289039612
        ],
        "fixed_com": [
            0.0003616898029576987,
            0.0005549677880480886,
            0.00012164645886514336
        ]
    },
    "specification": {
        "input": "/home/iska/amelie-ai/ThermoGFN/data/rfd3/ccd_ligands/structures/9BD.cif",
        "length": "20-400",
        "ligand": "9BD",
        "extra": {
            "example": "ligand_504_ccd_9bd",
            "task_name": "spec_ligand_504_ccd_9bd_ligand_504_ccd_9bd",
            "sampled_contig": "313",
            "num_tokens_in": 314,
            "num_residues_in": 314,
            "num_chains": 2,
            "num_atoms": 1592,
            "num_residues": 316,
            "example_id": "spec_ligand_504_ccd_9bd_ligand_504_ccd_9bd_0"
        },
        "select_fixed_atoms": {
            "9BD": "ALL"
        },
        "select_unfixed_sequence": false
    },
    "ckpt_path": "/home/iska/amelie-ai/ThermoGFN/weights/rfd3_latest.ckpt",
    "seed": null
}