{
    "diffused_index_map": {},
    "metrics": {
        "max_ca_deviation": 0.08748674392700195,
        "n_chainbreaks": 0,
        "n_clashing.interresidue_clashes_w_sidechain": 0,
        "n_clashing.interresidue_clashes_w_backbone": 0,
        "n_clashing.ligand_clashes": 0,
        "n_clashing.ligand_min_distance": 3.280130624771118,
        "non_loop_fraction": 0.5964912280701755,
        "loop_fraction": 0.40350877192982454,
        "helix_fraction": 0.5087719298245614,
        "sheet_fraction": 0.08771929824561403,
        "num_ss_elements": 9,
        "radius_of_gyration": 16.196969077164297,
        "alanine_content": 0.32456140350877194,
        "glycine_content": 0.08771929824561403,
        "num_residues": 228,
        "diffused_com": [
            -3.6508405208587646,
            -0.4709428548812866,
            -1.7376176118850708
        ],
        "fixed_com": [
            0.0010141226230189204,
            -4.695012103184126e-05,
            0.00016902043716982007
        ]
    },
    "specification": {
        "input": "/home/iska/amelie-ai/ThermoGFN/data/rfd3/ccd_ligands/structures/H8J.cif",
        "length": "20-400",
        "ligand": "H8J",
        "extra": {
            "example": "ligand_478_ccd_h8j",
            "task_name": "spec_ligand_478_ccd_h8j_ligand_478_ccd_h8j",
            "sampled_contig": "228",
            "num_tokens_in": 229,
            "num_residues_in": 229,
            "num_chains": 2,
            "num_atoms": 1166,
            "num_residues": 231,
            "example_id": "spec_ligand_478_ccd_h8j_ligand_478_ccd_h8j_0"
        },
        "select_fixed_atoms": {
            "H8J": "ALL"
        },
        "select_unfixed_sequence": false
    },
    "ckpt_path": "/home/iska/amelie-ai/ThermoGFN/weights/rfd3_latest.ckpt",
    "seed": null
}