{
    "diffused_index_map": {},
    "metrics": {
        "max_ca_deviation": 0.07535910606384277,
        "n_chainbreaks": 0,
        "n_clashing.interresidue_clashes_w_sidechain": 0,
        "n_clashing.interresidue_clashes_w_backbone": 0,
        "n_clashing.ligand_clashes": 0,
        "n_clashing.ligand_min_distance": 4.62561559677124,
        "non_loop_fraction": 0.6149068322981367,
        "loop_fraction": 0.38509316770186336,
        "helix_fraction": 0.13664596273291926,
        "sheet_fraction": 0.4782608695652174,
        "num_ss_elements": 11,
        "radius_of_gyration": 14.665153354931817,
        "alanine_content": 0.2546583850931677,
        "glycine_content": 0.055900621118012424,
        "num_residues": 161,
        "diffused_com": [
            0.011881362646818161,
            -0.4136424660682678,
            -1.280186414718628
        ],
        "fixed_com": [
            0.0028320313431322575,
            4.882812572759576e-05,
            0.0002807617129292339
        ]
    },
    "specification": {
        "input": "/home/iska/amelie-ai/ThermoGFN/data/rfd3/ccd_ligands/structures/GY0.cif",
        "length": "20-400",
        "ligand": "GY0",
        "extra": {
            "example": "ligand_345_ccd_gy0",
            "task_name": "spec_ligand_345_ccd_gy0_ligand_345_ccd_gy0",
            "sampled_contig": "161",
            "num_tokens_in": 162,
            "num_residues_in": 162,
            "num_chains": 2,
            "num_atoms": 825,
            "num_residues": 164,
            "example_id": "spec_ligand_345_ccd_gy0_ligand_345_ccd_gy0_0"
        },
        "select_fixed_atoms": {
            "GY0": "ALL"
        },
        "select_unfixed_sequence": false
    },
    "ckpt_path": "/home/iska/amelie-ai/ThermoGFN/weights/rfd3_latest.ckpt",
    "seed": null
}