{
    "diffused_index_map": {},
    "metrics": {
        "max_ca_deviation": 0.1113731861114502,
        "n_chainbreaks": 0,
        "n_clashing.interresidue_clashes_w_sidechain": 0,
        "n_clashing.interresidue_clashes_w_backbone": 0,
        "n_clashing.ligand_clashes": 0,
        "n_clashing.ligand_min_distance": 3.6578261852264404,
        "non_loop_fraction": 0.6348122866894198,
        "loop_fraction": 0.3651877133105802,
        "helix_fraction": 0.4778156996587031,
        "sheet_fraction": 0.15699658703071673,
        "num_ss_elements": 18,
        "radius_of_gyration": 17.234952537766542,
        "alanine_content": 0.30716723549488056,
        "glycine_content": 0.07167235494880546,
        "num_residues": 293,
        "diffused_com": [
            2.1098382472991943,
            -2.9359049797058105,
            1.8896762132644653
        ],
        "fixed_com": [
            -0.0007512019365094602,
            -0.0003855778486467898,
            3.756009755306877e-05
        ]
    },
    "specification": {
        "input": "/home/iska/amelie-ai/ThermoGFN/data/rfd3/ccd_ligands/structures/2QC.cif",
        "length": "20-400",
        "ligand": "2QC",
        "extra": {
            "example": "ligand_059_ccd_2qc",
            "task_name": "spec_ligand_059_ccd_2qc_ligand_059_ccd_2qc",
            "sampled_contig": "293",
            "num_tokens_in": 294,
            "num_residues_in": 294,
            "num_chains": 2,
            "num_atoms": 1478,
            "num_residues": 296,
            "example_id": "spec_ligand_059_ccd_2qc_ligand_059_ccd_2qc_0"
        },
        "select_fixed_atoms": {
            "2QC": "ALL"
        },
        "select_unfixed_sequence": false
    },
    "ckpt_path": "/home/iska/amelie-ai/ThermoGFN/weights/rfd3_latest.ckpt",
    "seed": null
}