{
    "diffused_index_map": {},
    "metrics": {
        "max_ca_deviation": 0.055889129638671875,
        "n_chainbreaks": 0,
        "n_clashing.interresidue_clashes_w_sidechain": 0,
        "n_clashing.interresidue_clashes_w_backbone": 0,
        "n_clashing.ligand_clashes": 0,
        "n_clashing.ligand_min_distance": 3.7126121520996094,
        "non_loop_fraction": 0.5609756097560976,
        "loop_fraction": 0.43902439024390244,
        "helix_fraction": 0.2032520325203252,
        "sheet_fraction": 0.35772357723577236,
        "num_ss_elements": 8,
        "radius_of_gyration": 13.366407139876042,
        "alanine_content": 0.16260162601626016,
        "glycine_content": 0.056910569105691054,
        "num_residues": 123,
        "diffused_com": [
            -2.0831923484802246,
            0.9490355849266052,
            1.2339414358139038
        ],
        "fixed_com": [
            -0.0007031250279396772,
            0.00023437499476131052,
            -0.00010498047049622983
        ]
    },
    "specification": {
        "input": "/home/iska/amelie-ai/ThermoGFN/data/rfd3/ccd_ligands/structures/O4Z.cif",
        "length": "20-400",
        "ligand": "O4Z",
        "extra": {
            "example": "ligand_511_ccd_o4z",
            "task_name": "spec_ligand_511_ccd_o4z_ligand_511_ccd_o4z",
            "sampled_contig": "123",
            "num_tokens_in": 124,
            "num_residues_in": 124,
            "num_chains": 2,
            "num_atoms": 640,
            "num_residues": 126,
            "example_id": "spec_ligand_511_ccd_o4z_ligand_511_ccd_o4z_2"
        },
        "select_fixed_atoms": {
            "O4Z": "ALL"
        },
        "select_unfixed_sequence": false
    },
    "ckpt_path": "/home/iska/amelie-ai/ThermoGFN/weights/rfd3_latest.ckpt",
    "seed": null
}