{
    "diffused_index_map": {},
    "metrics": {
        "max_ca_deviation": 0.08157873153686523,
        "n_chainbreaks": 0,
        "n_clashing.interresidue_clashes_w_sidechain": 0,
        "n_clashing.interresidue_clashes_w_backbone": 0,
        "n_clashing.ligand_clashes": 0,
        "n_clashing.ligand_min_distance": 3.177158832550049,
        "non_loop_fraction": 0.6373626373626373,
        "loop_fraction": 0.3626373626373626,
        "helix_fraction": 0.34615384615384615,
        "sheet_fraction": 0.29120879120879123,
        "num_ss_elements": 11,
        "radius_of_gyration": 14.782934989308398,
        "alanine_content": 0.25274725274725274,
        "glycine_content": 0.054945054945054944,
        "num_residues": 182,
        "diffused_com": [
            -0.8292410373687744,
            -2.6506447792053223,
            -0.13192395865917206
        ],
        "fixed_com": [
            -0.0007031250279396772,
            0.00023437499476131052,
            -0.00010498047049622983
        ]
    },
    "specification": {
        "input": "/home/iska/amelie-ai/ThermoGFN/data/rfd3/ccd_ligands/structures/O4Z.cif",
        "length": "20-400",
        "ligand": "O4Z",
        "extra": {
            "example": "ligand_511_ccd_o4z",
            "task_name": "spec_ligand_511_ccd_o4z_ligand_511_ccd_o4z",
            "sampled_contig": "182",
            "num_tokens_in": 183,
            "num_residues_in": 183,
            "num_chains": 2,
            "num_atoms": 935,
            "num_residues": 185,
            "example_id": "spec_ligand_511_ccd_o4z_ligand_511_ccd_o4z_0"
        },
        "select_fixed_atoms": {
            "O4Z": "ALL"
        },
        "select_unfixed_sequence": false
    },
    "ckpt_path": "/home/iska/amelie-ai/ThermoGFN/weights/rfd3_latest.ckpt",
    "seed": null
}