{
    "diffused_index_map": {},
    "metrics": {
        "max_ca_deviation": 0.09464406967163086,
        "n_chainbreaks": 0,
        "n_clashing.interresidue_clashes_w_sidechain": 1,
        "n_clashing.interresidue_clashes_w_backbone": 0,
        "n_clashing.ligand_clashes": 0,
        "n_clashing.ligand_min_distance": 3.0891590118408203,
        "non_loop_fraction": 0.5050251256281407,
        "loop_fraction": 0.4949748743718593,
        "helix_fraction": 0.20854271356783918,
        "sheet_fraction": 0.2964824120603015,
        "num_ss_elements": 28,
        "radius_of_gyration": 19.17074759194788,
        "alanine_content": 0.27386934673366836,
        "glycine_content": 0.0728643216080402,
        "num_residues": 398,
        "diffused_com": [
            0.7255132794380188,
            -0.08591168373823166,
            -0.2324969619512558
        ],
        "fixed_com": [
            -0.0002929687616415322,
            -7.324219041038305e-05,
            0.0004516601620707661
        ]
    },
    "specification": {
        "input": "/home/iska/amelie-ai/ThermoGFN/data/rfd3/ccd_ligands/structures/H5V.cif",
        "length": "20-400",
        "ligand": "H5V",
        "extra": {
            "example": "ligand_281_ccd_h5v",
            "task_name": "spec_ligand_281_ccd_h5v_ligand_281_ccd_h5v",
            "sampled_contig": "398",
            "num_tokens_in": 399,
            "num_residues_in": 399,
            "num_chains": 2,
            "num_atoms": 2010,
            "num_residues": 401,
            "example_id": "spec_ligand_281_ccd_h5v_ligand_281_ccd_h5v_1"
        },
        "select_fixed_atoms": {
            "H5V": "ALL"
        },
        "select_unfixed_sequence": false
    },
    "ckpt_path": "/home/iska/amelie-ai/ThermoGFN/weights/rfd3_latest.ckpt",
    "seed": null
}