{
    "diffused_index_map": {},
    "metrics": {
        "max_ca_deviation": 0.07439851760864258,
        "n_chainbreaks": 0,
        "n_clashing.interresidue_clashes_w_sidechain": 0,
        "n_clashing.interresidue_clashes_w_backbone": 0,
        "n_clashing.ligand_clashes": 0,
        "n_clashing.ligand_min_distance": 3.436225175857544,
        "non_loop_fraction": 0.5560975609756098,
        "loop_fraction": 0.44390243902439025,
        "helix_fraction": 0.40487804878048783,
        "sheet_fraction": 0.15121951219512195,
        "num_ss_elements": 13,
        "radius_of_gyration": 14.903687883444764,
        "alanine_content": 0.2975609756097561,
        "glycine_content": 0.07804878048780488,
        "num_residues": 205,
        "diffused_com": [
            -0.039391402155160904,
            -9.33293628692627,
            -0.08893943578004837
        ],
        "fixed_com": [
            -0.0002929687616415322,
            -7.324219041038305e-05,
            0.0004516601620707661
        ]
    },
    "specification": {
        "input": "/home/iska/amelie-ai/ThermoGFN/data/rfd3/ccd_ligands/structures/H5V.cif",
        "length": "20-400",
        "ligand": "H5V",
        "extra": {
            "example": "ligand_281_ccd_h5v",
            "task_name": "spec_ligand_281_ccd_h5v_ligand_281_ccd_h5v",
            "sampled_contig": "205",
            "num_tokens_in": 206,
            "num_residues_in": 206,
            "num_chains": 2,
            "num_atoms": 1045,
            "num_residues": 208,
            "example_id": "spec_ligand_281_ccd_h5v_ligand_281_ccd_h5v_0"
        },
        "select_fixed_atoms": {
            "H5V": "ALL"
        },
        "select_unfixed_sequence": false
    },
    "ckpt_path": "/home/iska/amelie-ai/ThermoGFN/weights/rfd3_latest.ckpt",
    "seed": null
}