{
    "diffused_index_map": {},
    "metrics": {
        "max_ca_deviation": 0.06645798683166504,
        "n_chainbreaks": 0,
        "n_clashing.interresidue_clashes_w_sidechain": 0,
        "n_clashing.interresidue_clashes_w_backbone": 0,
        "n_clashing.ligand_clashes": 0,
        "n_clashing.ligand_min_distance": 2.5379300117492676,
        "non_loop_fraction": 0.5838509316770186,
        "loop_fraction": 0.4161490683229814,
        "helix_fraction": 0.2608695652173913,
        "sheet_fraction": 0.32298136645962733,
        "num_ss_elements": 12,
        "radius_of_gyration": 14.755369606964281,
        "alanine_content": 0.2484472049689441,
        "glycine_content": 0.055900621118012424,
        "num_residues": 161,
        "diffused_com": [
            -1.511967658996582,
            2.028010129928589,
            -0.6840834617614746
        ],
        "fixed_com": [
            -0.0024658204056322575,
            -9.765625145519152e-05,
            -0.0003417968691792339
        ]
    },
    "specification": {
        "input": "/home/iska/amelie-ai/ThermoGFN/data/rfd3/ccd_ligands/structures/A1BS8.cif",
        "length": "20-400",
        "ligand": "A1BS8",
        "extra": {
            "example": "ligand_277_ccd_a1bs8",
            "task_name": "spec_ligand_277_ccd_a1bs8_ligand_277_ccd_a1bs8",
            "sampled_contig": "161",
            "num_tokens_in": 162,
            "num_residues_in": 162,
            "num_chains": 2,
            "num_atoms": 825,
            "num_residues": 164,
            "example_id": "spec_ligand_277_ccd_a1bs8_ligand_277_ccd_a1bs8_2"
        },
        "select_fixed_atoms": {
            "A1BS8": "ALL"
        },
        "select_unfixed_sequence": false
    },
    "ckpt_path": "/home/iska/amelie-ai/ThermoGFN/weights/rfd3_latest.ckpt",
    "seed": null
}