{
    "diffused_index_map": {},
    "metrics": {
        "max_ca_deviation": 0.9358761310577393,
        "n_chainbreaks": 1,
        "n_clashing.interresidue_clashes_w_sidechain": 0,
        "n_clashing.interresidue_clashes_w_backbone": 0,
        "n_clashing.ligand_clashes": 0,
        "n_clashing.ligand_min_distance": 3.0047433376312256,
        "non_loop_fraction": 0.7411444141689373,
        "loop_fraction": 0.25885558583106266,
        "helix_fraction": 0.667574931880109,
        "sheet_fraction": 0.07356948228882834,
        "num_ss_elements": 20,
        "radius_of_gyration": 19.090775966258054,
        "alanine_content": 0.35967302452316074,
        "glycine_content": 0.08174386920980926,
        "num_residues": 367,
        "diffused_com": [
            1.334122657775879,
            -0.9264852404594421,
            -0.007911543361842632
        ],
        "fixed_com": [
            0.0013671874767169356,
            -0.0005371093866415322,
            -0.0003198242047801614
        ]
    },
    "specification": {
        "input": "/home/iska/amelie-ai/ThermoGFN/data/rfd3/ccd_ligands/structures/QT3.cif",
        "length": "20-400",
        "ligand": "QT3",
        "extra": {
            "example": "ligand_472_ccd_qt3",
            "task_name": "spec_ligand_472_ccd_qt3_ligand_472_ccd_qt3",
            "sampled_contig": "367",
            "num_tokens_in": 368,
            "num_residues_in": 368,
            "num_chains": 2,
            "num_atoms": 1860,
            "num_residues": 370,
            "example_id": "spec_ligand_472_ccd_qt3_ligand_472_ccd_qt3_1"
        },
        "select_fixed_atoms": {
            "QT3": "ALL"
        },
        "select_unfixed_sequence": false
    },
    "ckpt_path": "/home/iska/amelie-ai/ThermoGFN/weights/rfd3_latest.ckpt",
    "seed": null
}