{
    "diffused_index_map": {},
    "metrics": {
        "max_ca_deviation": 0.08057546615600586,
        "n_chainbreaks": 0,
        "n_clashing.interresidue_clashes_w_sidechain": 0,
        "n_clashing.interresidue_clashes_w_backbone": 0,
        "n_clashing.ligand_clashes": 0,
        "n_clashing.ligand_min_distance": 3.2785253524780273,
        "non_loop_fraction": 0.5793650793650793,
        "loop_fraction": 0.42063492063492064,
        "helix_fraction": 0.07142857142857142,
        "sheet_fraction": 0.5079365079365079,
        "num_ss_elements": 11,
        "radius_of_gyration": 13.357246844985555,
        "alanine_content": 0.1984126984126984,
        "glycine_content": 0.07142857142857142,
        "num_residues": 126,
        "diffused_com": [
            5.040862560272217,
            1.0083922147750854,
            -2.102205276489258
        ],
        "fixed_com": [
            0.0004638671816792339,
            0.0009765625,
            0.0003326415899209678
        ]
    },
    "specification": {
        "input": "/home/iska/amelie-ai/ThermoGFN/data/rfd3/ccd_ligands/structures/5Q1.cif",
        "length": "20-400",
        "ligand": "5Q1",
        "extra": {
            "example": "ligand_284_ccd_5q1",
            "task_name": "spec_ligand_284_ccd_5q1_ligand_284_ccd_5q1",
            "sampled_contig": "126",
            "num_tokens_in": 127,
            "num_residues_in": 127,
            "num_chains": 2,
            "num_atoms": 650,
            "num_residues": 129,
            "example_id": "spec_ligand_284_ccd_5q1_ligand_284_ccd_5q1_2"
        },
        "select_fixed_atoms": {
            "5Q1": "ALL"
        },
        "select_unfixed_sequence": false
    },
    "ckpt_path": "/home/iska/amelie-ai/ThermoGFN/weights/rfd3_latest.ckpt",
    "seed": null
}