{
    "diffused_index_map": {},
    "metrics": {
        "max_ca_deviation": 0.09465527534484863,
        "n_chainbreaks": 0,
        "n_clashing.interresidue_clashes_w_sidechain": 0,
        "n_clashing.interresidue_clashes_w_backbone": 0,
        "n_clashing.ligand_clashes": 0,
        "n_clashing.ligand_min_distance": 4.236268043518066,
        "non_loop_fraction": 0.6144578313253012,
        "loop_fraction": 0.3855421686746988,
        "helix_fraction": 0.43373493975903615,
        "sheet_fraction": 0.18072289156626506,
        "num_ss_elements": 15,
        "radius_of_gyration": 16.908777069482817,
        "alanine_content": 0.24096385542168675,
        "glycine_content": 0.04819277108433735,
        "num_residues": 249,
        "diffused_com": [
            -0.4028860330581665,
            -0.07379082590341568,
            2.317457914352417
        ],
        "fixed_com": [
            0.0004638671816792339,
            0.0009765625,
            0.0003326415899209678
        ]
    },
    "specification": {
        "input": "/home/iska/amelie-ai/ThermoGFN/data/rfd3/ccd_ligands/structures/5Q1.cif",
        "length": "20-400",
        "ligand": "5Q1",
        "extra": {
            "example": "ligand_284_ccd_5q1",
            "task_name": "spec_ligand_284_ccd_5q1_ligand_284_ccd_5q1",
            "sampled_contig": "249",
            "num_tokens_in": 250,
            "num_residues_in": 250,
            "num_chains": 2,
            "num_atoms": 1265,
            "num_residues": 252,
            "example_id": "spec_ligand_284_ccd_5q1_ligand_284_ccd_5q1_1"
        },
        "select_fixed_atoms": {
            "5Q1": "ALL"
        },
        "select_unfixed_sequence": false
    },
    "ckpt_path": "/home/iska/amelie-ai/ThermoGFN/weights/rfd3_latest.ckpt",
    "seed": null
}