{
    "diffused_index_map": {},
    "metrics": {
        "max_ca_deviation": 0.0598752498626709,
        "n_chainbreaks": 0,
        "n_clashing.interresidue_clashes_w_sidechain": 0,
        "n_clashing.interresidue_clashes_w_backbone": 0,
        "n_clashing.ligand_clashes": 0,
        "n_clashing.ligand_min_distance": 3.097393751144409,
        "non_loop_fraction": 0.7266187050359711,
        "loop_fraction": 0.2733812949640288,
        "helix_fraction": 0.41007194244604317,
        "sheet_fraction": 0.31654676258992803,
        "num_ss_elements": 10,
        "radius_of_gyration": 13.88205743847801,
        "alanine_content": 0.28776978417266186,
        "glycine_content": 0.02158273381294964,
        "num_residues": 139,
        "diffused_com": [
            -1.1011595726013184,
            1.9445436000823975,
            2.312624454498291
        ],
        "fixed_com": [
            0.0004638671816792339,
            0.0009765625,
            0.0003326415899209678
        ]
    },
    "specification": {
        "input": "/home/iska/amelie-ai/ThermoGFN/data/rfd3/ccd_ligands/structures/5Q1.cif",
        "length": "20-400",
        "ligand": "5Q1",
        "extra": {
            "example": "ligand_284_ccd_5q1",
            "task_name": "spec_ligand_284_ccd_5q1_ligand_284_ccd_5q1",
            "sampled_contig": "139",
            "num_tokens_in": 140,
            "num_residues_in": 140,
            "num_chains": 2,
            "num_atoms": 715,
            "num_residues": 142,
            "example_id": "spec_ligand_284_ccd_5q1_ligand_284_ccd_5q1_0"
        },
        "select_fixed_atoms": {
            "5Q1": "ALL"
        },
        "select_unfixed_sequence": false
    },
    "ckpt_path": "/home/iska/amelie-ai/ThermoGFN/weights/rfd3_latest.ckpt",
    "seed": null
}