{
    "diffused_index_map": {},
    "metrics": {
        "max_ca_deviation": 0.8559296131134033,
        "n_chainbreaks": 1,
        "n_clashing.interresidue_clashes_w_sidechain": 0,
        "n_clashing.interresidue_clashes_w_backbone": 0,
        "n_clashing.ligand_clashes": 0,
        "n_clashing.ligand_min_distance": 2.8255958557128906,
        "non_loop_fraction": 0.6329787234042553,
        "loop_fraction": 0.3670212765957447,
        "helix_fraction": 0.42021276595744683,
        "sheet_fraction": 0.2127659574468085,
        "num_ss_elements": 26,
        "radius_of_gyration": 20.44179682377373,
        "alanine_content": 0.18351063829787234,
        "glycine_content": 0.05585106382978723,
        "num_residues": 376,
        "diffused_com": [
            1.1879774332046509,
            0.05028418079018593,
            -1.687437891960144
        ],
        "fixed_com": [
            0.0016357421409338713,
            -0.0002899169921875,
            4.882812572759576e-05
        ]
    },
    "specification": {
        "input": "/home/iska/amelie-ai/ThermoGFN/data/rfd3/ccd_ligands/structures/M84.cif",
        "length": "20-400",
        "ligand": "M84",
        "extra": {
            "example": "ligand_247_ccd_m84",
            "task_name": "spec_ligand_247_ccd_m84_ligand_247_ccd_m84",
            "sampled_contig": "376",
            "num_tokens_in": 377,
            "num_residues_in": 377,
            "num_chains": 2,
            "num_atoms": 1900,
            "num_residues": 379,
            "example_id": "spec_ligand_247_ccd_m84_ligand_247_ccd_m84_2"
        },
        "select_fixed_atoms": {
            "M84": "ALL"
        },
        "select_unfixed_sequence": false
    },
    "ckpt_path": "/home/iska/amelie-ai/ThermoGFN/weights/rfd3_latest.ckpt",
    "seed": null
}