{
    "diffused_index_map": {},
    "metrics": {
        "max_ca_deviation": 0.10970163345336914,
        "n_chainbreaks": 0,
        "n_clashing.interresidue_clashes_w_sidechain": 1,
        "n_clashing.interresidue_clashes_w_backbone": 0,
        "n_clashing.ligand_clashes": 0,
        "n_clashing.ligand_min_distance": 3.2034895420074463,
        "non_loop_fraction": 0.6976744186046512,
        "loop_fraction": 0.3023255813953488,
        "helix_fraction": 0.5891472868217055,
        "sheet_fraction": 0.10852713178294573,
        "num_ss_elements": 16,
        "radius_of_gyration": 16.675541261299404,
        "alanine_content": 0.40310077519379844,
        "glycine_content": 0.06976744186046512,
        "num_residues": 258,
        "diffused_com": [
            -1.6524122953414917,
            -0.031889647245407104,
            2.686328411102295
        ],
        "fixed_com": [
            -0.0007642662967555225,
            0.0006050441297702491,
            0.00022291101049631834
        ]
    },
    "specification": {
        "input": "/home/iska/amelie-ai/ThermoGFN/data/rfd3/ccd_ligands/structures/ND7.cif",
        "length": "20-400",
        "ligand": "ND7",
        "extra": {
            "example": "ligand_455_ccd_nd7",
            "task_name": "spec_ligand_455_ccd_nd7_ligand_455_ccd_nd7",
            "sampled_contig": "258",
            "num_tokens_in": 259,
            "num_residues_in": 259,
            "num_chains": 2,
            "num_atoms": 1313,
            "num_residues": 261,
            "example_id": "spec_ligand_455_ccd_nd7_ligand_455_ccd_nd7_2"
        },
        "select_fixed_atoms": {
            "ND7": "ALL"
        },
        "select_unfixed_sequence": false
    },
    "ckpt_path": "/home/iska/amelie-ai/ThermoGFN/weights/rfd3_latest.ckpt",
    "seed": null
}