{
    "diffused_index_map": {},
    "metrics": {
        "max_ca_deviation": 0.10497403144836426,
        "n_chainbreaks": 0,
        "n_clashing.interresidue_clashes_w_sidechain": 0,
        "n_clashing.interresidue_clashes_w_backbone": 0,
        "n_clashing.ligand_clashes": 0,
        "n_clashing.ligand_min_distance": 3.220176935195923,
        "non_loop_fraction": 0.5935251798561151,
        "loop_fraction": 0.4064748201438849,
        "helix_fraction": 0.4172661870503597,
        "sheet_fraction": 0.17625899280575538,
        "num_ss_elements": 18,
        "radius_of_gyration": 17.66072093203887,
        "alanine_content": 0.2733812949640288,
        "glycine_content": 0.08273381294964029,
        "num_residues": 278,
        "diffused_com": [
            0.636222243309021,
            4.693188190460205,
            0.8316477537155151
        ],
        "fixed_com": [
            -0.0009765625,
            0.0005086262826807797,
            2.4636585749249207e-06
        ]
    },
    "specification": {
        "input": "/home/iska/amelie-ai/ThermoGFN/data/rfd3/ccd_ligands/structures/72V.cif",
        "length": "20-400",
        "ligand": "72V",
        "extra": {
            "example": "ligand_005_ccd_72v",
            "task_name": "spec_ligand_005_ccd_72v_ligand_005_ccd_72v",
            "sampled_contig": "278",
            "num_tokens_in": 279,
            "num_residues_in": 279,
            "num_chains": 2,
            "num_atoms": 1402,
            "num_residues": 281,
            "example_id": "spec_ligand_005_ccd_72v_ligand_005_ccd_72v_0"
        },
        "select_fixed_atoms": {
            "72V": "ALL"
        },
        "select_unfixed_sequence": false
    },
    "ckpt_path": "/home/iska/amelie-ai/ThermoGFN/weights/rfd3_latest.ckpt",
    "seed": null
}