{
    "diffused_index_map": {},
    "metrics": {
        "max_ca_deviation": 0.8656532764434814,
        "n_chainbreaks": 2,
        "n_clashing.interresidue_clashes_w_sidechain": 2,
        "n_clashing.interresidue_clashes_w_backbone": 0,
        "n_clashing.ligand_clashes": 0,
        "n_clashing.ligand_min_distance": 3.8737850189208984,
        "non_loop_fraction": 0.6560509554140128,
        "loop_fraction": 0.34394904458598724,
        "helix_fraction": 0.46178343949044587,
        "sheet_fraction": 0.1942675159235669,
        "num_ss_elements": 18,
        "radius_of_gyration": 17.222216313304624,
        "alanine_content": 0.3885350318471338,
        "glycine_content": 0.07006369426751592,
        "num_residues": 314,
        "diffused_com": [
            1.8165284395217896,
            2.473417282104492,
            1.8627287149429321
        ],
        "fixed_com": [
            -0.0009765625,
            0.0005086262826807797,
            2.4636585749249207e-06
        ]
    },
    "specification": {
        "input": "/home/iska/amelie-ai/ThermoGFN/data/rfd3/ccd_ligands/structures/72V.cif",
        "length": "20-400",
        "ligand": "72V",
        "extra": {
            "example": "ligand_005_ccd_72v",
            "task_name": "spec_ligand_005_ccd_72v_ligand_005_ccd_72v",
            "sampled_contig": "314",
            "num_tokens_in": 315,
            "num_residues_in": 315,
            "num_chains": 2,
            "num_atoms": 1582,
            "num_residues": 317,
            "example_id": "spec_ligand_005_ccd_72v_ligand_005_ccd_72v_2"
        },
        "select_fixed_atoms": {
            "72V": "ALL"
        },
        "select_unfixed_sequence": false
    },
    "ckpt_path": "/home/iska/amelie-ai/ThermoGFN/weights/rfd3_latest.ckpt",
    "seed": null
}