{
    "diffused_index_map": {},
    "metrics": {
        "max_ca_deviation": 0.0832362174987793,
        "n_chainbreaks": 0,
        "n_clashing.interresidue_clashes_w_sidechain": 0,
        "n_clashing.interresidue_clashes_w_backbone": 0,
        "n_clashing.ligand_clashes": 0,
        "n_clashing.ligand_min_distance": 3.7218072414398193,
        "non_loop_fraction": 0.6567656765676568,
        "loop_fraction": 0.3432343234323432,
        "helix_fraction": 0.41914191419141916,
        "sheet_fraction": 0.2376237623762376,
        "num_ss_elements": 22,
        "radius_of_gyration": 17.109844560428446,
        "alanine_content": 0.3432343234323432,
        "glycine_content": 0.0594059405940594,
        "num_residues": 303,
        "diffused_com": [
            2.082385540008545,
            -3.482247829437256,
            -1.6249445676803589
        ],
        "fixed_com": [
            0.0027521306183189154,
            -0.00015536221326328814,
            -0.00015536221326328814
        ]
    },
    "specification": {
        "input": "/home/iska/amelie-ai/ThermoGFN/data/rfd3/ccd_ligands/structures/Q0O.cif",
        "length": "20-400",
        "ligand": "Q0O",
        "extra": {
            "example": "ligand_307_ccd_q0o",
            "task_name": "spec_ligand_307_ccd_q0o_ligand_307_ccd_q0o",
            "sampled_contig": "303",
            "num_tokens_in": 304,
            "num_residues_in": 304,
            "num_chains": 2,
            "num_atoms": 1537,
            "num_residues": 306,
            "example_id": "spec_ligand_307_ccd_q0o_ligand_307_ccd_q0o_0"
        },
        "select_fixed_atoms": {
            "Q0O": "ALL"
        },
        "select_unfixed_sequence": false
    },
    "ckpt_path": "/home/iska/amelie-ai/ThermoGFN/weights/rfd3_latest.ckpt",
    "seed": null
}