{
    "diffused_index_map": {},
    "metrics": {
        "max_ca_deviation": 0.09217572212219238,
        "n_chainbreaks": 0,
        "n_clashing.interresidue_clashes_w_sidechain": 1,
        "n_clashing.interresidue_clashes_w_backbone": 0,
        "n_clashing.ligand_clashes": 0,
        "n_clashing.ligand_min_distance": 2.967226505279541,
        "non_loop_fraction": 0.6706586826347305,
        "loop_fraction": 0.32934131736526945,
        "helix_fraction": 0.49101796407185627,
        "sheet_fraction": 0.17964071856287425,
        "num_ss_elements": 21,
        "radius_of_gyration": 17.84619264363917,
        "alanine_content": 0.33532934131736525,
        "glycine_content": 0.07784431137724551,
        "num_residues": 334,
        "diffused_com": [
            2.310476303100586,
            -0.24404655396938324,
            -0.1079007163643837
        ],
        "fixed_com": [
            -0.0011268028756603599,
            0.0014272836269810796,
            -0.00023005559341982007
        ]
    },
    "specification": {
        "input": "/home/iska/amelie-ai/ThermoGFN/data/rfd3/ccd_ligands/structures/1AW.cif",
        "length": "20-400",
        "ligand": "1AW",
        "extra": {
            "example": "ligand_467_ccd_1aw",
            "task_name": "spec_ligand_467_ccd_1aw_ligand_467_ccd_1aw",
            "sampled_contig": "334",
            "num_tokens_in": 335,
            "num_residues_in": 335,
            "num_chains": 2,
            "num_atoms": 1696,
            "num_residues": 337,
            "example_id": "spec_ligand_467_ccd_1aw_ligand_467_ccd_1aw_0"
        },
        "select_fixed_atoms": {
            "1AW": "ALL"
        },
        "select_unfixed_sequence": false
    },
    "ckpt_path": "/home/iska/amelie-ai/ThermoGFN/weights/rfd3_latest.ckpt",
    "seed": null
}