{
    "diffused_index_map": {},
    "metrics": {
        "max_ca_deviation": 0.08012056350708008,
        "n_chainbreaks": 0,
        "n_clashing.interresidue_clashes_w_sidechain": 0,
        "n_clashing.interresidue_clashes_w_backbone": 0,
        "n_clashing.ligand_clashes": 0,
        "n_clashing.ligand_min_distance": 3.0668349266052246,
        "non_loop_fraction": 0.6996197718631179,
        "loop_fraction": 0.30038022813688214,
        "helix_fraction": 0.5247148288973384,
        "sheet_fraction": 0.17490494296577946,
        "num_ss_elements": 16,
        "radius_of_gyration": 17.921210279036746,
        "alanine_content": 0.3840304182509506,
        "glycine_content": 0.09505703422053231,
        "num_residues": 263,
        "diffused_com": [
            -1.124875545501709,
            -2.9836626052856445,
            1.2910783290863037
        ],
        "fixed_com": [
            -0.0005696614389307797,
            -0.00035264756297692657,
            2.755059085757239e-06
        ]
    },
    "specification": {
        "input": "/home/iska/amelie-ai/ThermoGFN/data/rfd3/ccd_ligands/structures/1HP.cif",
        "length": "20-400",
        "ligand": "1HP",
        "extra": {
            "example": "ligand_175_ccd_1hp",
            "task_name": "spec_ligand_175_ccd_1hp_ligand_175_ccd_1hp",
            "sampled_contig": "263",
            "num_tokens_in": 264,
            "num_residues_in": 264,
            "num_chains": 2,
            "num_atoms": 1333,
            "num_residues": 266,
            "example_id": "spec_ligand_175_ccd_1hp_ligand_175_ccd_1hp_1"
        },
        "select_fixed_atoms": {
            "1HP": "ALL"
        },
        "select_unfixed_sequence": false
    },
    "ckpt_path": "/home/iska/amelie-ai/ThermoGFN/weights/rfd3_latest.ckpt",
    "seed": null
}