{
    "diffused_index_map": {},
    "metrics": {
        "max_ca_deviation": 0.08385729789733887,
        "n_chainbreaks": 0,
        "n_clashing.interresidue_clashes_w_sidechain": 0,
        "n_clashing.interresidue_clashes_w_backbone": 0,
        "n_clashing.ligand_clashes": 0,
        "n_clashing.ligand_min_distance": 2.7106268405914307,
        "non_loop_fraction": 0.6739811912225705,
        "loop_fraction": 0.32601880877742945,
        "helix_fraction": 0.49843260188087773,
        "sheet_fraction": 0.1755485893416928,
        "num_ss_elements": 21,
        "radius_of_gyration": 17.436003444205543,
        "alanine_content": 0.3824451410658307,
        "glycine_content": 0.05642633228840126,
        "num_residues": 319,
        "diffused_com": [
            -2.4482839107513428,
            0.16317032277584076,
            2.211603879928589
        ],
        "fixed_com": [
            -0.0005696614389307797,
            -0.00035264756297692657,
            2.755059085757239e-06
        ]
    },
    "specification": {
        "input": "/home/iska/amelie-ai/ThermoGFN/data/rfd3/ccd_ligands/structures/1HP.cif",
        "length": "20-400",
        "ligand": "1HP",
        "extra": {
            "example": "ligand_175_ccd_1hp",
            "task_name": "spec_ligand_175_ccd_1hp_ligand_175_ccd_1hp",
            "sampled_contig": "319",
            "num_tokens_in": 320,
            "num_residues_in": 320,
            "num_chains": 2,
            "num_atoms": 1613,
            "num_residues": 322,
            "example_id": "spec_ligand_175_ccd_1hp_ligand_175_ccd_1hp_2"
        },
        "select_fixed_atoms": {
            "1HP": "ALL"
        },
        "select_unfixed_sequence": false
    },
    "ckpt_path": "/home/iska/amelie-ai/ThermoGFN/weights/rfd3_latest.ckpt",
    "seed": null
}