{
    "diffused_index_map": {},
    "metrics": {
        "max_ca_deviation": 0.07306623458862305,
        "n_chainbreaks": 0,
        "n_clashing.interresidue_clashes_w_sidechain": 0,
        "n_clashing.interresidue_clashes_w_backbone": 0,
        "n_clashing.ligand_clashes": 0,
        "n_clashing.ligand_min_distance": 4.337578296661377,
        "non_loop_fraction": 0.6412213740458015,
        "loop_fraction": 0.35877862595419846,
        "helix_fraction": 0.49236641221374045,
        "sheet_fraction": 0.14885496183206107,
        "num_ss_elements": 15,
        "radius_of_gyration": 16.450390270433775,
        "alanine_content": 0.35877862595419846,
        "glycine_content": 0.06870229007633588,
        "num_residues": 262,
        "diffused_com": [
            -3.647334575653076,
            -1.3587520122528076,
            -0.10831420868635178
        ],
        "fixed_com": [
            -0.0005696614389307797,
            -0.00035264756297692657,
            2.755059085757239e-06
        ]
    },
    "specification": {
        "input": "/home/iska/amelie-ai/ThermoGFN/data/rfd3/ccd_ligands/structures/1HP.cif",
        "length": "20-400",
        "ligand": "1HP",
        "extra": {
            "example": "ligand_175_ccd_1hp",
            "task_name": "spec_ligand_175_ccd_1hp_ligand_175_ccd_1hp",
            "sampled_contig": "262",
            "num_tokens_in": 263,
            "num_residues_in": 263,
            "num_chains": 2,
            "num_atoms": 1328,
            "num_residues": 265,
            "example_id": "spec_ligand_175_ccd_1hp_ligand_175_ccd_1hp_0"
        },
        "select_fixed_atoms": {
            "1HP": "ALL"
        },
        "select_unfixed_sequence": false
    },
    "ckpt_path": "/home/iska/amelie-ai/ThermoGFN/weights/rfd3_latest.ckpt",
    "seed": null
}