{
    "diffused_index_map": {},
    "metrics": {
        "max_ca_deviation": 0.08018040657043457,
        "n_chainbreaks": 0,
        "n_clashing.interresidue_clashes_w_sidechain": 0,
        "n_clashing.interresidue_clashes_w_backbone": 0,
        "n_clashing.ligand_clashes": 0,
        "n_clashing.ligand_min_distance": 2.514211893081665,
        "non_loop_fraction": 0.6513994910941476,
        "loop_fraction": 0.3486005089058524,
        "helix_fraction": 0.48346055979643765,
        "sheet_fraction": 0.16793893129770993,
        "num_ss_elements": 25,
        "radius_of_gyration": 18.77355327563333,
        "alanine_content": 0.36895674300254455,
        "glycine_content": 0.0916030534351145,
        "num_residues": 393,
        "diffused_com": [
            -0.29008597135543823,
            1.0896539688110352,
            -0.5473186373710632
        ],
        "fixed_com": [
            0.0009191176504828036,
            0.0002010569878621027,
            8.414773446929757e-07
        ]
    },
    "specification": {
        "input": "/home/iska/amelie-ai/ThermoGFN/data/rfd3/ccd_ligands/structures/U5B.cif",
        "length": "20-400",
        "ligand": "U5B",
        "extra": {
            "example": "ligand_186_ccd_u5b",
            "task_name": "spec_ligand_186_ccd_u5b_ligand_186_ccd_u5b",
            "sampled_contig": "393",
            "num_tokens_in": 394,
            "num_residues_in": 394,
            "num_chains": 2,
            "num_atoms": 1982,
            "num_residues": 396,
            "example_id": "spec_ligand_186_ccd_u5b_ligand_186_ccd_u5b_0"
        },
        "select_fixed_atoms": {
            "U5B": "ALL"
        },
        "select_unfixed_sequence": false
    },
    "ckpt_path": "/home/iska/amelie-ai/ThermoGFN/weights/rfd3_latest.ckpt",
    "seed": null
}