{
    "diffused_index_map": {},
    "metrics": {
        "max_ca_deviation": 0.11169576644897461,
        "n_chainbreaks": 0,
        "n_clashing.interresidue_clashes_w_sidechain": 0,
        "n_clashing.interresidue_clashes_w_backbone": 0,
        "n_clashing.ligand_clashes": 0,
        "n_clashing.ligand_min_distance": 2.0071394443511963,
        "non_loop_fraction": 0.6969696969696969,
        "loop_fraction": 0.30303030303030304,
        "helix_fraction": 0.47878787878787876,
        "sheet_fraction": 0.21818181818181817,
        "num_ss_elements": 23,
        "radius_of_gyration": 18.797269364388853,
        "alanine_content": 0.17575757575757575,
        "glycine_content": 0.03636363636363636,
        "num_residues": 330,
        "diffused_com": [
            1.8906382322311401,
            1.1989495754241943,
            1.8301713466644287
        ],
        "fixed_com": [
            0.0009191176504828036,
            0.0002010569878621027,
            8.414773446929757e-07
        ]
    },
    "specification": {
        "input": "/home/iska/amelie-ai/ThermoGFN/data/rfd3/ccd_ligands/structures/U5B.cif",
        "length": "20-400",
        "ligand": "U5B",
        "extra": {
            "example": "ligand_186_ccd_u5b",
            "task_name": "spec_ligand_186_ccd_u5b_ligand_186_ccd_u5b",
            "sampled_contig": "330",
            "num_tokens_in": 331,
            "num_residues_in": 331,
            "num_chains": 2,
            "num_atoms": 1667,
            "num_residues": 333,
            "example_id": "spec_ligand_186_ccd_u5b_ligand_186_ccd_u5b_2"
        },
        "select_fixed_atoms": {
            "U5B": "ALL"
        },
        "select_unfixed_sequence": false
    },
    "ckpt_path": "/home/iska/amelie-ai/ThermoGFN/weights/rfd3_latest.ckpt",
    "seed": null
}