{
    "diffused_index_map": {},
    "metrics": {
        "max_ca_deviation": 0.07588601112365723,
        "n_chainbreaks": 0,
        "n_clashing.interresidue_clashes_w_sidechain": 0,
        "n_clashing.interresidue_clashes_w_backbone": 0,
        "n_clashing.ligand_clashes": 0,
        "n_clashing.ligand_min_distance": 4.657500267028809,
        "non_loop_fraction": 0.6172106824925816,
        "loop_fraction": 0.3827893175074184,
        "helix_fraction": 0.4599406528189911,
        "sheet_fraction": 0.1572700296735905,
        "num_ss_elements": 21,
        "radius_of_gyration": 17.967666360649677,
        "alanine_content": 0.3353115727002967,
        "glycine_content": 0.08011869436201781,
        "num_residues": 337,
        "diffused_com": [
            -0.3479647934436798,
            0.7298105955123901,
            -0.41621845960617065
        ],
        "fixed_com": [
            0.0012478298740461469,
            -0.0010036892490461469,
            0.00035264756297692657
        ]
    },
    "specification": {
        "input": "/home/iska/amelie-ai/ThermoGFN/data/rfd3/ccd_ligands/structures/S9D.cif",
        "length": "20-400",
        "ligand": "S9D",
        "extra": {
            "example": "ligand_181_ccd_s9d",
            "task_name": "spec_ligand_181_ccd_s9d_ligand_181_ccd_s9d",
            "sampled_contig": "337",
            "num_tokens_in": 338,
            "num_residues_in": 338,
            "num_chains": 2,
            "num_atoms": 1703,
            "num_residues": 340,
            "example_id": "spec_ligand_181_ccd_s9d_ligand_181_ccd_s9d_2"
        },
        "select_fixed_atoms": {
            "S9D": "ALL"
        },
        "select_unfixed_sequence": false
    },
    "ckpt_path": "/home/iska/amelie-ai/ThermoGFN/weights/rfd3_latest.ckpt",
    "seed": null
}