{
    "diffused_index_map": {},
    "metrics": {
        "max_ca_deviation": 0.0763852596282959,
        "n_chainbreaks": 0,
        "n_clashing.interresidue_clashes_w_sidechain": 0,
        "n_clashing.interresidue_clashes_w_backbone": 0,
        "n_clashing.ligand_clashes": 0,
        "n_clashing.ligand_min_distance": 3.7231619358062744,
        "non_loop_fraction": 0.6657681940700809,
        "loop_fraction": 0.33423180592991913,
        "helix_fraction": 0.5121293800539084,
        "sheet_fraction": 0.15363881401617252,
        "num_ss_elements": 24,
        "radius_of_gyration": 18.58780201487515,
        "alanine_content": 0.31805929919137466,
        "glycine_content": 0.0862533692722372,
        "num_residues": 371,
        "diffused_com": [
            -3.8858182430267334,
            2.7108101844787598,
            -1.0525474548339844
        ],
        "fixed_com": [
            0.0012478298740461469,
            -0.0010036892490461469,
            0.00035264756297692657
        ]
    },
    "specification": {
        "input": "/home/iska/amelie-ai/ThermoGFN/data/rfd3/ccd_ligands/structures/S9D.cif",
        "length": "20-400",
        "ligand": "S9D",
        "extra": {
            "example": "ligand_181_ccd_s9d",
            "task_name": "spec_ligand_181_ccd_s9d_ligand_181_ccd_s9d",
            "sampled_contig": "371",
            "num_tokens_in": 372,
            "num_residues_in": 372,
            "num_chains": 2,
            "num_atoms": 1873,
            "num_residues": 374,
            "example_id": "spec_ligand_181_ccd_s9d_ligand_181_ccd_s9d_0"
        },
        "select_fixed_atoms": {
            "S9D": "ALL"
        },
        "select_unfixed_sequence": false
    },
    "ckpt_path": "/home/iska/amelie-ai/ThermoGFN/weights/rfd3_latest.ckpt",
    "seed": null
}