{
    "diffused_index_map": {},
    "metrics": {
        "max_ca_deviation": 0.07622337341308594,
        "n_chainbreaks": 0,
        "n_clashing.interresidue_clashes_w_sidechain": 0,
        "n_clashing.interresidue_clashes_w_backbone": 0,
        "n_clashing.ligand_clashes": 0,
        "n_clashing.ligand_min_distance": 2.4396450519561768,
        "non_loop_fraction": 0.6454545454545455,
        "loop_fraction": 0.35454545454545455,
        "helix_fraction": 0.45454545454545453,
        "sheet_fraction": 0.19090909090909092,
        "num_ss_elements": 23,
        "radius_of_gyration": 19.66263724634335,
        "alanine_content": 0.24545454545454545,
        "glycine_content": 0.09393939393939393,
        "num_residues": 330,
        "diffused_com": [
            -0.8625816702842712,
            -0.8570895195007324,
            0.2882874608039856
        ],
        "fixed_com": [
            -0.0003124999930150807,
            -0.0006249999860301614,
            -0.0004922485095448792
        ]
    },
    "specification": {
        "input": "/home/iska/amelie-ai/ThermoGFN/data/rfd3/ccd_ligands/structures/Y7S.cif",
        "length": "20-400",
        "ligand": "Y7S",
        "extra": {
            "example": "ligand_528_ccd_y7s",
            "task_name": "spec_ligand_528_ccd_y7s_ligand_528_ccd_y7s",
            "sampled_contig": "330",
            "num_tokens_in": 331,
            "num_residues_in": 331,
            "num_chains": 2,
            "num_atoms": 1675,
            "num_residues": 333,
            "example_id": "spec_ligand_528_ccd_y7s_ligand_528_ccd_y7s_1"
        },
        "select_fixed_atoms": {
            "Y7S": "ALL"
        },
        "select_unfixed_sequence": false
    },
    "ckpt_path": "/home/iska/amelie-ai/ThermoGFN/weights/rfd3_latest.ckpt",
    "seed": null
}