{
    "diffused_index_map": {},
    "metrics": {
        "max_ca_deviation": 0.08166885375976562,
        "n_chainbreaks": 0,
        "n_clashing.interresidue_clashes_w_sidechain": 0,
        "n_clashing.interresidue_clashes_w_backbone": 0,
        "n_clashing.ligand_clashes": 0,
        "n_clashing.ligand_min_distance": 3.1114308834075928,
        "non_loop_fraction": 0.6411609498680738,
        "loop_fraction": 0.35883905013192613,
        "helix_fraction": 0.45118733509234826,
        "sheet_fraction": 0.18997361477572558,
        "num_ss_elements": 25,
        "radius_of_gyration": 19.034093110707573,
        "alanine_content": 0.35092348284960423,
        "glycine_content": 0.06596306068601583,
        "num_residues": 379,
        "diffused_com": [
            -0.029982663691043854,
            -2.868251323699951,
            2.6581027507781982
        ],
        "fixed_com": [
            -0.0003124999930150807,
            -0.0006249999860301614,
            -0.0004922485095448792
        ]
    },
    "specification": {
        "input": "/home/iska/amelie-ai/ThermoGFN/data/rfd3/ccd_ligands/structures/Y7S.cif",
        "length": "20-400",
        "ligand": "Y7S",
        "extra": {
            "example": "ligand_528_ccd_y7s",
            "task_name": "spec_ligand_528_ccd_y7s_ligand_528_ccd_y7s",
            "sampled_contig": "379",
            "num_tokens_in": 380,
            "num_residues_in": 380,
            "num_chains": 2,
            "num_atoms": 1920,
            "num_residues": 382,
            "example_id": "spec_ligand_528_ccd_y7s_ligand_528_ccd_y7s_0"
        },
        "select_fixed_atoms": {
            "Y7S": "ALL"
        },
        "select_unfixed_sequence": false
    },
    "ckpt_path": "/home/iska/amelie-ai/ThermoGFN/weights/rfd3_latest.ckpt",
    "seed": null
}