{
    "diffused_index_map": {},
    "metrics": {
        "max_ca_deviation": 0.1025247573852539,
        "n_chainbreaks": 0,
        "n_clashing.interresidue_clashes_w_sidechain": 0,
        "n_clashing.interresidue_clashes_w_backbone": 0,
        "n_clashing.ligand_clashes": 0,
        "n_clashing.ligand_min_distance": 3.5884644985198975,
        "non_loop_fraction": 0.6130952380952381,
        "loop_fraction": 0.3869047619047619,
        "helix_fraction": 0.4642857142857143,
        "sheet_fraction": 0.1488095238095238,
        "num_ss_elements": 17,
        "radius_of_gyration": 17.653385976373794,
        "alanine_content": 0.4226190476190476,
        "glycine_content": 0.08928571428571429,
        "num_residues": 336,
        "diffused_com": [
            2.453082323074341,
            3.6785941123962402,
            0.019506720826029778
        ],
        "fixed_com": [
            -0.0021654211450368166,
            0.0005095108645036817,
            5.307404990162468e-06
        ]
    },
    "specification": {
        "input": "/home/iska/amelie-ai/ThermoGFN/data/rfd3/ccd_ligands/structures/H6K.cif",
        "length": "20-400",
        "ligand": "H6K",
        "extra": {
            "example": "ligand_346_ccd_h6k",
            "task_name": "spec_ligand_346_ccd_h6k_ligand_346_ccd_h6k",
            "sampled_contig": "336",
            "num_tokens_in": 337,
            "num_residues_in": 337,
            "num_chains": 2,
            "num_atoms": 1703,
            "num_residues": 339,
            "example_id": "spec_ligand_346_ccd_h6k_ligand_346_ccd_h6k_2"
        },
        "select_fixed_atoms": {
            "H6K": "ALL"
        },
        "select_unfixed_sequence": false
    },
    "ckpt_path": "/home/iska/amelie-ai/ThermoGFN/weights/rfd3_latest.ckpt",
    "seed": null
}