{
    "diffused_index_map": {},
    "metrics": {
        "max_ca_deviation": 0.035516977310180664,
        "n_chainbreaks": 0,
        "n_clashing.interresidue_clashes_w_sidechain": 0,
        "n_clashing.interresidue_clashes_w_backbone": 0,
        "n_clashing.ligand_clashes": 0,
        "n_clashing.ligand_min_distance": 4.092905044555664,
        "non_loop_fraction": 0.46564885496183206,
        "loop_fraction": 0.5343511450381679,
        "helix_fraction": 0.22137404580152673,
        "sheet_fraction": 0.24427480916030533,
        "num_ss_elements": 8,
        "radius_of_gyration": 13.91064584061249,
        "alanine_content": 0.17557251908396945,
        "glycine_content": 0.05343511450381679,
        "num_residues": 131,
        "diffused_com": [
            1.3300421237945557,
            0.42549049854278564,
            1.1958198547363281
        ],
        "fixed_com": [
            -0.0021654211450368166,
            0.0005095108645036817,
            5.307404990162468e-06
        ]
    },
    "specification": {
        "input": "/home/iska/amelie-ai/ThermoGFN/data/rfd3/ccd_ligands/structures/H6K.cif",
        "length": "20-400",
        "ligand": "H6K",
        "extra": {
            "example": "ligand_346_ccd_h6k",
            "task_name": "spec_ligand_346_ccd_h6k_ligand_346_ccd_h6k",
            "sampled_contig": "131",
            "num_tokens_in": 132,
            "num_residues_in": 132,
            "num_chains": 2,
            "num_atoms": 678,
            "num_residues": 134,
            "example_id": "spec_ligand_346_ccd_h6k_ligand_346_ccd_h6k_1"
        },
        "select_fixed_atoms": {
            "H6K": "ALL"
        },
        "select_unfixed_sequence": false
    },
    "ckpt_path": "/home/iska/amelie-ai/ThermoGFN/weights/rfd3_latest.ckpt",
    "seed": null
}