{
    "diffused_index_map": {},
    "metrics": {
        "max_ca_deviation": 0.9469656944274902,
        "n_chainbreaks": 2,
        "n_clashing.interresidue_clashes_w_sidechain": 3,
        "n_clashing.interresidue_clashes_w_backbone": 0,
        "n_clashing.ligand_clashes": 0,
        "n_clashing.ligand_min_distance": 2.714155912399292,
        "non_loop_fraction": 0.7099236641221374,
        "loop_fraction": 0.2900763358778626,
        "helix_fraction": 0.5597964376590331,
        "sheet_fraction": 0.15012722646310434,
        "num_ss_elements": 28,
        "radius_of_gyration": 18.942422454279814,
        "alanine_content": 0.3256997455470738,
        "glycine_content": 0.07633587786259542,
        "num_residues": 393,
        "diffused_com": [
            1.2232297658920288,
            -0.539189875125885,
            -1.6793591976165771
        ],
        "fixed_com": [
            0.0011449353769421577,
            0.00023993130889721215,
            -0.000513537204824388
        ]
    },
    "specification": {
        "input": "/home/iska/amelie-ai/ThermoGFN/data/rfd3/ccd_ligands/structures/6CI.cif",
        "length": "20-400",
        "ligand": "6CI",
        "extra": {
            "example": "ligand_559_ccd_6ci",
            "task_name": "spec_ligand_559_ccd_6ci_ligand_559_ccd_6ci",
            "sampled_contig": "393",
            "num_tokens_in": 394,
            "num_residues_in": 394,
            "num_chains": 2,
            "num_atoms": 1994,
            "num_residues": 396,
            "example_id": "spec_ligand_559_ccd_6ci_ligand_559_ccd_6ci_0"
        },
        "select_fixed_atoms": {
            "6CI": "ALL"
        },
        "select_unfixed_sequence": false
    },
    "ckpt_path": "/home/iska/amelie-ai/ThermoGFN/weights/rfd3_latest.ckpt",
    "seed": null
}