{
    "diffused_index_map": {},
    "metrics": {
        "max_ca_deviation": 0.09750199317932129,
        "n_chainbreaks": 0,
        "n_clashing.interresidue_clashes_w_sidechain": 0,
        "n_clashing.interresidue_clashes_w_backbone": 0,
        "n_clashing.ligand_clashes": 0,
        "n_clashing.ligand_min_distance": 3.318247079849243,
        "non_loop_fraction": 0.6391752577319588,
        "loop_fraction": 0.36082474226804123,
        "helix_fraction": 0.5223367697594502,
        "sheet_fraction": 0.11683848797250859,
        "num_ss_elements": 15,
        "radius_of_gyration": 17.656742876985614,
        "alanine_content": 0.4054982817869416,
        "glycine_content": 0.09278350515463918,
        "num_residues": 291,
        "diffused_com": [
            -2.1844100952148438,
            3.5271034240722656,
            -2.731093406677246
        ],
        "fixed_com": [
            0.0011449353769421577,
            0.00023993130889721215,
            -0.000513537204824388
        ]
    },
    "specification": {
        "input": "/home/iska/amelie-ai/ThermoGFN/data/rfd3/ccd_ligands/structures/6CI.cif",
        "length": "20-400",
        "ligand": "6CI",
        "extra": {
            "example": "ligand_559_ccd_6ci",
            "task_name": "spec_ligand_559_ccd_6ci_ligand_559_ccd_6ci",
            "sampled_contig": "291",
            "num_tokens_in": 292,
            "num_residues_in": 292,
            "num_chains": 2,
            "num_atoms": 1484,
            "num_residues": 294,
            "example_id": "spec_ligand_559_ccd_6ci_ligand_559_ccd_6ci_1"
        },
        "select_fixed_atoms": {
            "6CI": "ALL"
        },
        "select_unfixed_sequence": false
    },
    "ckpt_path": "/home/iska/amelie-ai/ThermoGFN/weights/rfd3_latest.ckpt",
    "seed": null
}