{
    "diffused_index_map": {},
    "metrics": {
        "max_ca_deviation": 0.09602713584899902,
        "n_chainbreaks": 0,
        "n_clashing.interresidue_clashes_w_sidechain": 0,
        "n_clashing.interresidue_clashes_w_backbone": 0,
        "n_clashing.ligand_clashes": 0,
        "n_clashing.ligand_min_distance": 3.4323787689208984,
        "non_loop_fraction": 0.8076923076923077,
        "loop_fraction": 0.19230769230769232,
        "helix_fraction": 0.7937062937062938,
        "sheet_fraction": 0.013986013986013986,
        "num_ss_elements": 13,
        "radius_of_gyration": 17.7696509569841,
        "alanine_content": 0.34615384615384615,
        "glycine_content": 0.04895104895104895,
        "num_residues": 286,
        "diffused_com": [
            0.30292531847953796,
            -1.0005630254745483,
            -2.6813673973083496
        ],
        "fixed_com": [
            0.0006122589111328125,
            -0.0006658380734734237,
            6.65838088025339e-05
        ]
    },
    "specification": {
        "input": "/home/iska/amelie-ai/ThermoGFN/data/rfd3/ccd_ligands/structures/89C.cif",
        "length": "20-400",
        "ligand": "89C",
        "extra": {
            "example": "ligand_324_ccd_89c",
            "task_name": "spec_ligand_324_ccd_89c_ligand_324_ccd_89c",
            "sampled_contig": "286",
            "num_tokens_in": 287,
            "num_residues_in": 287,
            "num_chains": 2,
            "num_atoms": 1452,
            "num_residues": 289,
            "example_id": "spec_ligand_324_ccd_89c_ligand_324_ccd_89c_0"
        },
        "select_fixed_atoms": {
            "89C": "ALL"
        },
        "select_unfixed_sequence": false
    },
    "ckpt_path": "/home/iska/amelie-ai/ThermoGFN/weights/rfd3_latest.ckpt",
    "seed": null
}