{
    "diffused_index_map": {},
    "metrics": {
        "max_ca_deviation": 0.8883066177368164,
        "n_chainbreaks": 1,
        "n_clashing.interresidue_clashes_w_sidechain": 1,
        "n_clashing.interresidue_clashes_w_backbone": 0,
        "n_clashing.ligand_clashes": 0,
        "n_clashing.ligand_min_distance": 2.917388439178467,
        "non_loop_fraction": 0.5836065573770493,
        "loop_fraction": 0.4163934426229508,
        "helix_fraction": 0.4491803278688525,
        "sheet_fraction": 0.13442622950819672,
        "num_ss_elements": 18,
        "radius_of_gyration": 17.41557028956943,
        "alanine_content": 0.36721311475409835,
        "glycine_content": 0.07213114754098361,
        "num_residues": 305,
        "diffused_com": [
            -3.7187604904174805,
            -0.3575173616409302,
            2.3943612575531006
        ],
        "fixed_com": [
            0.0006122589111328125,
            -0.0006658380734734237,
            6.65838088025339e-05
        ]
    },
    "specification": {
        "input": "/home/iska/amelie-ai/ThermoGFN/data/rfd3/ccd_ligands/structures/89C.cif",
        "length": "20-400",
        "ligand": "89C",
        "extra": {
            "example": "ligand_324_ccd_89c",
            "task_name": "spec_ligand_324_ccd_89c_ligand_324_ccd_89c",
            "sampled_contig": "305",
            "num_tokens_in": 306,
            "num_residues_in": 306,
            "num_chains": 2,
            "num_atoms": 1547,
            "num_residues": 308,
            "example_id": "spec_ligand_324_ccd_89c_ligand_324_ccd_89c_1"
        },
        "select_fixed_atoms": {
            "89C": "ALL"
        },
        "select_unfixed_sequence": false
    },
    "ckpt_path": "/home/iska/amelie-ai/ThermoGFN/weights/rfd3_latest.ckpt",
    "seed": null
}