{
    "diffused_index_map": {},
    "metrics": {
        "max_ca_deviation": 0.09438037872314453,
        "n_chainbreaks": 0,
        "n_clashing.interresidue_clashes_w_sidechain": 0,
        "n_clashing.interresidue_clashes_w_backbone": 0,
        "n_clashing.ligand_clashes": 0,
        "n_clashing.ligand_min_distance": 3.3510923385620117,
        "non_loop_fraction": 0.7047619047619048,
        "loop_fraction": 0.29523809523809524,
        "helix_fraction": 0.5857142857142857,
        "sheet_fraction": 0.11904761904761904,
        "num_ss_elements": 12,
        "radius_of_gyration": 15.893162113237693,
        "alanine_content": 0.21904761904761905,
        "glycine_content": 0.02857142857142857,
        "num_residues": 210,
        "diffused_com": [
            0.7312060594558716,
            2.4138362407684326,
            0.9850708246231079
        ],
        "fixed_com": [
            -0.0005859375232830644,
            0.00048828125,
            -9.765625145519152e-05
        ]
    },
    "specification": {
        "input": "/home/iska/amelie-ai/ThermoGFN/data/rfd3/ccd_ligands/structures/32V.cif",
        "length": "20-400",
        "ligand": "32V",
        "extra": {
            "example": "ligand_298_ccd_32v",
            "task_name": "spec_ligand_298_ccd_32v_ligand_298_ccd_32v",
            "sampled_contig": "210",
            "num_tokens_in": 211,
            "num_residues_in": 211,
            "num_chains": 2,
            "num_atoms": 1070,
            "num_residues": 213,
            "example_id": "spec_ligand_298_ccd_32v_ligand_298_ccd_32v_1"
        },
        "select_fixed_atoms": {
            "32V": "ALL"
        },
        "select_unfixed_sequence": false
    },
    "ckpt_path": "/home/iska/amelie-ai/ThermoGFN/weights/rfd3_latest.ckpt",
    "seed": null
}