{
    "diffused_index_map": {},
    "metrics": {
        "max_ca_deviation": 0.9563324451446533,
        "n_chainbreaks": 1,
        "n_clashing.interresidue_clashes_w_sidechain": 1,
        "n_clashing.interresidue_clashes_w_backbone": 0,
        "n_clashing.ligand_clashes": 0,
        "n_clashing.ligand_min_distance": 3.5437123775482178,
        "non_loop_fraction": 0.5501519756838906,
        "loop_fraction": 0.44984802431610943,
        "helix_fraction": 0.3829787234042553,
        "sheet_fraction": 0.16717325227963525,
        "num_ss_elements": 17,
        "radius_of_gyration": 18.453862241834024,
        "alanine_content": 0.26443768996960487,
        "glycine_content": 0.07598784194528875,
        "num_residues": 329,
        "diffused_com": [
            3.808765411376953,
            -1.2468308210372925,
            -6.631650924682617
        ],
        "fixed_com": [
            -0.0005859375232830644,
            0.00048828125,
            -9.765625145519152e-05
        ]
    },
    "specification": {
        "input": "/home/iska/amelie-ai/ThermoGFN/data/rfd3/ccd_ligands/structures/32V.cif",
        "length": "20-400",
        "ligand": "32V",
        "extra": {
            "example": "ligand_298_ccd_32v",
            "task_name": "spec_ligand_298_ccd_32v_ligand_298_ccd_32v",
            "sampled_contig": "329",
            "num_tokens_in": 330,
            "num_residues_in": 330,
            "num_chains": 2,
            "num_atoms": 1665,
            "num_residues": 332,
            "example_id": "spec_ligand_298_ccd_32v_ligand_298_ccd_32v_0"
        },
        "select_fixed_atoms": {
            "32V": "ALL"
        },
        "select_unfixed_sequence": false
    },
    "ckpt_path": "/home/iska/amelie-ai/ThermoGFN/weights/rfd3_latest.ckpt",
    "seed": null
}