{
    "diffused_index_map": {},
    "metrics": {
        "max_ca_deviation": 0.0745534896850586,
        "n_chainbreaks": 0,
        "n_clashing.interresidue_clashes_w_sidechain": 0,
        "n_clashing.interresidue_clashes_w_backbone": 0,
        "n_clashing.ligand_clashes": 0,
        "n_clashing.ligand_min_distance": 3.3872873783111572,
        "non_loop_fraction": 0.6705882352941176,
        "loop_fraction": 0.32941176470588235,
        "helix_fraction": 0.6058823529411764,
        "sheet_fraction": 0.06470588235294118,
        "num_ss_elements": 9,
        "radius_of_gyration": 15.041268008395381,
        "alanine_content": 0.3058823529411765,
        "glycine_content": 0.029411764705882353,
        "num_residues": 170,
        "diffused_com": [
            -1.3252768516540527,
            -1.7294763326644897,
            -0.3798941969871521
        ],
        "fixed_com": [
            -0.00048828125,
            0.00025390624068677425,
            0.0001287841732846573
        ]
    },
    "specification": {
        "input": "/home/iska/amelie-ai/ThermoGFN/data/rfd3/ccd_ligands/structures/3U9.cif",
        "length": "20-400",
        "ligand": "3U9",
        "extra": {
            "example": "ligand_449_ccd_3u9",
            "task_name": "spec_ligand_449_ccd_3u9_ligand_449_ccd_3u9",
            "sampled_contig": "170",
            "num_tokens_in": 171,
            "num_residues_in": 171,
            "num_chains": 2,
            "num_atoms": 875,
            "num_residues": 173,
            "example_id": "spec_ligand_449_ccd_3u9_ligand_449_ccd_3u9_2"
        },
        "select_fixed_atoms": {
            "3U9": "ALL"
        },
        "select_unfixed_sequence": false
    },
    "ckpt_path": "/home/iska/amelie-ai/ThermoGFN/weights/rfd3_latest.ckpt",
    "seed": null
}