{
    "diffused_index_map": {},
    "metrics": {
        "max_ca_deviation": 0.08213686943054199,
        "n_chainbreaks": 0,
        "n_clashing.interresidue_clashes_w_sidechain": 0,
        "n_clashing.interresidue_clashes_w_backbone": 0,
        "n_clashing.ligand_clashes": 0,
        "n_clashing.ligand_min_distance": 3.7514913082122803,
        "non_loop_fraction": 0.696969696969697,
        "loop_fraction": 0.30303030303030304,
        "helix_fraction": 0.24848484848484848,
        "sheet_fraction": 0.4484848484848485,
        "num_ss_elements": 12,
        "radius_of_gyration": 14.997035034114736,
        "alanine_content": 0.16363636363636364,
        "glycine_content": 0.05454545454545454,
        "num_residues": 165,
        "diffused_com": [
            0.09003932029008865,
            -1.0602126121520996,
            1.6489620208740234
        ],
        "fixed_com": [
            -0.00048828125,
            0.00025390624068677425,
            0.0001287841732846573
        ]
    },
    "specification": {
        "input": "/home/iska/amelie-ai/ThermoGFN/data/rfd3/ccd_ligands/structures/3U9.cif",
        "length": "20-400",
        "ligand": "3U9",
        "extra": {
            "example": "ligand_449_ccd_3u9",
            "task_name": "spec_ligand_449_ccd_3u9_ligand_449_ccd_3u9",
            "sampled_contig": "165",
            "num_tokens_in": 166,
            "num_residues_in": 166,
            "num_chains": 2,
            "num_atoms": 850,
            "num_residues": 168,
            "example_id": "spec_ligand_449_ccd_3u9_ligand_449_ccd_3u9_0"
        },
        "select_fixed_atoms": {
            "3U9": "ALL"
        },
        "select_unfixed_sequence": false
    },
    "ckpt_path": "/home/iska/amelie-ai/ThermoGFN/weights/rfd3_latest.ckpt",
    "seed": null
}