{
    "diffused_index_map": {},
    "metrics": {
        "max_ca_deviation": 0.06071949005126953,
        "n_chainbreaks": 0,
        "n_clashing.interresidue_clashes_w_sidechain": 0,
        "n_clashing.interresidue_clashes_w_backbone": 0,
        "n_clashing.ligand_clashes": 0,
        "n_clashing.ligand_min_distance": 4.152719020843506,
        "non_loop_fraction": 0.6776315789473684,
        "loop_fraction": 0.3223684210526316,
        "helix_fraction": 0.506578947368421,
        "sheet_fraction": 0.17105263157894737,
        "num_ss_elements": 9,
        "radius_of_gyration": 14.853349475505329,
        "alanine_content": 0.23026315789473684,
        "glycine_content": 0.05263157894736842,
        "num_residues": 152,
        "diffused_com": [
            1.2725909948349,
            2.415147304534912,
            -0.7657331824302673
        ],
        "fixed_com": [
            -0.00048828125,
            0.00025390624068677425,
            0.0001287841732846573
        ]
    },
    "specification": {
        "input": "/home/iska/amelie-ai/ThermoGFN/data/rfd3/ccd_ligands/structures/3U9.cif",
        "length": "20-400",
        "ligand": "3U9",
        "extra": {
            "example": "ligand_449_ccd_3u9",
            "task_name": "spec_ligand_449_ccd_3u9_ligand_449_ccd_3u9",
            "sampled_contig": "152",
            "num_tokens_in": 153,
            "num_residues_in": 153,
            "num_chains": 2,
            "num_atoms": 785,
            "num_residues": 155,
            "example_id": "spec_ligand_449_ccd_3u9_ligand_449_ccd_3u9_1"
        },
        "select_fixed_atoms": {
            "3U9": "ALL"
        },
        "select_unfixed_sequence": false
    },
    "ckpt_path": "/home/iska/amelie-ai/ThermoGFN/weights/rfd3_latest.ckpt",
    "seed": null
}