{
    "diffused_index_map": {},
    "metrics": {
        "max_ca_deviation": 0.08652257919311523,
        "n_chainbreaks": 0,
        "n_clashing.interresidue_clashes_w_sidechain": 1,
        "n_clashing.interresidue_clashes_w_backbone": 0,
        "n_clashing.ligand_clashes": 0,
        "n_clashing.ligand_min_distance": 3.352602005004883,
        "non_loop_fraction": 0.7088122605363985,
        "loop_fraction": 0.29118773946360155,
        "helix_fraction": 0.4942528735632184,
        "sheet_fraction": 0.21455938697318008,
        "num_ss_elements": 17,
        "radius_of_gyration": 16.88371239209028,
        "alanine_content": 0.27586206896551724,
        "glycine_content": 0.07662835249042145,
        "num_residues": 261,
        "diffused_com": [
            1.8520668745040894,
            1.338159203529358,
            3.324908494949341
        ],
        "fixed_com": [
            0.0014292398700490594,
            0.0006573994760401547,
            -7.94728578057402e-07
        ]
    },
    "specification": {
        "input": "/home/iska/amelie-ai/ThermoGFN/data/rfd3/ccd_ligands/structures/36Y.cif",
        "length": "20-400",
        "ligand": "36Y",
        "extra": {
            "example": "ligand_131_ccd_36y",
            "task_name": "spec_ligand_131_ccd_36y_ligand_131_ccd_36y",
            "sampled_contig": "261",
            "num_tokens_in": 262,
            "num_residues_in": 262,
            "num_chains": 2,
            "num_atoms": 1317,
            "num_residues": 264,
            "example_id": "spec_ligand_131_ccd_36y_ligand_131_ccd_36y_2"
        },
        "select_fixed_atoms": {
            "36Y": "ALL"
        },
        "select_unfixed_sequence": false
    },
    "ckpt_path": "/home/iska/amelie-ai/ThermoGFN/weights/rfd3_latest.ckpt",
    "seed": null
}