{
    "diffused_index_map": {},
    "metrics": {
        "max_ca_deviation": 0.05240058898925781,
        "n_chainbreaks": 0,
        "n_clashing.interresidue_clashes_w_sidechain": 0,
        "n_clashing.interresidue_clashes_w_backbone": 0,
        "n_clashing.ligand_clashes": 0,
        "n_clashing.ligand_min_distance": 5.090730667114258,
        "non_loop_fraction": 0.6056338028169014,
        "loop_fraction": 0.39436619718309857,
        "helix_fraction": 0.09154929577464789,
        "sheet_fraction": 0.5140845070422535,
        "num_ss_elements": 10,
        "radius_of_gyration": 14.533723102537573,
        "alanine_content": 0.1056338028169014,
        "glycine_content": 0.04929577464788732,
        "num_residues": 142,
        "diffused_com": [
            0.7609780430793762,
            -0.8343872427940369,
            -0.1576395481824875
        ],
        "fixed_com": [
            0.0014292398700490594,
            0.0006573994760401547,
            -7.94728578057402e-07
        ]
    },
    "specification": {
        "input": "/home/iska/amelie-ai/ThermoGFN/data/rfd3/ccd_ligands/structures/36Y.cif",
        "length": "20-400",
        "ligand": "36Y",
        "extra": {
            "example": "ligand_131_ccd_36y",
            "task_name": "spec_ligand_131_ccd_36y_ligand_131_ccd_36y",
            "sampled_contig": "142",
            "num_tokens_in": 143,
            "num_residues_in": 143,
            "num_chains": 2,
            "num_atoms": 722,
            "num_residues": 145,
            "example_id": "spec_ligand_131_ccd_36y_ligand_131_ccd_36y_1"
        },
        "select_fixed_atoms": {
            "36Y": "ALL"
        },
        "select_unfixed_sequence": false
    },
    "ckpt_path": "/home/iska/amelie-ai/ThermoGFN/weights/rfd3_latest.ckpt",
    "seed": null
}