{
    "diffused_index_map": {},
    "metrics": {
        "max_ca_deviation": 0.08487272262573242,
        "n_chainbreaks": 0,
        "n_clashing.interresidue_clashes_w_sidechain": 0,
        "n_clashing.interresidue_clashes_w_backbone": 0,
        "n_clashing.ligand_clashes": 0,
        "n_clashing.ligand_min_distance": 2.911342144012451,
        "non_loop_fraction": 0.5868544600938967,
        "loop_fraction": 0.4131455399061033,
        "helix_fraction": 0.4131455399061033,
        "sheet_fraction": 0.17370892018779344,
        "num_ss_elements": 14,
        "radius_of_gyration": 15.810508750953321,
        "alanine_content": 0.18779342723004694,
        "glycine_content": 0.056338028169014086,
        "num_residues": 213,
        "diffused_com": [
            4.6469316482543945,
            4.722797870635986,
            3.4166693687438965
        ],
        "fixed_com": [
            -0.000244140625,
            0.00016276042151730508,
            5.086263172415784e-06
        ]
    },
    "specification": {
        "input": "/home/iska/amelie-ai/ThermoGFN/data/rfd3/ccd_ligands/structures/42C.cif",
        "length": "20-400",
        "ligand": "42C",
        "extra": {
            "example": "ligand_010_ccd_42c",
            "task_name": "spec_ligand_010_ccd_42c_ligand_010_ccd_42c",
            "sampled_contig": "213",
            "num_tokens_in": 214,
            "num_residues_in": 214,
            "num_chains": 2,
            "num_atoms": 1077,
            "num_residues": 216,
            "example_id": "spec_ligand_010_ccd_42c_ligand_010_ccd_42c_1"
        },
        "select_fixed_atoms": {
            "42C": "ALL"
        },
        "select_unfixed_sequence": false
    },
    "ckpt_path": "/home/iska/amelie-ai/ThermoGFN/weights/rfd3_latest.ckpt",
    "seed": null
}