{
    "diffused_index_map": {},
    "metrics": {
        "max_ca_deviation": 0.08519744873046875,
        "n_chainbreaks": 0,
        "n_clashing.interresidue_clashes_w_sidechain": 0,
        "n_clashing.interresidue_clashes_w_backbone": 0,
        "n_clashing.ligand_clashes": 0,
        "n_clashing.ligand_min_distance": 3.308558940887451,
        "non_loop_fraction": 0.6718266253869969,
        "loop_fraction": 0.3281733746130031,
        "helix_fraction": 0.47987616099071206,
        "sheet_fraction": 0.19195046439628483,
        "num_ss_elements": 22,
        "radius_of_gyration": 17.9331086580139,
        "alanine_content": 0.34674922600619196,
        "glycine_content": 0.0804953560371517,
        "num_residues": 323,
        "diffused_com": [
            -0.22191676497459412,
            1.8050369024276733,
            -2.578178882598877
        ],
        "fixed_com": [
            0.00035644532181322575,
            -0.00019531250291038305,
            0.00015624999650754035
        ]
    },
    "specification": {
        "input": "/home/iska/amelie-ai/ThermoGFN/data/rfd3/ccd_ligands/structures/B0O.cif",
        "length": "20-400",
        "ligand": "B0O",
        "extra": {
            "example": "ligand_420_ccd_b0o",
            "task_name": "spec_ligand_420_ccd_b0o_ligand_420_ccd_b0o",
            "sampled_contig": "323",
            "num_tokens_in": 324,
            "num_residues_in": 324,
            "num_chains": 2,
            "num_atoms": 1640,
            "num_residues": 326,
            "example_id": "spec_ligand_420_ccd_b0o_ligand_420_ccd_b0o_0"
        },
        "select_fixed_atoms": {
            "B0O": "ALL"
        },
        "select_unfixed_sequence": false
    },
    "ckpt_path": "/home/iska/amelie-ai/ThermoGFN/weights/rfd3_latest.ckpt",
    "seed": null
}