{
    "diffused_index_map": {},
    "metrics": {
        "max_ca_deviation": 0.09800338745117188,
        "n_chainbreaks": 0,
        "n_clashing.interresidue_clashes_w_sidechain": 0,
        "n_clashing.interresidue_clashes_w_backbone": 0,
        "n_clashing.ligand_clashes": 0,
        "n_clashing.ligand_min_distance": 3.255246639251709,
        "non_loop_fraction": 0.6491935483870968,
        "loop_fraction": 0.35080645161290325,
        "helix_fraction": 0.49193548387096775,
        "sheet_fraction": 0.15725806451612903,
        "num_ss_elements": 15,
        "radius_of_gyration": 16.136554809248995,
        "alanine_content": 0.3467741935483871,
        "glycine_content": 0.07661290322580645,
        "num_residues": 248,
        "diffused_com": [
            5.309266090393066,
            -1.2271360158920288,
            -4.522662162780762
        ],
        "fixed_com": [
            -0.00016276042151730508,
            0.00032552084303461015,
            0.00022379557776730508
        ]
    },
    "specification": {
        "input": "/home/iska/amelie-ai/ThermoGFN/data/rfd3/ccd_ligands/structures/5QY.cif",
        "length": "20-400",
        "ligand": "5QY",
        "extra": {
            "example": "ligand_008_ccd_5qy",
            "task_name": "spec_ligand_008_ccd_5qy_ligand_008_ccd_5qy",
            "sampled_contig": "248",
            "num_tokens_in": 249,
            "num_residues_in": 249,
            "num_chains": 2,
            "num_atoms": 1252,
            "num_residues": 251,
            "example_id": "spec_ligand_008_ccd_5qy_ligand_008_ccd_5qy_0"
        },
        "select_fixed_atoms": {
            "5QY": "ALL"
        },
        "select_unfixed_sequence": false
    },
    "ckpt_path": "/home/iska/amelie-ai/ThermoGFN/weights/rfd3_latest.ckpt",
    "seed": null
}