{
    "diffused_index_map": {},
    "metrics": {
        "max_ca_deviation": 0.11221551895141602,
        "n_chainbreaks": 0,
        "n_clashing.interresidue_clashes_w_sidechain": 2,
        "n_clashing.interresidue_clashes_w_backbone": 0,
        "n_clashing.ligand_clashes": 0,
        "n_clashing.ligand_min_distance": 3.5946881771087646,
        "non_loop_fraction": 0.6098265895953757,
        "loop_fraction": 0.3901734104046243,
        "helix_fraction": 0.4595375722543353,
        "sheet_fraction": 0.15028901734104047,
        "num_ss_elements": 22,
        "radius_of_gyration": 19.87618565851727,
        "alanine_content": 0.30346820809248554,
        "glycine_content": 0.05202312138728324,
        "num_residues": 346,
        "diffused_com": [
            0.3291172385215759,
            -0.1814129501581192,
            -3.058410406112671
        ],
        "fixed_com": [
            -0.00016276042151730508,
            0.00032552084303461015,
            0.00022379557776730508
        ]
    },
    "specification": {
        "input": "/home/iska/amelie-ai/ThermoGFN/data/rfd3/ccd_ligands/structures/5QY.cif",
        "length": "20-400",
        "ligand": "5QY",
        "extra": {
            "example": "ligand_008_ccd_5qy",
            "task_name": "spec_ligand_008_ccd_5qy_ligand_008_ccd_5qy",
            "sampled_contig": "346",
            "num_tokens_in": 347,
            "num_residues_in": 347,
            "num_chains": 2,
            "num_atoms": 1742,
            "num_residues": 349,
            "example_id": "spec_ligand_008_ccd_5qy_ligand_008_ccd_5qy_2"
        },
        "select_fixed_atoms": {
            "5QY": "ALL"
        },
        "select_unfixed_sequence": false
    },
    "ckpt_path": "/home/iska/amelie-ai/ThermoGFN/weights/rfd3_latest.ckpt",
    "seed": null
}