{
    "diffused_index_map": {},
    "metrics": {
        "max_ca_deviation": 0.0874629020690918,
        "n_chainbreaks": 0,
        "n_clashing.interresidue_clashes_w_sidechain": 0,
        "n_clashing.interresidue_clashes_w_backbone": 0,
        "n_clashing.ligand_clashes": 0,
        "n_clashing.ligand_min_distance": 3.4842734336853027,
        "non_loop_fraction": 0.6064814814814814,
        "loop_fraction": 0.39351851851851855,
        "helix_fraction": 0.38425925925925924,
        "sheet_fraction": 0.2222222222222222,
        "num_ss_elements": 13,
        "radius_of_gyration": 15.896775832694589,
        "alanine_content": 0.19444444444444445,
        "glycine_content": 0.05555555555555555,
        "num_residues": 216,
        "diffused_com": [
            -0.9030166864395142,
            2.457244396209717,
            3.4058563709259033
        ],
        "fixed_com": [
            -0.00015113467816263437,
            0.00042143321479670703,
            0.00027901786961592734
        ]
    },
    "specification": {
        "input": "/home/iska/amelie-ai/ThermoGFN/data/rfd3/ccd_ligands/structures/8WX.cif",
        "length": "20-400",
        "ligand": "8WX",
        "extra": {
            "example": "ligand_270_ccd_8wx",
            "task_name": "spec_ligand_270_ccd_8wx_ligand_270_ccd_8wx",
            "sampled_contig": "216",
            "num_tokens_in": 217,
            "num_residues_in": 217,
            "num_chains": 2,
            "num_atoms": 1101,
            "num_residues": 219,
            "example_id": "spec_ligand_270_ccd_8wx_ligand_270_ccd_8wx_2"
        },
        "select_fixed_atoms": {
            "8WX": "ALL"
        },
        "select_unfixed_sequence": false
    },
    "ckpt_path": "/home/iska/amelie-ai/ThermoGFN/weights/rfd3_latest.ckpt",
    "seed": null
}