{
    "diffused_index_map": {},
    "metrics": {
        "max_ca_deviation": 0.08050084114074707,
        "n_chainbreaks": 0,
        "n_clashing.interresidue_clashes_w_sidechain": 1,
        "n_clashing.interresidue_clashes_w_backbone": 0,
        "n_clashing.ligand_clashes": 0,
        "n_clashing.ligand_min_distance": 3.737729072570801,
        "non_loop_fraction": 0.6122448979591837,
        "loop_fraction": 0.3877551020408163,
        "helix_fraction": 0.37317784256559766,
        "sheet_fraction": 0.239067055393586,
        "num_ss_elements": 23,
        "radius_of_gyration": 19.517431108106077,
        "alanine_content": 0.22448979591836735,
        "glycine_content": 0.0641399416909621,
        "num_residues": 343,
        "diffused_com": [
            2.8639702796936035,
            2.691190242767334,
            -2.4448447227478027
        ],
        "fixed_com": [
            -0.00015113467816263437,
            0.00042143321479670703,
            0.00027901786961592734
        ]
    },
    "specification": {
        "input": "/home/iska/amelie-ai/ThermoGFN/data/rfd3/ccd_ligands/structures/8WX.cif",
        "length": "20-400",
        "ligand": "8WX",
        "extra": {
            "example": "ligand_270_ccd_8wx",
            "task_name": "spec_ligand_270_ccd_8wx_ligand_270_ccd_8wx",
            "sampled_contig": "343",
            "num_tokens_in": 344,
            "num_residues_in": 344,
            "num_chains": 2,
            "num_atoms": 1736,
            "num_residues": 346,
            "example_id": "spec_ligand_270_ccd_8wx_ligand_270_ccd_8wx_1"
        },
        "select_fixed_atoms": {
            "8WX": "ALL"
        },
        "select_unfixed_sequence": false
    },
    "ckpt_path": "/home/iska/amelie-ai/ThermoGFN/weights/rfd3_latest.ckpt",
    "seed": null
}