{
  "round_id": 0,
  "steps": 15000,
  "student_k_probs": {
    "0": 0.28,
    "1": 0.22400000000000003,
    "2": 0.256,
    "3": 0.144,
    "4": 0.096
  },
  "teacher_student_kl": 0.09786725446417871
}