{
    "diffused_index_map": {},
    "metrics": {
        "max_ca_deviation": 0.07315468788146973,
        "n_chainbreaks": 0,
        "n_clashing.interresidue_clashes_w_sidechain": 0,
        "n_clashing.interresidue_clashes_w_backbone": 0,
        "n_clashing.ligand_clashes": 0,
        "n_clashing.ligand_min_distance": 5.350296974182129,
        "non_loop_fraction": 0.6453488372093024,
        "loop_fraction": 0.3546511627906977,
        "helix_fraction": 0.2558139534883721,
        "sheet_fraction": 0.38953488372093026,
        "num_ss_elements": 13,
        "radius_of_gyration": 14.919106674227157,
        "alanine_content": 0.21511627906976744,
        "glycine_content": 0.05813953488372093,
        "num_residues": 172,
        "diffused_com": [
            1.0754811763763428,
            -0.29184460639953613,
            -0.3773622214794159
        ],
        "fixed_com": [
            0.00018310546875,
            -0.0014241536846384406,
            -0.000270843505859375
        ]
    },
    "specification": {
        "input": "/home/iska/amelie-ai/ThermoGFN/data/rfd3/ccd_ligands/structures/5G4.cif",
        "length": "20-400",
        "ligand": "5G4",
        "extra": {
            "example": "ligand_381_ccd_5g4",
            "task_name": "spec_ligand_381_ccd_5g4_ligand_381_ccd_5g4",
            "sampled_contig": "172",
            "num_tokens_in": 173,
            "num_residues_in": 173,
            "num_chains": 2,
            "num_atoms": 884,
            "num_residues": 175,
            "example_id": "spec_ligand_381_ccd_5g4_ligand_381_ccd_5g4_2"
        },
        "select_fixed_atoms": {
            "5G4": "ALL"
        },
        "select_unfixed_sequence": false
    },
    "ckpt_path": "/home/iska/amelie-ai/ThermoGFN/weights/rfd3_latest.ckpt",
    "seed": null
}