{
    "diffused_index_map": {},
    "metrics": {
        "max_ca_deviation": 0.08072972297668457,
        "n_chainbreaks": 0,
        "n_clashing.interresidue_clashes_w_sidechain": 0,
        "n_clashing.interresidue_clashes_w_backbone": 0,
        "n_clashing.ligand_clashes": 0,
        "n_clashing.ligand_min_distance": 2.899299383163452,
        "non_loop_fraction": 0.6927899686520376,
        "loop_fraction": 0.3072100313479624,
        "helix_fraction": 0.5266457680250783,
        "sheet_fraction": 0.16614420062695925,
        "num_ss_elements": 20,
        "radius_of_gyration": 17.473240874720222,
        "alanine_content": 0.329153605015674,
        "glycine_content": 0.07523510971786834,
        "num_residues": 319,
        "diffused_com": [
            1.5628702640533447,
            0.6293702721595764,
            -1.659095287322998
        ],
        "fixed_com": [
            0.00018310546875,
            -0.0014241536846384406,
            -0.000270843505859375
        ]
    },
    "specification": {
        "input": "/home/iska/amelie-ai/ThermoGFN/data/rfd3/ccd_ligands/structures/5G4.cif",
        "length": "20-400",
        "ligand": "5G4",
        "extra": {
            "example": "ligand_381_ccd_5g4",
            "task_name": "spec_ligand_381_ccd_5g4_ligand_381_ccd_5g4",
            "sampled_contig": "319",
            "num_tokens_in": 320,
            "num_residues_in": 320,
            "num_chains": 2,
            "num_atoms": 1619,
            "num_residues": 322,
            "example_id": "spec_ligand_381_ccd_5g4_ligand_381_ccd_5g4_1"
        },
        "select_fixed_atoms": {
            "5G4": "ALL"
        },
        "select_unfixed_sequence": false
    },
    "ckpt_path": "/home/iska/amelie-ai/ThermoGFN/weights/rfd3_latest.ckpt",
    "seed": null
}