{
    "diffused_index_map": {},
    "metrics": {
        "max_ca_deviation": 0.07716512680053711,
        "n_chainbreaks": 0,
        "n_clashing.interresidue_clashes_w_sidechain": 0,
        "n_clashing.interresidue_clashes_w_backbone": 0,
        "n_clashing.ligand_clashes": 0,
        "n_clashing.ligand_min_distance": 3.1058497428894043,
        "non_loop_fraction": 0.6502057613168725,
        "loop_fraction": 0.3497942386831276,
        "helix_fraction": 0.5020576131687243,
        "sheet_fraction": 0.14814814814814814,
        "num_ss_elements": 14,
        "radius_of_gyration": 16.293071685681902,
        "alanine_content": 0.29218106995884774,
        "glycine_content": 0.0823045267489712,
        "num_residues": 243,
        "diffused_com": [
            -1.8835668563842773,
            -0.2559497058391571,
            0.8138466477394104
        ],
        "fixed_com": [
            0.00018310546875,
            -0.0014241536846384406,
            -0.000270843505859375
        ]
    },
    "specification": {
        "input": "/home/iska/amelie-ai/ThermoGFN/data/rfd3/ccd_ligands/structures/5G4.cif",
        "length": "20-400",
        "ligand": "5G4",
        "extra": {
            "example": "ligand_381_ccd_5g4",
            "task_name": "spec_ligand_381_ccd_5g4_ligand_381_ccd_5g4",
            "sampled_contig": "243",
            "num_tokens_in": 244,
            "num_residues_in": 244,
            "num_chains": 2,
            "num_atoms": 1239,
            "num_residues": 246,
            "example_id": "spec_ligand_381_ccd_5g4_ligand_381_ccd_5g4_0"
        },
        "select_fixed_atoms": {
            "5G4": "ALL"
        },
        "select_unfixed_sequence": false
    },
    "ckpt_path": "/home/iska/amelie-ai/ThermoGFN/weights/rfd3_latest.ckpt",
    "seed": null
}