{
    "diffused_index_map": {},
    "metrics": {
        "max_ca_deviation": 0.10100245475769043,
        "n_chainbreaks": 0,
        "n_clashing.interresidue_clashes_w_sidechain": 0,
        "n_clashing.interresidue_clashes_w_backbone": 0,
        "n_clashing.ligand_clashes": 0,
        "n_clashing.ligand_min_distance": 3.0008974075317383,
        "non_loop_fraction": 0.6153846153846154,
        "loop_fraction": 0.38461538461538464,
        "helix_fraction": 0.4434389140271493,
        "sheet_fraction": 0.17194570135746606,
        "num_ss_elements": 14,
        "radius_of_gyration": 15.465735110901088,
        "alanine_content": 0.3574660633484163,
        "glycine_content": 0.07239819004524888,
        "num_residues": 221,
        "diffused_com": [
            6.301306247711182,
            -2.3889100551605225,
            -1.8700114488601685
        ],
        "fixed_com": [
            0.000732421875,
            0.00028483071946538985,
            -0.00019073486328125
        ]
    },
    "specification": {
        "input": "/home/iska/amelie-ai/ThermoGFN/data/rfd3/ccd_ligands/structures/A1B4Y.cif",
        "length": "20-400",
        "ligand": "A1B4Y",
        "extra": {
            "example": "ligand_453_ccd_a1b4y",
            "task_name": "spec_ligand_453_ccd_a1b4y_ligand_453_ccd_a1b4y",
            "sampled_contig": "221",
            "num_tokens_in": 222,
            "num_residues_in": 222,
            "num_chains": 2,
            "num_atoms": 1129,
            "num_residues": 224,
            "example_id": "spec_ligand_453_ccd_a1b4y_ligand_453_ccd_a1b4y_1"
        },
        "select_fixed_atoms": {
            "A1B4Y": "ALL"
        },
        "select_unfixed_sequence": false
    },
    "ckpt_path": "/home/iska/amelie-ai/ThermoGFN/weights/rfd3_latest.ckpt",
    "seed": null
}