{
    "diffused_index_map": {},
    "metrics": {
        "max_ca_deviation": 0.07692933082580566,
        "n_chainbreaks": 0,
        "n_clashing.interresidue_clashes_w_sidechain": 0,
        "n_clashing.interresidue_clashes_w_backbone": 0,
        "n_clashing.ligand_clashes": 0,
        "n_clashing.ligand_min_distance": 3.586740732192993,
        "non_loop_fraction": 0.7490494296577946,
        "loop_fraction": 0.2509505703422053,
        "helix_fraction": 0.6730038022813688,
        "sheet_fraction": 0.07604562737642585,
        "num_ss_elements": 15,
        "radius_of_gyration": 16.684445717312858,
        "alanine_content": 0.27756653992395436,
        "glycine_content": 0.049429657794676805,
        "num_residues": 263,
        "diffused_com": [
            3.0622141361236572,
            -0.8555691242218018,
            0.8078435063362122
        ],
        "fixed_com": [
            -0.0017311789561063051,
            0.00028714266954921186,
            4.855069164477754e-06
        ]
    },
    "specification": {
        "input": "/home/iska/amelie-ai/ThermoGFN/data/rfd3/ccd_ligands/structures/3TX.cif",
        "length": "20-400",
        "ligand": "3TX",
        "extra": {
            "example": "ligand_303_ccd_3tx",
            "task_name": "spec_ligand_303_ccd_3tx_ligand_303_ccd_3tx",
            "sampled_contig": "263",
            "num_tokens_in": 264,
            "num_residues_in": 264,
            "num_chains": 2,
            "num_atoms": 1337,
            "num_residues": 266,
            "example_id": "spec_ligand_303_ccd_3tx_ligand_303_ccd_3tx_2"
        },
        "select_fixed_atoms": {
            "3TX": "ALL"
        },
        "select_unfixed_sequence": false
    },
    "ckpt_path": "/home/iska/amelie-ai/ThermoGFN/weights/rfd3_latest.ckpt",
    "seed": null
}