{
    "diffused_index_map": {},
    "metrics": {
        "max_ca_deviation": 0.9430241584777832,
        "n_chainbreaks": 2,
        "n_clashing.interresidue_clashes_w_sidechain": 0,
        "n_clashing.interresidue_clashes_w_backbone": 0,
        "n_clashing.ligand_clashes": 0,
        "n_clashing.ligand_min_distance": 3.1344497203826904,
        "non_loop_fraction": 0.6926070038910506,
        "loop_fraction": 0.30739299610894943,
        "helix_fraction": 0.5758754863813229,
        "sheet_fraction": 0.11673151750972763,
        "num_ss_elements": 16,
        "radius_of_gyration": 17.144139636759814,
        "alanine_content": 0.30739299610894943,
        "glycine_content": 0.06614785992217899,
        "num_residues": 257,
        "diffused_com": [
            0.6363908052444458,
            -0.7593726515769958,
            -2.2635414600372314
        ],
        "fixed_com": [
            -0.0017311789561063051,
            0.00028714266954921186,
            4.855069164477754e-06
        ]
    },
    "specification": {
        "input": "/home/iska/amelie-ai/ThermoGFN/data/rfd3/ccd_ligands/structures/3TX.cif",
        "length": "20-400",
        "ligand": "3TX",
        "extra": {
            "example": "ligand_303_ccd_3tx",
            "task_name": "spec_ligand_303_ccd_3tx_ligand_303_ccd_3tx",
            "sampled_contig": "257",
            "num_tokens_in": 258,
            "num_residues_in": 258,
            "num_chains": 2,
            "num_atoms": 1307,
            "num_residues": 260,
            "example_id": "spec_ligand_303_ccd_3tx_ligand_303_ccd_3tx_1"
        },
        "select_fixed_atoms": {
            "3TX": "ALL"
        },
        "select_unfixed_sequence": false
    },
    "ckpt_path": "/home/iska/amelie-ai/ThermoGFN/weights/rfd3_latest.ckpt",
    "seed": null
}