{
    "diffused_index_map": {},
    "metrics": {
        "max_ca_deviation": 0.07545995712280273,
        "n_chainbreaks": 0,
        "n_clashing.interresidue_clashes_w_sidechain": 0,
        "n_clashing.interresidue_clashes_w_backbone": 0,
        "n_clashing.ligand_clashes": 0,
        "n_clashing.ligand_min_distance": 3.169154405593872,
        "non_loop_fraction": 0.8448275862068966,
        "loop_fraction": 0.15517241379310345,
        "helix_fraction": 0.6163793103448276,
        "sheet_fraction": 0.22844827586206898,
        "num_ss_elements": 14,
        "radius_of_gyration": 16.74706513745317,
        "alanine_content": 0.29310344827586204,
        "glycine_content": 0.0603448275862069,
        "num_residues": 232,
        "diffused_com": [
            2.8668527603149414,
            -2.3962414264678955,
            -1.5986229181289673
        ],
        "fixed_com": [
            -0.0013183593982830644,
            -0.0005737304454669356,
            0.0003173828008584678
        ]
    },
    "specification": {
        "input": "/home/iska/amelie-ai/ThermoGFN/data/rfd3/ccd_ligands/structures/4ZN.cif",
        "length": "20-400",
        "ligand": "4ZN",
        "extra": {
            "example": "ligand_332_ccd_4zn",
            "task_name": "spec_ligand_332_ccd_4zn_ligand_332_ccd_4zn",
            "sampled_contig": "232",
            "num_tokens_in": 233,
            "num_residues_in": 233,
            "num_chains": 2,
            "num_atoms": 1180,
            "num_residues": 235,
            "example_id": "spec_ligand_332_ccd_4zn_ligand_332_ccd_4zn_2"
        },
        "select_fixed_atoms": {
            "4ZN": "ALL"
        },
        "select_unfixed_sequence": false
    },
    "ckpt_path": "/home/iska/amelie-ai/ThermoGFN/weights/rfd3_latest.ckpt",
    "seed": null
}