{
    "diffused_index_map": {},
    "metrics": {
        "max_ca_deviation": 0.053116559982299805,
        "n_chainbreaks": 0,
        "n_clashing.interresidue_clashes_w_sidechain": 0,
        "n_clashing.interresidue_clashes_w_backbone": 0,
        "n_clashing.ligand_clashes": 0,
        "n_clashing.ligand_min_distance": 3.336516857147217,
        "non_loop_fraction": 0.6751592356687899,
        "loop_fraction": 0.3248407643312102,
        "helix_fraction": 0.4140127388535032,
        "sheet_fraction": 0.2611464968152866,
        "num_ss_elements": 12,
        "radius_of_gyration": 14.318701245540392,
        "alanine_content": 0.28662420382165604,
        "glycine_content": 0.044585987261146494,
        "num_residues": 157,
        "diffused_com": [
            0.6139061450958252,
            1.8642377853393555,
            1.1605957746505737
        ],
        "fixed_com": [
            -0.0012524923076853156,
            -0.00017547607421875,
            -0.0002288818359375
        ]
    },
    "specification": {
        "input": "/home/iska/amelie-ai/ThermoGFN/data/rfd3/ccd_ligands/structures/A1B8Z.cif",
        "length": "20-400",
        "ligand": "A1B8Z",
        "extra": {
            "example": "ligand_432_ccd_a1b8z",
            "task_name": "spec_ligand_432_ccd_a1b8z_ligand_432_ccd_a1b8z",
            "sampled_contig": "157",
            "num_tokens_in": 158,
            "num_residues_in": 158,
            "num_chains": 2,
            "num_atoms": 809,
            "num_residues": 160,
            "example_id": "spec_ligand_432_ccd_a1b8z_ligand_432_ccd_a1b8z_2"
        },
        "select_fixed_atoms": {
            "A1B8Z": "ALL"
        },
        "select_unfixed_sequence": false
    },
    "ckpt_path": "/home/iska/amelie-ai/ThermoGFN/weights/rfd3_latest.ckpt",
    "seed": null
}