{
    "diffused_index_map": {},
    "metrics": {
        "max_ca_deviation": 0.058502912521362305,
        "n_chainbreaks": 0,
        "n_clashing.interresidue_clashes_w_sidechain": 0,
        "n_clashing.interresidue_clashes_w_backbone": 0,
        "n_clashing.ligand_clashes": 0,
        "n_clashing.ligand_min_distance": 2.100870370864868,
        "non_loop_fraction": 0.5596330275229358,
        "loop_fraction": 0.44036697247706424,
        "helix_fraction": 0.26146788990825687,
        "sheet_fraction": 0.2981651376146789,
        "num_ss_elements": 15,
        "radius_of_gyration": 16.79891340864275,
        "alanine_content": 0.20642201834862386,
        "glycine_content": 0.09174311926605505,
        "num_residues": 218,
        "diffused_com": [
            -0.6969891786575317,
            4.648065567016602,
            2.2437822818756104
        ],
        "fixed_com": [
            -0.0012524923076853156,
            -0.00017547607421875,
            -0.0002288818359375
        ]
    },
    "specification": {
        "input": "/home/iska/amelie-ai/ThermoGFN/data/rfd3/ccd_ligands/structures/A1B8Z.cif",
        "length": "20-400",
        "ligand": "A1B8Z",
        "extra": {
            "example": "ligand_432_ccd_a1b8z",
            "task_name": "spec_ligand_432_ccd_a1b8z_ligand_432_ccd_a1b8z",
            "sampled_contig": "218",
            "num_tokens_in": 219,
            "num_residues_in": 219,
            "num_chains": 2,
            "num_atoms": 1114,
            "num_residues": 221,
            "example_id": "spec_ligand_432_ccd_a1b8z_ligand_432_ccd_a1b8z_1"
        },
        "select_fixed_atoms": {
            "A1B8Z": "ALL"
        },
        "select_unfixed_sequence": false
    },
    "ckpt_path": "/home/iska/amelie-ai/ThermoGFN/weights/rfd3_latest.ckpt",
    "seed": null
}