{
    "diffused_index_map": {},
    "metrics": {
        "max_ca_deviation": 0.10794925689697266,
        "n_chainbreaks": 0,
        "n_clashing.interresidue_clashes_w_sidechain": 1,
        "n_clashing.interresidue_clashes_w_backbone": 0,
        "n_clashing.ligand_clashes": 0,
        "n_clashing.ligand_min_distance": 2.8303163051605225,
        "non_loop_fraction": 0.6590909090909091,
        "loop_fraction": 0.3409090909090909,
        "helix_fraction": 0.45454545454545453,
        "sheet_fraction": 0.20454545454545456,
        "num_ss_elements": 21,
        "radius_of_gyration": 17.156475495050287,
        "alanine_content": 0.3560606060606061,
        "glycine_content": 0.0946969696969697,
        "num_residues": 264,
        "diffused_com": [
            1.0912599563598633,
            6.330588340759277,
            -1.1167086362838745
        ],
        "fixed_com": [
            0.0014880952658131719,
            0.0007440476329065859,
            -8.138021075865254e-05
        ]
    },
    "specification": {
        "input": "/home/iska/amelie-ai/ThermoGFN/data/rfd3/ccd_ligands/structures/P3T.cif",
        "length": "20-400",
        "ligand": "P3T",
        "extra": {
            "example": "ligand_380_ccd_p3t",
            "task_name": "spec_ligand_380_ccd_p3t_ligand_380_ccd_p3t",
            "sampled_contig": "264",
            "num_tokens_in": 265,
            "num_residues_in": 265,
            "num_chains": 2,
            "num_atoms": 1341,
            "num_residues": 267,
            "example_id": "spec_ligand_380_ccd_p3t_ligand_380_ccd_p3t_2"
        },
        "select_fixed_atoms": {
            "P3T": "ALL"
        },
        "select_unfixed_sequence": false
    },
    "ckpt_path": "/home/iska/amelie-ai/ThermoGFN/weights/rfd3_latest.ckpt",
    "seed": null
}