{
    "diffused_index_map": {},
    "metrics": {
        "max_ca_deviation": 0.0837860107421875,
        "n_chainbreaks": 0,
        "n_clashing.interresidue_clashes_w_sidechain": 0,
        "n_clashing.interresidue_clashes_w_backbone": 0,
        "n_clashing.ligand_clashes": 0,
        "n_clashing.ligand_min_distance": 3.2477290630340576,
        "non_loop_fraction": 0.6829971181556196,
        "loop_fraction": 0.3170028818443804,
        "helix_fraction": 0.49855907780979825,
        "sheet_fraction": 0.1844380403458213,
        "num_ss_elements": 25,
        "radius_of_gyration": 18.995893299662978,
        "alanine_content": 0.3227665706051873,
        "glycine_content": 0.08069164265129683,
        "num_residues": 347,
        "diffused_com": [
            0.1590074747800827,
            0.34749314188957214,
            -0.4617099463939667
        ],
        "fixed_com": [
            0.0014880952658131719,
            0.0007440476329065859,
            -8.138021075865254e-05
        ]
    },
    "specification": {
        "input": "/home/iska/amelie-ai/ThermoGFN/data/rfd3/ccd_ligands/structures/P3T.cif",
        "length": "20-400",
        "ligand": "P3T",
        "extra": {
            "example": "ligand_380_ccd_p3t",
            "task_name": "spec_ligand_380_ccd_p3t_ligand_380_ccd_p3t",
            "sampled_contig": "347",
            "num_tokens_in": 348,
            "num_residues_in": 348,
            "num_chains": 2,
            "num_atoms": 1756,
            "num_residues": 350,
            "example_id": "spec_ligand_380_ccd_p3t_ligand_380_ccd_p3t_1"
        },
        "select_fixed_atoms": {
            "P3T": "ALL"
        },
        "select_unfixed_sequence": false
    },
    "ckpt_path": "/home/iska/amelie-ai/ThermoGFN/weights/rfd3_latest.ckpt",
    "seed": null
}