{
    "diffused_index_map": {},
    "metrics": {
        "max_ca_deviation": 0.06603407859802246,
        "n_chainbreaks": 0,
        "n_clashing.interresidue_clashes_w_sidechain": 1,
        "n_clashing.interresidue_clashes_w_backbone": 0,
        "n_clashing.ligand_clashes": 0,
        "n_clashing.ligand_min_distance": 3.531167507171631,
        "non_loop_fraction": 0.7432432432432433,
        "loop_fraction": 0.25675675675675674,
        "helix_fraction": 0.5067567567567568,
        "sheet_fraction": 0.23648648648648649,
        "num_ss_elements": 12,
        "radius_of_gyration": 13.939274984451567,
        "alanine_content": 0.25675675675675674,
        "glycine_content": 0.033783783783783786,
        "num_residues": 148,
        "diffused_com": [
            0.5198614597320557,
            1.9569286108016968,
            2.0444929599761963
        ],
        "fixed_com": [
            -0.0013586956774815917,
            -0.00029721466125920415,
            -6.252786261029541e-05
        ]
    },
    "specification": {
        "input": "/home/iska/amelie-ai/ThermoGFN/data/rfd3/ccd_ligands/structures/Y09.cif",
        "length": "20-400",
        "ligand": "Y09",
        "extra": {
            "example": "ligand_425_ccd_y09",
            "task_name": "spec_ligand_425_ccd_y09_ligand_425_ccd_y09",
            "sampled_contig": "148",
            "num_tokens_in": 149,
            "num_residues_in": 149,
            "num_chains": 2,
            "num_atoms": 763,
            "num_residues": 151,
            "example_id": "spec_ligand_425_ccd_y09_ligand_425_ccd_y09_1"
        },
        "select_fixed_atoms": {
            "Y09": "ALL"
        },
        "select_unfixed_sequence": false
    },
    "ckpt_path": "/home/iska/amelie-ai/ThermoGFN/weights/rfd3_latest.ckpt",
    "seed": null
}