{
    "diffused_index_map": {},
    "metrics": {
        "max_ca_deviation": 0.06807804107666016,
        "n_chainbreaks": 0,
        "n_clashing.interresidue_clashes_w_sidechain": 0,
        "n_clashing.interresidue_clashes_w_backbone": 0,
        "n_clashing.ligand_clashes": 0,
        "n_clashing.ligand_min_distance": 2.964402675628662,
        "non_loop_fraction": 0.6560509554140128,
        "loop_fraction": 0.34394904458598724,
        "helix_fraction": 0.4681528662420382,
        "sheet_fraction": 0.18789808917197454,
        "num_ss_elements": 20,
        "radius_of_gyration": 16.971542974900384,
        "alanine_content": 0.4394904458598726,
        "glycine_content": 0.09554140127388536,
        "num_residues": 314,
        "diffused_com": [
            -1.821375846862793,
            -0.9442379474639893,
            1.7572447061538696
        ],
        "fixed_com": [
            -0.0002663352352101356,
            -0.00017755682347342372,
            0.0003440163272898644
        ]
    },
    "specification": {
        "input": "/home/iska/amelie-ai/ThermoGFN/data/rfd3/ccd_ligands/structures/D9V.cif",
        "length": "20-400",
        "ligand": "D9V",
        "extra": {
            "example": "ligand_354_ccd_d9v",
            "task_name": "spec_ligand_354_ccd_d9v_ligand_354_ccd_d9v",
            "sampled_contig": "314",
            "num_tokens_in": 315,
            "num_residues_in": 315,
            "num_chains": 2,
            "num_atoms": 1592,
            "num_residues": 317,
            "example_id": "spec_ligand_354_ccd_d9v_ligand_354_ccd_d9v_2"
        },
        "select_fixed_atoms": {
            "D9V": "ALL"
        },
        "select_unfixed_sequence": false
    },
    "ckpt_path": "/home/iska/amelie-ai/ThermoGFN/weights/rfd3_latest.ckpt",
    "seed": null
}