{
    "diffused_index_map": {},
    "metrics": {
        "max_ca_deviation": 0.06318235397338867,
        "n_chainbreaks": 0,
        "n_clashing.interresidue_clashes_w_sidechain": 0,
        "n_clashing.interresidue_clashes_w_backbone": 0,
        "n_clashing.ligand_clashes": 0,
        "n_clashing.ligand_min_distance": 3.6118555068969727,
        "non_loop_fraction": 0.7051282051282051,
        "loop_fraction": 0.2948717948717949,
        "helix_fraction": 0.47435897435897434,
        "sheet_fraction": 0.23076923076923078,
        "num_ss_elements": 7,
        "radius_of_gyration": 11.48112359157758,
        "alanine_content": 0.19230769230769232,
        "glycine_content": 0.05128205128205128,
        "num_residues": 78,
        "diffused_com": [
            1.0955623388290405,
            0.03249121084809303,
            -0.8044663667678833
        ],
        "fixed_com": [
            -0.00032552084303461015,
            -1.7801919966586865e-05,
            -0.00017378065967932343
        ]
    },
    "specification": {
        "input": "/home/iska/amelie-ai/ThermoGFN/data/rfd3/ccd_ligands/structures/A1A9H.cif",
        "length": "20-400",
        "ligand": "A1A9H",
        "extra": {
            "example": "ligand_183_ccd_a1a9h",
            "task_name": "spec_ligand_183_ccd_a1a9h_ligand_183_ccd_a1a9h",
            "sampled_contig": "78",
            "num_tokens_in": 79,
            "num_residues_in": 79,
            "num_chains": 2,
            "num_atoms": 408,
            "num_residues": 81,
            "example_id": "spec_ligand_183_ccd_a1a9h_ligand_183_ccd_a1a9h_2"
        },
        "select_fixed_atoms": {
            "A1A9H": "ALL"
        },
        "select_unfixed_sequence": false
    },
    "ckpt_path": "/home/iska/amelie-ai/ThermoGFN/weights/rfd3_latest.ckpt",
    "seed": null
}