{
    "diffused_index_map": {},
    "metrics": {
        "max_ca_deviation": 0.05586552619934082,
        "n_chainbreaks": 0,
        "n_clashing.interresidue_clashes_w_sidechain": 1,
        "n_clashing.interresidue_clashes_w_backbone": 0,
        "n_clashing.ligand_clashes": 0,
        "n_clashing.ligand_min_distance": 3.248067617416382,
        "non_loop_fraction": 0.6455026455026455,
        "loop_fraction": 0.3544973544973545,
        "helix_fraction": 0.42328042328042326,
        "sheet_fraction": 0.2222222222222222,
        "num_ss_elements": 14,
        "radius_of_gyration": 15.482349543231459,
        "alanine_content": 0.12698412698412698,
        "glycine_content": 0.07407407407407407,
        "num_residues": 189,
        "diffused_com": [
            0.6918262839317322,
            2.7480714321136475,
            7.881190776824951
        ],
        "fixed_com": [
            -0.00032552084303461015,
            -1.7801919966586865e-05,
            -0.00017378065967932343
        ]
    },
    "specification": {
        "input": "/home/iska/amelie-ai/ThermoGFN/data/rfd3/ccd_ligands/structures/A1A9H.cif",
        "length": "20-400",
        "ligand": "A1A9H",
        "extra": {
            "example": "ligand_183_ccd_a1a9h",
            "task_name": "spec_ligand_183_ccd_a1a9h_ligand_183_ccd_a1a9h",
            "sampled_contig": "189",
            "num_tokens_in": 190,
            "num_residues_in": 190,
            "num_chains": 2,
            "num_atoms": 963,
            "num_residues": 192,
            "example_id": "spec_ligand_183_ccd_a1a9h_ligand_183_ccd_a1a9h_1"
        },
        "select_fixed_atoms": {
            "A1A9H": "ALL"
        },
        "select_unfixed_sequence": false
    },
    "ckpt_path": "/home/iska/amelie-ai/ThermoGFN/weights/rfd3_latest.ckpt",
    "seed": null
}