{
    "diffused_index_map": {},
    "metrics": {
        "max_ca_deviation": 0.8439385890960693,
        "n_chainbreaks": 1,
        "n_clashing.interresidue_clashes_w_sidechain": 0,
        "n_clashing.interresidue_clashes_w_backbone": 0,
        "n_clashing.ligand_clashes": 0,
        "n_clashing.ligand_min_distance": 3.691002130508423,
        "non_loop_fraction": 0.5145631067961165,
        "loop_fraction": 0.4854368932038835,
        "helix_fraction": 0.13592233009708737,
        "sheet_fraction": 0.3786407766990291,
        "num_ss_elements": 10,
        "radius_of_gyration": 12.089840835201489,
        "alanine_content": 0.2815533980582524,
        "glycine_content": 0.08737864077669903,
        "num_residues": 103,
        "diffused_com": [
            -1.4212422370910645,
            1.6677584648132324,
            1.3676071166992188
        ],
        "fixed_com": [
            -0.00032552084303461015,
            -1.7801919966586865e-05,
            -0.00017378065967932343
        ]
    },
    "specification": {
        "input": "/home/iska/amelie-ai/ThermoGFN/data/rfd3/ccd_ligands/structures/A1A9H.cif",
        "length": "20-400",
        "ligand": "A1A9H",
        "extra": {
            "example": "ligand_183_ccd_a1a9h",
            "task_name": "spec_ligand_183_ccd_a1a9h_ligand_183_ccd_a1a9h",
            "sampled_contig": "103",
            "num_tokens_in": 104,
            "num_residues_in": 104,
            "num_chains": 2,
            "num_atoms": 533,
            "num_residues": 106,
            "example_id": "spec_ligand_183_ccd_a1a9h_ligand_183_ccd_a1a9h_0"
        },
        "select_fixed_atoms": {
            "A1A9H": "ALL"
        },
        "select_unfixed_sequence": false
    },
    "ckpt_path": "/home/iska/amelie-ai/ThermoGFN/weights/rfd3_latest.ckpt",
    "seed": null
}