{
    "diffused_index_map": {},
    "metrics": {
        "max_ca_deviation": 0.09975719451904297,
        "n_chainbreaks": 0,
        "n_clashing.interresidue_clashes_w_sidechain": 0,
        "n_clashing.interresidue_clashes_w_backbone": 0,
        "n_clashing.ligand_clashes": 0,
        "n_clashing.ligand_min_distance": 3.6345574855804443,
        "non_loop_fraction": 0.715068493150685,
        "loop_fraction": 0.28493150684931506,
        "helix_fraction": 0.4821917808219178,
        "sheet_fraction": 0.2328767123287671,
        "num_ss_elements": 24,
        "radius_of_gyration": 18.759947971796915,
        "alanine_content": 0.3424657534246575,
        "glycine_content": 0.0547945205479452,
        "num_residues": 365,
        "diffused_com": [
            -0.5036565065383911,
            1.8054503202438354,
            0.44128116965293884
        ],
        "fixed_com": [
            -0.0005289713735692203,
            0.00032552084303461015,
            0.00016276042151730508
        ]
    },
    "specification": {
        "input": "/home/iska/amelie-ai/ThermoGFN/data/rfd3/ccd_ligands/structures/T1W.cif",
        "length": "20-400",
        "ligand": "T1W",
        "extra": {
            "example": "ligand_112_ccd_t1w",
            "task_name": "spec_ligand_112_ccd_t1w_ligand_112_ccd_t1w",
            "sampled_contig": "365",
            "num_tokens_in": 366,
            "num_residues_in": 366,
            "num_chains": 2,
            "num_atoms": 1840,
            "num_residues": 368,
            "example_id": "spec_ligand_112_ccd_t1w_ligand_112_ccd_t1w_2"
        },
        "select_fixed_atoms": {
            "T1W": "ALL"
        },
        "select_unfixed_sequence": false
    },
    "ckpt_path": "/home/iska/amelie-ai/ThermoGFN/weights/rfd3_latest.ckpt",
    "seed": null
}