{
    "diffused_index_map": {},
    "metrics": {
        "max_ca_deviation": 0.08664417266845703,
        "n_chainbreaks": 0,
        "n_clashing.interresidue_clashes_w_sidechain": 0,
        "n_clashing.interresidue_clashes_w_backbone": 0,
        "n_clashing.ligand_clashes": 0,
        "n_clashing.ligand_min_distance": 4.01379919052124,
        "non_loop_fraction": 0.7192513368983957,
        "loop_fraction": 0.2807486631016043,
        "helix_fraction": 0.5588235294117647,
        "sheet_fraction": 0.16042780748663102,
        "num_ss_elements": 22,
        "radius_of_gyration": 18.585479313678672,
        "alanine_content": 0.339572192513369,
        "glycine_content": 0.06951871657754011,
        "num_residues": 374,
        "diffused_com": [
            2.0526857376098633,
            -0.21899110078811646,
            -2.4457409381866455
        ],
        "fixed_com": [
            -0.0005289713735692203,
            0.00032552084303461015,
            0.00016276042151730508
        ]
    },
    "specification": {
        "input": "/home/iska/amelie-ai/ThermoGFN/data/rfd3/ccd_ligands/structures/T1W.cif",
        "length": "20-400",
        "ligand": "T1W",
        "extra": {
            "example": "ligand_112_ccd_t1w",
            "task_name": "spec_ligand_112_ccd_t1w_ligand_112_ccd_t1w",
            "sampled_contig": "374",
            "num_tokens_in": 375,
            "num_residues_in": 375,
            "num_chains": 2,
            "num_atoms": 1885,
            "num_residues": 377,
            "example_id": "spec_ligand_112_ccd_t1w_ligand_112_ccd_t1w_1"
        },
        "select_fixed_atoms": {
            "T1W": "ALL"
        },
        "select_unfixed_sequence": false
    },
    "ckpt_path": "/home/iska/amelie-ai/ThermoGFN/weights/rfd3_latest.ckpt",
    "seed": null
}