{
    "diffused_index_map": {},
    "metrics": {
        "max_ca_deviation": 0.8548281192779541,
        "n_chainbreaks": 1,
        "n_clashing.interresidue_clashes_w_sidechain": 0,
        "n_clashing.interresidue_clashes_w_backbone": 0,
        "n_clashing.ligand_clashes": 0,
        "n_clashing.ligand_min_distance": 3.4491567611694336,
        "non_loop_fraction": 0.6526717557251909,
        "loop_fraction": 0.3473282442748092,
        "helix_fraction": 0.5267175572519084,
        "sheet_fraction": 0.12595419847328243,
        "num_ss_elements": 15,
        "radius_of_gyration": 16.7667413399205,
        "alanine_content": 0.2824427480916031,
        "glycine_content": 0.06870229007633588,
        "num_residues": 262,
        "diffused_com": [
            0.025705857202410698,
            0.22612448036670685,
            -1.8795362710952759
        ],
        "fixed_com": [
            0.0009704589610919356,
            -3.255208503105678e-05,
            0.00019531250291038305
        ]
    },
    "specification": {
        "input": "/home/iska/amelie-ai/ThermoGFN/data/rfd3/ccd_ligands/structures/IF5.cif",
        "length": "20-400",
        "ligand": "IF5",
        "extra": {
            "example": "ligand_585_ccd_if5",
            "task_name": "spec_ligand_585_ccd_if5_ligand_585_ccd_if5",
            "sampled_contig": "262",
            "num_tokens_in": 263,
            "num_residues_in": 263,
            "num_chains": 2,
            "num_atoms": 1340,
            "num_residues": 265,
            "example_id": "spec_ligand_585_ccd_if5_ligand_585_ccd_if5_1"
        },
        "select_fixed_atoms": {
            "IF5": "ALL"
        },
        "select_unfixed_sequence": false
    },
    "ckpt_path": "/home/iska/amelie-ai/ThermoGFN/weights/rfd3_latest.ckpt",
    "seed": null
}