{
    "diffused_index_map": {},
    "metrics": {
        "max_ca_deviation": 0.07258415222167969,
        "n_chainbreaks": 0,
        "n_clashing.interresidue_clashes_w_sidechain": 0,
        "n_clashing.interresidue_clashes_w_backbone": 0,
        "n_clashing.ligand_clashes": 0,
        "n_clashing.ligand_min_distance": 4.868893146514893,
        "non_loop_fraction": 0.6127450980392157,
        "loop_fraction": 0.3872549019607843,
        "helix_fraction": 0.3284313725490196,
        "sheet_fraction": 0.28431372549019607,
        "num_ss_elements": 14,
        "radius_of_gyration": 15.871301556491305,
        "alanine_content": 0.23039215686274508,
        "glycine_content": 0.0784313725490196,
        "num_residues": 204,
        "diffused_com": [
            1.0637606382369995,
            -0.03276779502630234,
            2.189387321472168
        ],
        "fixed_com": [
            0.0009704589610919356,
            -3.255208503105678e-05,
            0.00019531250291038305
        ]
    },
    "specification": {
        "input": "/home/iska/amelie-ai/ThermoGFN/data/rfd3/ccd_ligands/structures/IF5.cif",
        "length": "20-400",
        "ligand": "IF5",
        "extra": {
            "example": "ligand_585_ccd_if5",
            "task_name": "spec_ligand_585_ccd_if5_ligand_585_ccd_if5",
            "sampled_contig": "204",
            "num_tokens_in": 205,
            "num_residues_in": 205,
            "num_chains": 2,
            "num_atoms": 1050,
            "num_residues": 207,
            "example_id": "spec_ligand_585_ccd_if5_ligand_585_ccd_if5_0"
        },
        "select_fixed_atoms": {
            "IF5": "ALL"
        },
        "select_unfixed_sequence": false
    },
    "ckpt_path": "/home/iska/amelie-ai/ThermoGFN/weights/rfd3_latest.ckpt",
    "seed": null
}