{
    "diffused_index_map": {},
    "metrics": {
        "max_ca_deviation": 0.09086847305297852,
        "n_chainbreaks": 0,
        "n_clashing.interresidue_clashes_w_sidechain": 0,
        "n_clashing.interresidue_clashes_w_backbone": 0,
        "n_clashing.ligand_clashes": 0,
        "n_clashing.ligand_min_distance": 3.6295957565307617,
        "non_loop_fraction": 0.6728624535315986,
        "loop_fraction": 0.3271375464684015,
        "helix_fraction": 0.5278810408921933,
        "sheet_fraction": 0.1449814126394052,
        "num_ss_elements": 18,
        "radius_of_gyration": 17.096306046953778,
        "alanine_content": 0.4163568773234201,
        "glycine_content": 0.06319702602230483,
        "num_residues": 269,
        "diffused_com": [
            0.07110360264778137,
            -1.276275873184204,
            -3.3606197834014893
        ],
        "fixed_com": [
            0.0009704589610919356,
            -3.255208503105678e-05,
            0.00019531250291038305
        ]
    },
    "specification": {
        "input": "/home/iska/amelie-ai/ThermoGFN/data/rfd3/ccd_ligands/structures/IF5.cif",
        "length": "20-400",
        "ligand": "IF5",
        "extra": {
            "example": "ligand_585_ccd_if5",
            "task_name": "spec_ligand_585_ccd_if5_ligand_585_ccd_if5",
            "sampled_contig": "269",
            "num_tokens_in": 270,
            "num_residues_in": 270,
            "num_chains": 2,
            "num_atoms": 1375,
            "num_residues": 272,
            "example_id": "spec_ligand_585_ccd_if5_ligand_585_ccd_if5_2"
        },
        "select_fixed_atoms": {
            "IF5": "ALL"
        },
        "select_unfixed_sequence": false
    },
    "ckpt_path": "/home/iska/amelie-ai/ThermoGFN/weights/rfd3_latest.ckpt",
    "seed": null
}