{
    "diffused_index_map": {},
    "metrics": {
        "max_ca_deviation": 0.08633613586425781,
        "n_chainbreaks": 0,
        "n_clashing.interresidue_clashes_w_sidechain": 0,
        "n_clashing.interresidue_clashes_w_backbone": 0,
        "n_clashing.ligand_clashes": 0,
        "n_clashing.ligand_min_distance": 3.4071102142333984,
        "non_loop_fraction": 0.6245733788395904,
        "loop_fraction": 0.37542662116040953,
        "helix_fraction": 0.4880546075085324,
        "sheet_fraction": 0.13651877133105803,
        "num_ss_elements": 18,
        "radius_of_gyration": 17.970804826407136,
        "alanine_content": 0.3242320819112628,
        "glycine_content": 0.09215017064846416,
        "num_residues": 293,
        "diffused_com": [
            4.128342628479004,
            3.9015438556671143,
            -0.44459208846092224
        ],
        "fixed_com": [
            -0.00018084490147884935,
            0.00028935185400769114,
            6.781684351153672e-05
        ]
    },
    "specification": {
        "input": "/home/iska/amelie-ai/ThermoGFN/data/rfd3/ccd_ligands/structures/9YE.cif",
        "length": "20-400",
        "ligand": "9YE",
        "extra": {
            "example": "ligand_501_ccd_9ye",
            "task_name": "spec_ligand_501_ccd_9ye_ligand_501_ccd_9ye",
            "sampled_contig": "293",
            "num_tokens_in": 294,
            "num_residues_in": 294,
            "num_chains": 2,
            "num_atoms": 1492,
            "num_residues": 296,
            "example_id": "spec_ligand_501_ccd_9ye_ligand_501_ccd_9ye_2"
        },
        "select_fixed_atoms": {
            "9YE": "ALL"
        },
        "select_unfixed_sequence": false
    },
    "ckpt_path": "/home/iska/amelie-ai/ThermoGFN/weights/rfd3_latest.ckpt",
    "seed": null
}