{
    "diffused_index_map": {},
    "metrics": {
        "max_ca_deviation": 0.08532238006591797,
        "n_chainbreaks": 0,
        "n_clashing.interresidue_clashes_w_sidechain": 0,
        "n_clashing.interresidue_clashes_w_backbone": 0,
        "n_clashing.ligand_clashes": 0,
        "n_clashing.ligand_min_distance": 4.33246374130249,
        "non_loop_fraction": 0.6816608996539792,
        "loop_fraction": 0.31833910034602075,
        "helix_fraction": 0.5224913494809689,
        "sheet_fraction": 0.15916955017301038,
        "num_ss_elements": 16,
        "radius_of_gyration": 17.480627467901716,
        "alanine_content": 0.3356401384083045,
        "glycine_content": 0.031141868512110725,
        "num_residues": 289,
        "diffused_com": [
            -0.37571167945861816,
            0.8509588241577148,
            2.5192127227783203
        ],
        "fixed_com": [
            -0.00018084490147884935,
            0.00028935185400769114,
            6.781684351153672e-05
        ]
    },
    "specification": {
        "input": "/home/iska/amelie-ai/ThermoGFN/data/rfd3/ccd_ligands/structures/9YE.cif",
        "length": "20-400",
        "ligand": "9YE",
        "extra": {
            "example": "ligand_501_ccd_9ye",
            "task_name": "spec_ligand_501_ccd_9ye_ligand_501_ccd_9ye",
            "sampled_contig": "289",
            "num_tokens_in": 290,
            "num_residues_in": 290,
            "num_chains": 2,
            "num_atoms": 1472,
            "num_residues": 292,
            "example_id": "spec_ligand_501_ccd_9ye_ligand_501_ccd_9ye_0"
        },
        "select_fixed_atoms": {
            "9YE": "ALL"
        },
        "select_unfixed_sequence": false
    },
    "ckpt_path": "/home/iska/amelie-ai/ThermoGFN/weights/rfd3_latest.ckpt",
    "seed": null
}