{
    "diffused_index_map": {},
    "metrics": {
        "max_ca_deviation": 0.03430652618408203,
        "n_chainbreaks": 0,
        "n_clashing.interresidue_clashes_w_sidechain": 0,
        "n_clashing.interresidue_clashes_w_backbone": 0,
        "n_clashing.ligand_clashes": 0,
        "n_clashing.ligand_min_distance": 3.750244379043579,
        "non_loop_fraction": 0.5142857142857142,
        "loop_fraction": 0.4857142857142857,
        "helix_fraction": 0.2571428571428571,
        "sheet_fraction": 0.2571428571428571,
        "num_ss_elements": 3,
        "radius_of_gyration": 9.73673870534187,
        "alanine_content": 0.08571428571428572,
        "glycine_content": 0.05714285714285714,
        "num_residues": 35,
        "diffused_com": [
            1.0645921230316162,
            5.47615385055542,
            4.338504791259766
        ],
        "fixed_com": [
            0.0006249999860301614,
            0.0003124999930150807,
            -0.00044921875814907253
        ]
    },
    "specification": {
        "input": "/home/iska/amelie-ai/ThermoGFN/data/rfd3/ccd_ligands/structures/99L.cif",
        "length": "20-400",
        "ligand": "99L",
        "extra": {
            "example": "ligand_490_ccd_99l",
            "task_name": "spec_ligand_490_ccd_99l_ligand_490_ccd_99l",
            "sampled_contig": "35",
            "num_tokens_in": 36,
            "num_residues_in": 36,
            "num_chains": 2,
            "num_atoms": 200,
            "num_residues": 38,
            "example_id": "spec_ligand_490_ccd_99l_ligand_490_ccd_99l_2"
        },
        "select_fixed_atoms": {
            "99L": "ALL"
        },
        "select_unfixed_sequence": false
    },
    "ckpt_path": "/home/iska/amelie-ai/ThermoGFN/weights/rfd3_latest.ckpt",
    "seed": null
}