{
    "diffused_index_map": {},
    "metrics": {
        "max_ca_deviation": 0.0637350082397461,
        "n_chainbreaks": 0,
        "n_clashing.interresidue_clashes_w_sidechain": 0,
        "n_clashing.interresidue_clashes_w_backbone": 0,
        "n_clashing.ligand_clashes": 0,
        "n_clashing.ligand_min_distance": 3.6267402172088623,
        "non_loop_fraction": 0.8545454545454545,
        "loop_fraction": 0.14545454545454545,
        "helix_fraction": 0.8545454545454545,
        "sheet_fraction": 0.0,
        "num_ss_elements": 8,
        "radius_of_gyration": 14.386637242156622,
        "alanine_content": 0.37575757575757573,
        "glycine_content": 0.024242424242424242,
        "num_residues": 165,
        "diffused_com": [
            1.0849896669387817,
            -1.3250250816345215,
            0.27631238102912903
        ],
        "fixed_com": [
            0.0006249999860301614,
            0.0003124999930150807,
            -0.00044921875814907253
        ]
    },
    "specification": {
        "input": "/home/iska/amelie-ai/ThermoGFN/data/rfd3/ccd_ligands/structures/99L.cif",
        "length": "20-400",
        "ligand": "99L",
        "extra": {
            "example": "ligand_490_ccd_99l",
            "task_name": "spec_ligand_490_ccd_99l_ligand_490_ccd_99l",
            "sampled_contig": "165",
            "num_tokens_in": 166,
            "num_residues_in": 166,
            "num_chains": 2,
            "num_atoms": 850,
            "num_residues": 168,
            "example_id": "spec_ligand_490_ccd_99l_ligand_490_ccd_99l_1"
        },
        "select_fixed_atoms": {
            "99L": "ALL"
        },
        "select_unfixed_sequence": false
    },
    "ckpt_path": "/home/iska/amelie-ai/ThermoGFN/weights/rfd3_latest.ckpt",
    "seed": null
}