{
    "diffused_index_map": {},
    "metrics": {
        "max_ca_deviation": 0.08556342124938965,
        "n_chainbreaks": 0,
        "n_clashing.interresidue_clashes_w_sidechain": 0,
        "n_clashing.interresidue_clashes_w_backbone": 0,
        "n_clashing.ligand_clashes": 0,
        "n_clashing.ligand_min_distance": 2.9928877353668213,
        "non_loop_fraction": 0.6931407942238268,
        "loop_fraction": 0.30685920577617326,
        "helix_fraction": 0.5342960288808665,
        "sheet_fraction": 0.1588447653429603,
        "num_ss_elements": 19,
        "radius_of_gyration": 17.553079905417306,
        "alanine_content": 0.21299638989169675,
        "glycine_content": 0.061371841155234655,
        "num_residues": 277,
        "diffused_com": [
            -2.4393255710601807,
            6.6084747314453125,
            -0.9951431155204773
        ],
        "fixed_com": [
            0.0016526442486792803,
            0.00045072115608491004,
            9.390024206368253e-05
        ]
    },
    "specification": {
        "input": "/home/iska/amelie-ai/ThermoGFN/data/rfd3/ccd_ligands/structures/D4Q.cif",
        "length": "20-400",
        "ligand": "D4Q",
        "extra": {
            "example": "ligand_525_ccd_d4q",
            "task_name": "spec_ligand_525_ccd_d4q_ligand_525_ccd_d4q",
            "sampled_contig": "277",
            "num_tokens_in": 278,
            "num_residues_in": 278,
            "num_chains": 2,
            "num_atoms": 1411,
            "num_residues": 280,
            "example_id": "spec_ligand_525_ccd_d4q_ligand_525_ccd_d4q_0"
        },
        "select_fixed_atoms": {
            "D4Q": "ALL"
        },
        "select_unfixed_sequence": false
    },
    "ckpt_path": "/home/iska/amelie-ai/ThermoGFN/weights/rfd3_latest.ckpt",
    "seed": null
}