{
    "diffused_index_map": {},
    "metrics": {
        "max_ca_deviation": 0.06125593185424805,
        "n_chainbreaks": 0,
        "n_clashing.interresidue_clashes_w_sidechain": 0,
        "n_clashing.interresidue_clashes_w_backbone": 0,
        "n_clashing.ligand_clashes": 0,
        "n_clashing.ligand_min_distance": 4.596930503845215,
        "non_loop_fraction": 0.6466165413533834,
        "loop_fraction": 0.3533834586466165,
        "helix_fraction": 0.07518796992481203,
        "sheet_fraction": 0.5714285714285714,
        "num_ss_elements": 12,
        "radius_of_gyration": 13.872367564783422,
        "alanine_content": 0.11278195488721804,
        "glycine_content": 0.03759398496240601,
        "num_residues": 133,
        "diffused_com": [
            1.2337114810943604,
            0.5151844024658203,
            -0.8952677249908447
        ],
        "fixed_com": [
            0.0016526442486792803,
            0.00045072115608491004,
            9.390024206368253e-05
        ]
    },
    "specification": {
        "input": "/home/iska/amelie-ai/ThermoGFN/data/rfd3/ccd_ligands/structures/D4Q.cif",
        "length": "20-400",
        "ligand": "D4Q",
        "extra": {
            "example": "ligand_525_ccd_d4q",
            "task_name": "spec_ligand_525_ccd_d4q_ligand_525_ccd_d4q",
            "sampled_contig": "133",
            "num_tokens_in": 134,
            "num_residues_in": 134,
            "num_chains": 2,
            "num_atoms": 691,
            "num_residues": 136,
            "example_id": "spec_ligand_525_ccd_d4q_ligand_525_ccd_d4q_1"
        },
        "select_fixed_atoms": {
            "D4Q": "ALL"
        },
        "select_unfixed_sequence": false
    },
    "ckpt_path": "/home/iska/amelie-ai/ThermoGFN/weights/rfd3_latest.ckpt",
    "seed": null
}