{
    "diffused_index_map": {},
    "metrics": {
        "max_ca_deviation": 0.05081319808959961,
        "n_chainbreaks": 0,
        "n_clashing.interresidue_clashes_w_sidechain": 0,
        "n_clashing.interresidue_clashes_w_backbone": 0,
        "n_clashing.ligand_clashes": 0,
        "n_clashing.ligand_min_distance": 3.7751312255859375,
        "non_loop_fraction": 0.5906040268456376,
        "loop_fraction": 0.40939597315436244,
        "helix_fraction": 0.30201342281879195,
        "sheet_fraction": 0.28859060402684567,
        "num_ss_elements": 10,
        "radius_of_gyration": 14.342779163503755,
        "alanine_content": 0.174496644295302,
        "glycine_content": 0.053691275167785234,
        "num_residues": 149,
        "diffused_com": [
            0.3860473930835724,
            0.47121167182922363,
            -1.7890346050262451
        ],
        "fixed_com": [
            0.0006975446594879031,
            -2.325148852833081e-05,
            4.650297705666162e-05
        ]
    },
    "specification": {
        "input": "/home/iska/amelie-ai/ThermoGFN/data/rfd3/ccd_ligands/structures/A1D48.cif",
        "length": "20-400",
        "ligand": "A1D48",
        "extra": {
            "example": "ligand_268_ccd_a1d48",
            "task_name": "spec_ligand_268_ccd_a1d48_ligand_268_ccd_a1d48",
            "sampled_contig": "149",
            "num_tokens_in": 150,
            "num_residues_in": 150,
            "num_chains": 2,
            "num_atoms": 766,
            "num_residues": 152,
            "example_id": "spec_ligand_268_ccd_a1d48_ligand_268_ccd_a1d48_2"
        },
        "select_fixed_atoms": {
            "A1D48": "ALL"
        },
        "select_unfixed_sequence": false
    },
    "ckpt_path": "/home/iska/amelie-ai/ThermoGFN/weights/rfd3_latest.ckpt",
    "seed": null
}