{
    "diffused_index_map": {},
    "metrics": {
        "max_ca_deviation": 0.03848600387573242,
        "n_chainbreaks": 0,
        "n_clashing.interresidue_clashes_w_sidechain": 0,
        "n_clashing.interresidue_clashes_w_backbone": 0,
        "n_clashing.ligand_clashes": 0,
        "n_clashing.ligand_min_distance": 3.4251835346221924,
        "non_loop_fraction": 0.5268817204301075,
        "loop_fraction": 0.4731182795698925,
        "helix_fraction": 0.0967741935483871,
        "sheet_fraction": 0.43010752688172044,
        "num_ss_elements": 7,
        "radius_of_gyration": 12.020033994991916,
        "alanine_content": 0.15053763440860216,
        "glycine_content": 0.07526881720430108,
        "num_residues": 93,
        "diffused_com": [
            2.7167787551879883,
            -2.47489333152771,
            1.866829752922058
        ],
        "fixed_com": [
            0.0006975446594879031,
            -2.325148852833081e-05,
            4.650297705666162e-05
        ]
    },
    "specification": {
        "input": "/home/iska/amelie-ai/ThermoGFN/data/rfd3/ccd_ligands/structures/A1D48.cif",
        "length": "20-400",
        "ligand": "A1D48",
        "extra": {
            "example": "ligand_268_ccd_a1d48",
            "task_name": "spec_ligand_268_ccd_a1d48_ligand_268_ccd_a1d48",
            "sampled_contig": "93",
            "num_tokens_in": 94,
            "num_residues_in": 94,
            "num_chains": 2,
            "num_atoms": 486,
            "num_residues": 96,
            "example_id": "spec_ligand_268_ccd_a1d48_ligand_268_ccd_a1d48_0"
        },
        "select_fixed_atoms": {
            "A1D48": "ALL"
        },
        "select_unfixed_sequence": false
    },
    "ckpt_path": "/home/iska/amelie-ai/ThermoGFN/weights/rfd3_latest.ckpt",
    "seed": null
}