{
    "diffused_index_map": {},
    "metrics": {
        "max_ca_deviation": 0.07697749137878418,
        "n_chainbreaks": 0,
        "n_clashing.interresidue_clashes_w_sidechain": 0,
        "n_clashing.interresidue_clashes_w_backbone": 0,
        "n_clashing.ligand_clashes": 0,
        "n_clashing.ligand_min_distance": 3.2260825634002686,
        "non_loop_fraction": 0.6428571428571428,
        "loop_fraction": 0.35714285714285715,
        "helix_fraction": 0.47023809523809523,
        "sheet_fraction": 0.17261904761904762,
        "num_ss_elements": 12,
        "radius_of_gyration": 14.277380307809416,
        "alanine_content": 0.31547619047619047,
        "glycine_content": 0.041666666666666664,
        "num_residues": 168,
        "diffused_com": [
            -1.7939343452453613,
            -2.539555549621582,
            4.535946369171143
        ],
        "fixed_com": [
            0.0010579427471384406,
            0.00048319497727788985,
            -0.00015767414879519492
        ]
    },
    "specification": {
        "input": "/home/iska/amelie-ai/ThermoGFN/data/rfd3/ccd_ligands/structures/A1ATU.cif",
        "length": "20-400",
        "ligand": "A1ATU",
        "extra": {
            "example": "ligand_461_ccd_a1atu",
            "task_name": "spec_ligand_461_ccd_a1atu_ligand_461_ccd_a1atu",
            "sampled_contig": "168",
            "num_tokens_in": 169,
            "num_residues_in": 169,
            "num_chains": 2,
            "num_atoms": 864,
            "num_residues": 171,
            "example_id": "spec_ligand_461_ccd_a1atu_ligand_461_ccd_a1atu_0"
        },
        "select_fixed_atoms": {
            "A1ATU": "ALL"
        },
        "select_unfixed_sequence": false
    },
    "ckpt_path": "/home/iska/amelie-ai/ThermoGFN/weights/rfd3_latest.ckpt",
    "seed": null
}