{
    "diffused_index_map": {},
    "metrics": {
        "max_ca_deviation": 0.8087806701660156,
        "n_chainbreaks": 1,
        "n_clashing.interresidue_clashes_w_sidechain": 0,
        "n_clashing.interresidue_clashes_w_backbone": 0,
        "n_clashing.ligand_clashes": 0,
        "n_clashing.ligand_min_distance": 3.445603132247925,
        "non_loop_fraction": 0.6677966101694915,
        "loop_fraction": 0.33220338983050846,
        "helix_fraction": 0.5423728813559322,
        "sheet_fraction": 0.12542372881355932,
        "num_ss_elements": 15,
        "radius_of_gyration": 16.7056569438505,
        "alanine_content": 0.4067796610169492,
        "glycine_content": 0.05084745762711865,
        "num_residues": 295,
        "diffused_com": [
            -0.919619619846344,
            5.453662395477295,
            -0.2634035348892212
        ],
        "fixed_com": [
            0.0012394831283017993,
            -0.00033804087433964014,
            8.451021858491004e-05
        ]
    },
    "specification": {
        "input": "/home/iska/amelie-ai/ThermoGFN/data/rfd3/ccd_ligands/structures/3W9.cif",
        "length": "20-400",
        "ligand": "3W9",
        "extra": {
            "example": "ligand_028_ccd_3w9",
            "task_name": "spec_ligand_028_ccd_3w9_ligand_028_ccd_3w9",
            "sampled_contig": "295",
            "num_tokens_in": 296,
            "num_residues_in": 296,
            "num_chains": 2,
            "num_atoms": 1488,
            "num_residues": 298,
            "example_id": "spec_ligand_028_ccd_3w9_ligand_028_ccd_3w9_0"
        },
        "select_fixed_atoms": {
            "3W9": "ALL"
        },
        "select_unfixed_sequence": false
    },
    "ckpt_path": "/home/iska/amelie-ai/ThermoGFN/weights/rfd3_latest.ckpt",
    "seed": null
}