{
    "diffused_index_map": {},
    "metrics": {
        "max_ca_deviation": 0.09515810012817383,
        "n_chainbreaks": 0,
        "n_clashing.interresidue_clashes_w_sidechain": 0,
        "n_clashing.interresidue_clashes_w_backbone": 0,
        "n_clashing.ligand_clashes": 0,
        "n_clashing.ligand_min_distance": 3.7651751041412354,
        "non_loop_fraction": 0.6815476190476191,
        "loop_fraction": 0.31845238095238093,
        "helix_fraction": 0.5386904761904762,
        "sheet_fraction": 0.14285714285714285,
        "num_ss_elements": 19,
        "radius_of_gyration": 17.653586130584692,
        "alanine_content": 0.49107142857142855,
        "glycine_content": 0.06845238095238096,
        "num_residues": 336,
        "diffused_com": [
            -2.374758243560791,
            4.564103126525879,
            -3.324193239212036
        ],
        "fixed_com": [
            -0.0009014423121698201,
            7.512019510613754e-05,
            -0.00010094275785377249
        ]
    },
    "specification": {
        "input": "/home/iska/amelie-ai/ThermoGFN/data/rfd3/ccd_ligands/structures/IG8.cif",
        "length": "20-400",
        "ligand": "IG8",
        "extra": {
            "example": "ligand_053_ccd_ig8",
            "task_name": "spec_ligand_053_ccd_ig8_ligand_053_ccd_ig8",
            "sampled_contig": "336",
            "num_tokens_in": 337,
            "num_residues_in": 337,
            "num_chains": 2,
            "num_atoms": 1693,
            "num_residues": 339,
            "example_id": "spec_ligand_053_ccd_ig8_ligand_053_ccd_ig8_0"
        },
        "select_fixed_atoms": {
            "IG8": "ALL"
        },
        "select_unfixed_sequence": false
    },
    "ckpt_path": "/home/iska/amelie-ai/ThermoGFN/weights/rfd3_latest.ckpt",
    "seed": null
}