{
    "diffused_index_map": {},
    "metrics": {
        "max_ca_deviation": 0.07996726036071777,
        "n_chainbreaks": 0,
        "n_clashing.interresidue_clashes_w_sidechain": 0,
        "n_clashing.interresidue_clashes_w_backbone": 0,
        "n_clashing.ligand_clashes": 0,
        "n_clashing.ligand_min_distance": 4.26814603805542,
        "non_loop_fraction": 0.7738693467336684,
        "loop_fraction": 0.22613065326633167,
        "helix_fraction": 0.7236180904522613,
        "sheet_fraction": 0.05025125628140704,
        "num_ss_elements": 8,
        "radius_of_gyration": 16.63102427944343,
        "alanine_content": 0.37185929648241206,
        "glycine_content": 0.020100502512562814,
        "num_residues": 199,
        "diffused_com": [
            0.6889955401420593,
            -0.6577209830284119,
            -0.8723689913749695
        ],
        "fixed_com": [
            -0.0011888586450368166,
            4.245923992129974e-05,
            0.0003715183411259204
        ]
    },
    "specification": {
        "input": "/home/iska/amelie-ai/ThermoGFN/data/rfd3/ccd_ligands/structures/92R.cif",
        "length": "20-400",
        "ligand": "92R",
        "extra": {
            "example": "ligand_355_ccd_92r",
            "task_name": "spec_ligand_355_ccd_92r_ligand_355_ccd_92r",
            "sampled_contig": "199",
            "num_tokens_in": 200,
            "num_residues_in": 200,
            "num_chains": 2,
            "num_atoms": 1018,
            "num_residues": 202,
            "example_id": "spec_ligand_355_ccd_92r_ligand_355_ccd_92r_1"
        },
        "select_fixed_atoms": {
            "92R": "ALL"
        },
        "select_unfixed_sequence": false
    },
    "ckpt_path": "/home/iska/amelie-ai/ThermoGFN/weights/rfd3_latest.ckpt",
    "seed": null
}