{
    "diffused_index_map": {},
    "metrics": {
        "max_ca_deviation": 0.06961512565612793,
        "n_chainbreaks": 0,
        "n_clashing.interresidue_clashes_w_sidechain": 0,
        "n_clashing.interresidue_clashes_w_backbone": 0,
        "n_clashing.ligand_clashes": 0,
        "n_clashing.ligand_min_distance": 3.7600858211517334,
        "non_loop_fraction": 0.6514285714285715,
        "loop_fraction": 0.3485714285714286,
        "helix_fraction": 0.38857142857142857,
        "sheet_fraction": 0.26285714285714284,
        "num_ss_elements": 10,
        "radius_of_gyration": 14.852808194011223,
        "alanine_content": 0.3485714285714286,
        "glycine_content": 0.06285714285714286,
        "num_residues": 175,
        "diffused_com": [
            1.4702409505844116,
            4.920116424560547,
            2.169053554534912
        ],
        "fixed_com": [
            -0.0011888586450368166,
            4.245923992129974e-05,
            0.0003715183411259204
        ]
    },
    "specification": {
        "input": "/home/iska/amelie-ai/ThermoGFN/data/rfd3/ccd_ligands/structures/92R.cif",
        "length": "20-400",
        "ligand": "92R",
        "extra": {
            "example": "ligand_355_ccd_92r",
            "task_name": "spec_ligand_355_ccd_92r_ligand_355_ccd_92r",
            "sampled_contig": "175",
            "num_tokens_in": 176,
            "num_residues_in": 176,
            "num_chains": 2,
            "num_atoms": 898,
            "num_residues": 178,
            "example_id": "spec_ligand_355_ccd_92r_ligand_355_ccd_92r_2"
        },
        "select_fixed_atoms": {
            "92R": "ALL"
        },
        "select_unfixed_sequence": false
    },
    "ckpt_path": "/home/iska/amelie-ai/ThermoGFN/weights/rfd3_latest.ckpt",
    "seed": null
}