{
    "diffused_index_map": {},
    "metrics": {
        "max_ca_deviation": 0.06444716453552246,
        "n_chainbreaks": 0,
        "n_clashing.interresidue_clashes_w_sidechain": 0,
        "n_clashing.interresidue_clashes_w_backbone": 0,
        "n_clashing.ligand_clashes": 0,
        "n_clashing.ligand_min_distance": 4.69817590713501,
        "non_loop_fraction": 0.5151515151515151,
        "loop_fraction": 0.48484848484848486,
        "helix_fraction": 0.13636363636363635,
        "sheet_fraction": 0.3787878787878788,
        "num_ss_elements": 10,
        "radius_of_gyration": 13.479561942440215,
        "alanine_content": 0.14393939393939395,
        "glycine_content": 0.06060606060606061,
        "num_residues": 132,
        "diffused_com": [
            -0.9912110567092896,
            -0.11372455209493637,
            1.0618890523910522
        ],
        "fixed_com": [
            -0.0007768110954202712,
            -0.0005104758311063051,
            -8.877841173671186e-05
        ]
    },
    "specification": {
        "input": "/home/iska/amelie-ai/ThermoGFN/data/rfd3/ccd_ligands/structures/CQ9.cif",
        "length": "20-400",
        "ligand": "CQ9",
        "extra": {
            "example": "ligand_317_ccd_cq9",
            "task_name": "spec_ligand_317_ccd_cq9_ligand_317_ccd_cq9",
            "sampled_contig": "132",
            "num_tokens_in": 133,
            "num_residues_in": 133,
            "num_chains": 2,
            "num_atoms": 682,
            "num_residues": 135,
            "example_id": "spec_ligand_317_ccd_cq9_ligand_317_ccd_cq9_1"
        },
        "select_fixed_atoms": {
            "CQ9": "ALL"
        },
        "select_unfixed_sequence": false
    },
    "ckpt_path": "/home/iska/amelie-ai/ThermoGFN/weights/rfd3_latest.ckpt",
    "seed": null
}