{
    "diffused_index_map": {},
    "metrics": {
        "max_ca_deviation": 0.06672072410583496,
        "n_chainbreaks": 0,
        "n_clashing.interresidue_clashes_w_sidechain": 3,
        "n_clashing.interresidue_clashes_w_backbone": 0,
        "n_clashing.ligand_clashes": 0,
        "n_clashing.ligand_min_distance": 4.251093864440918,
        "non_loop_fraction": 0.6183431952662721,
        "loop_fraction": 0.3816568047337278,
        "helix_fraction": 0.47337278106508873,
        "sheet_fraction": 0.14497041420118342,
        "num_ss_elements": 19,
        "radius_of_gyration": 17.882032841276686,
        "alanine_content": 0.3816568047337278,
        "glycine_content": 0.0621301775147929,
        "num_residues": 338,
        "diffused_com": [
            -1.2659412622451782,
            1.9907342195510864,
            -0.38569602370262146
        ],
        "fixed_com": [
            0.0015055338153615594,
            0.0008951823110692203,
            0.0010579427471384406
        ]
    },
    "specification": {
        "input": "/home/iska/amelie-ai/ThermoGFN/data/rfd3/ccd_ligands/structures/GG3.cif",
        "length": "20-400",
        "ligand": "GG3",
        "extra": {
            "example": "ligand_548_ccd_gg3",
            "task_name": "spec_ligand_548_ccd_gg3_ligand_548_ccd_gg3",
            "sampled_contig": "338",
            "num_tokens_in": 339,
            "num_residues_in": 339,
            "num_chains": 2,
            "num_atoms": 1714,
            "num_residues": 341,
            "example_id": "spec_ligand_548_ccd_gg3_ligand_548_ccd_gg3_1"
        },
        "select_fixed_atoms": {
            "GG3": "ALL"
        },
        "select_unfixed_sequence": false
    },
    "ckpt_path": "/home/iska/amelie-ai/ThermoGFN/weights/rfd3_latest.ckpt",
    "seed": null
}