{
    "diffused_index_map": {},
    "metrics": {
        "max_ca_deviation": 0.04541826248168945,
        "n_chainbreaks": 0,
        "n_clashing.interresidue_clashes_w_sidechain": 0,
        "n_clashing.interresidue_clashes_w_backbone": 0,
        "n_clashing.ligand_clashes": 0,
        "n_clashing.ligand_min_distance": 2.9544484615325928,
        "non_loop_fraction": 0.5428571428571428,
        "loop_fraction": 0.45714285714285713,
        "helix_fraction": 0.11428571428571428,
        "sheet_fraction": 0.42857142857142855,
        "num_ss_elements": 10,
        "radius_of_gyration": 13.788615027780242,
        "alanine_content": 0.12857142857142856,
        "glycine_content": 0.05714285714285714,
        "num_residues": 140,
        "diffused_com": [
            1.243857979774475,
            0.036733049899339676,
            -0.24056404829025269
        ],
        "fixed_com": [
            0.0015055338153615594,
            0.0008951823110692203,
            0.0010579427471384406
        ]
    },
    "specification": {
        "input": "/home/iska/amelie-ai/ThermoGFN/data/rfd3/ccd_ligands/structures/GG3.cif",
        "length": "20-400",
        "ligand": "GG3",
        "extra": {
            "example": "ligand_548_ccd_gg3",
            "task_name": "spec_ligand_548_ccd_gg3_ligand_548_ccd_gg3",
            "sampled_contig": "140",
            "num_tokens_in": 141,
            "num_residues_in": 141,
            "num_chains": 2,
            "num_atoms": 724,
            "num_residues": 143,
            "example_id": "spec_ligand_548_ccd_gg3_ligand_548_ccd_gg3_0"
        },
        "select_fixed_atoms": {
            "GG3": "ALL"
        },
        "select_unfixed_sequence": false
    },
    "ckpt_path": "/home/iska/amelie-ai/ThermoGFN/weights/rfd3_latest.ckpt",
    "seed": null
}