{
    "diffused_index_map": {},
    "metrics": {
        "max_ca_deviation": 0.08424520492553711,
        "n_chainbreaks": 0,
        "n_clashing.interresidue_clashes_w_sidechain": 0,
        "n_clashing.interresidue_clashes_w_backbone": 0,
        "n_clashing.ligand_clashes": 0,
        "n_clashing.ligand_min_distance": 2.9226372241973877,
        "non_loop_fraction": 0.7571428571428572,
        "loop_fraction": 0.24285714285714285,
        "helix_fraction": 0.675,
        "sheet_fraction": 0.08214285714285714,
        "num_ss_elements": 18,
        "radius_of_gyration": 17.123224633555814,
        "alanine_content": 0.39285714285714285,
        "glycine_content": 0.08928571428571429,
        "num_residues": 280,
        "diffused_com": [
            0.9418123960494995,
            0.6469377875328064,
            -1.4542256593704224
        ],
        "fixed_com": [
            -0.00029721466125920415,
            -0.00012737771612592041,
            7.430366531480104e-05
        ]
    },
    "specification": {
        "input": "/home/iska/amelie-ai/ThermoGFN/data/rfd3/ccd_ligands/structures/97M.cif",
        "length": "20-400",
        "ligand": "97M",
        "extra": {
            "example": "ligand_404_ccd_97m",
            "task_name": "spec_ligand_404_ccd_97m_ligand_404_ccd_97m",
            "sampled_contig": "280",
            "num_tokens_in": 281,
            "num_residues_in": 281,
            "num_chains": 2,
            "num_atoms": 1423,
            "num_residues": 283,
            "example_id": "spec_ligand_404_ccd_97m_ligand_404_ccd_97m_1"
        },
        "select_fixed_atoms": {
            "97M": "ALL"
        },
        "select_unfixed_sequence": false
    },
    "ckpt_path": "/home/iska/amelie-ai/ThermoGFN/weights/rfd3_latest.ckpt",
    "seed": null
}