{
    "diffused_index_map": {},
    "metrics": {
        "max_ca_deviation": 0.08206558227539062,
        "n_chainbreaks": 0,
        "n_clashing.interresidue_clashes_w_sidechain": 0,
        "n_clashing.interresidue_clashes_w_backbone": 0,
        "n_clashing.ligand_clashes": 0,
        "n_clashing.ligand_min_distance": 1.5579355955123901,
        "non_loop_fraction": 0.6653696498054474,
        "loop_fraction": 0.3346303501945525,
        "helix_fraction": 0.48638132295719844,
        "sheet_fraction": 0.17898832684824903,
        "num_ss_elements": 18,
        "radius_of_gyration": 16.626270807661054,
        "alanine_content": 0.33073929961089493,
        "glycine_content": 0.08560311284046693,
        "num_residues": 257,
        "diffused_com": [
            0.12969009578227997,
            2.6583797931671143,
            0.4030921161174774
        ],
        "fixed_com": [
            -0.00029721466125920415,
            -0.00012737771612592041,
            7.430366531480104e-05
        ]
    },
    "specification": {
        "input": "/home/iska/amelie-ai/ThermoGFN/data/rfd3/ccd_ligands/structures/97M.cif",
        "length": "20-400",
        "ligand": "97M",
        "extra": {
            "example": "ligand_404_ccd_97m",
            "task_name": "spec_ligand_404_ccd_97m_ligand_404_ccd_97m",
            "sampled_contig": "257",
            "num_tokens_in": 258,
            "num_residues_in": 258,
            "num_chains": 2,
            "num_atoms": 1308,
            "num_residues": 260,
            "example_id": "spec_ligand_404_ccd_97m_ligand_404_ccd_97m_0"
        },
        "select_fixed_atoms": {
            "97M": "ALL"
        },
        "select_unfixed_sequence": false
    },
    "ckpt_path": "/home/iska/amelie-ai/ThermoGFN/weights/rfd3_latest.ckpt",
    "seed": null
}