{
    "diffused_index_map": {},
    "metrics": {
        "max_ca_deviation": 0.09479975700378418,
        "n_chainbreaks": 0,
        "n_clashing.interresidue_clashes_w_sidechain": 0,
        "n_clashing.interresidue_clashes_w_backbone": 0,
        "n_clashing.ligand_clashes": 0,
        "n_clashing.ligand_min_distance": 2.960853338241577,
        "non_loop_fraction": 0.6503856041131105,
        "loop_fraction": 0.3496143958868895,
        "helix_fraction": 0.46272493573264784,
        "sheet_fraction": 0.18766066838046272,
        "num_ss_elements": 23,
        "radius_of_gyration": 18.447722301644543,
        "alanine_content": 0.3676092544987147,
        "glycine_content": 0.08997429305912596,
        "num_residues": 389,
        "diffused_com": [
            1.3652325868606567,
            1.4526458978652954,
            -1.3076438903808594
        ],
        "fixed_com": [
            0.0006860351422801614,
            -0.0009277343633584678,
            -0.0003710937453433871
        ]
    },
    "specification": {
        "input": "/home/iska/amelie-ai/ThermoGFN/data/rfd3/ccd_ligands/structures/UM8.cif",
        "length": "20-400",
        "ligand": "UM8",
        "extra": {
            "example": "ligand_415_ccd_um8",
            "task_name": "spec_ligand_415_ccd_um8_ligand_415_ccd_um8",
            "sampled_contig": "389",
            "num_tokens_in": 390,
            "num_residues_in": 390,
            "num_chains": 2,
            "num_atoms": 1970,
            "num_residues": 392,
            "example_id": "spec_ligand_415_ccd_um8_ligand_415_ccd_um8_2"
        },
        "select_fixed_atoms": {
            "UM8": "ALL"
        },
        "select_unfixed_sequence": false
    },
    "ckpt_path": "/home/iska/amelie-ai/ThermoGFN/weights/rfd3_latest.ckpt",
    "seed": null
}