{
    "diffused_index_map": {},
    "metrics": {
        "max_ca_deviation": 0.07819032669067383,
        "n_chainbreaks": 0,
        "n_clashing.interresidue_clashes_w_sidechain": 0,
        "n_clashing.interresidue_clashes_w_backbone": 0,
        "n_clashing.ligand_clashes": 0,
        "n_clashing.ligand_min_distance": 3.3614003658294678,
        "non_loop_fraction": 0.4090909090909091,
        "loop_fraction": 0.5909090909090909,
        "helix_fraction": 0.08080808080808081,
        "sheet_fraction": 0.3282828282828283,
        "num_ss_elements": 11,
        "radius_of_gyration": 15.023543793776845,
        "alanine_content": 0.23232323232323232,
        "glycine_content": 0.0707070707070707,
        "num_residues": 198,
        "diffused_com": [
            -0.9238578677177429,
            -6.1594953536987305,
            0.9794465899467468
        ],
        "fixed_com": [
            0.0006860351422801614,
            -0.0009277343633584678,
            -0.0003710937453433871
        ]
    },
    "specification": {
        "input": "/home/iska/amelie-ai/ThermoGFN/data/rfd3/ccd_ligands/structures/UM8.cif",
        "length": "20-400",
        "ligand": "UM8",
        "extra": {
            "example": "ligand_415_ccd_um8",
            "task_name": "spec_ligand_415_ccd_um8_ligand_415_ccd_um8",
            "sampled_contig": "198",
            "num_tokens_in": 199,
            "num_residues_in": 199,
            "num_chains": 2,
            "num_atoms": 1015,
            "num_residues": 201,
            "example_id": "spec_ligand_415_ccd_um8_ligand_415_ccd_um8_1"
        },
        "select_fixed_atoms": {
            "UM8": "ALL"
        },
        "select_unfixed_sequence": false
    },
    "ckpt_path": "/home/iska/amelie-ai/ThermoGFN/weights/rfd3_latest.ckpt",
    "seed": null
}