{
    "diffused_index_map": {},
    "metrics": {
        "max_ca_deviation": 0.07320213317871094,
        "n_chainbreaks": 0,
        "n_clashing.interresidue_clashes_w_sidechain": 0,
        "n_clashing.interresidue_clashes_w_backbone": 0,
        "n_clashing.ligand_clashes": 0,
        "n_clashing.ligand_min_distance": 3.080477476119995,
        "non_loop_fraction": 0.6190476190476191,
        "loop_fraction": 0.38095238095238093,
        "helix_fraction": 0.3673469387755102,
        "sheet_fraction": 0.25170068027210885,
        "num_ss_elements": 9,
        "radius_of_gyration": 13.998608491534686,
        "alanine_content": 0.23129251700680273,
        "glycine_content": 0.027210884353741496,
        "num_residues": 147,
        "diffused_com": [
            2.120220184326172,
            2.624577045440674,
            -0.6401239037513733
        ],
        "fixed_com": [
            0.0006860351422801614,
            -0.0009277343633584678,
            -0.0003710937453433871
        ]
    },
    "specification": {
        "input": "/home/iska/amelie-ai/ThermoGFN/data/rfd3/ccd_ligands/structures/UM8.cif",
        "length": "20-400",
        "ligand": "UM8",
        "extra": {
            "example": "ligand_415_ccd_um8",
            "task_name": "spec_ligand_415_ccd_um8_ligand_415_ccd_um8",
            "sampled_contig": "147",
            "num_tokens_in": 148,
            "num_residues_in": 148,
            "num_chains": 2,
            "num_atoms": 760,
            "num_residues": 150,
            "example_id": "spec_ligand_415_ccd_um8_ligand_415_ccd_um8_0"
        },
        "select_fixed_atoms": {
            "UM8": "ALL"
        },
        "select_unfixed_sequence": false
    },
    "ckpt_path": "/home/iska/amelie-ai/ThermoGFN/weights/rfd3_latest.ckpt",
    "seed": null
}