{
    "diffused_index_map": {},
    "metrics": {
        "max_ca_deviation": 0.05087542533874512,
        "n_chainbreaks": 0,
        "n_clashing.interresidue_clashes_w_sidechain": 0,
        "n_clashing.interresidue_clashes_w_backbone": 0,
        "n_clashing.ligand_clashes": 0,
        "n_clashing.ligand_min_distance": 3.7751898765563965,
        "non_loop_fraction": 0.520618556701031,
        "loop_fraction": 0.4793814432989691,
        "helix_fraction": 0.4072164948453608,
        "sheet_fraction": 0.1134020618556701,
        "num_ss_elements": 10,
        "radius_of_gyration": 15.956998780639996,
        "alanine_content": 0.14432989690721648,
        "glycine_content": 0.041237113402061855,
        "num_residues": 194,
        "diffused_com": [
            -0.08714655041694641,
            -3.2222323417663574,
            1.9700596332550049
        ],
        "fixed_com": [
            -0.0017903646221384406,
            0.0008138020639307797,
            1.8676122408578522e-06
        ]
    },
    "specification": {
        "input": "/home/iska/amelie-ai/ThermoGFN/data/rfd3/ccd_ligands/structures/29H.cif",
        "length": "20-400",
        "ligand": "29H",
        "extra": {
            "example": "ligand_009_ccd_29h",
            "task_name": "spec_ligand_009_ccd_29h_ligand_009_ccd_29h",
            "sampled_contig": "194",
            "num_tokens_in": 195,
            "num_residues_in": 195,
            "num_chains": 2,
            "num_atoms": 982,
            "num_residues": 197,
            "example_id": "spec_ligand_009_ccd_29h_ligand_009_ccd_29h_2"
        },
        "select_fixed_atoms": {
            "29H": "ALL"
        },
        "select_unfixed_sequence": false
    },
    "ckpt_path": "/home/iska/amelie-ai/ThermoGFN/weights/rfd3_latest.ckpt",
    "seed": null
}