{
    "diffused_index_map": {},
    "metrics": {
        "max_ca_deviation": 0.06483745574951172,
        "n_chainbreaks": 0,
        "n_clashing.interresidue_clashes_w_sidechain": 0,
        "n_clashing.interresidue_clashes_w_backbone": 0,
        "n_clashing.ligand_clashes": 0,
        "n_clashing.ligand_min_distance": 2.6516592502593994,
        "non_loop_fraction": 0.6837944664031621,
        "loop_fraction": 0.31620553359683795,
        "helix_fraction": 0.5138339920948617,
        "sheet_fraction": 0.16996047430830039,
        "num_ss_elements": 14,
        "radius_of_gyration": 16.15569814501607,
        "alanine_content": 0.3241106719367589,
        "glycine_content": 0.05533596837944664,
        "num_residues": 253,
        "diffused_com": [
            3.5205342769622803,
            3.67470121383667,
            0.6282380819320679
        ],
        "fixed_com": [
            -0.0008223684271797538,
            -0.000263414898654446,
            5.139802669873461e-05
        ]
    },
    "specification": {
        "input": "/home/iska/amelie-ai/ThermoGFN/data/rfd3/ccd_ligands/structures/92N.cif",
        "length": "20-400",
        "ligand": "92N",
        "extra": {
            "example": "ligand_216_ccd_92n",
            "task_name": "spec_ligand_216_ccd_92n_ligand_216_ccd_92n",
            "sampled_contig": "253",
            "num_tokens_in": 254,
            "num_residues_in": 254,
            "num_chains": 2,
            "num_atoms": 1284,
            "num_residues": 256,
            "example_id": "spec_ligand_216_ccd_92n_ligand_216_ccd_92n_0"
        },
        "select_fixed_atoms": {
            "92N": "ALL"
        },
        "select_unfixed_sequence": false
    },
    "ckpt_path": "/home/iska/amelie-ai/ThermoGFN/weights/rfd3_latest.ckpt",
    "seed": null
}