{
    "diffused_index_map": {},
    "metrics": {
        "max_ca_deviation": 0.08842897415161133,
        "n_chainbreaks": 0,
        "n_clashing.interresidue_clashes_w_sidechain": 0,
        "n_clashing.interresidue_clashes_w_backbone": 0,
        "n_clashing.ligand_clashes": 0,
        "n_clashing.ligand_min_distance": 4.118803024291992,
        "non_loop_fraction": 0.6594982078853047,
        "loop_fraction": 0.34050179211469533,
        "helix_fraction": 0.48028673835125446,
        "sheet_fraction": 0.17921146953405018,
        "num_ss_elements": 17,
        "radius_of_gyration": 16.748834612317076,
        "alanine_content": 0.44086021505376344,
        "glycine_content": 0.053763440860215055,
        "num_residues": 279,
        "diffused_com": [
            3.0678083896636963,
            -0.9880794882774353,
            -0.4441533386707306
        ],
        "fixed_com": [
            -0.0008223684271797538,
            -0.000263414898654446,
            5.139802669873461e-05
        ]
    },
    "specification": {
        "input": "/home/iska/amelie-ai/ThermoGFN/data/rfd3/ccd_ligands/structures/92N.cif",
        "length": "20-400",
        "ligand": "92N",
        "extra": {
            "example": "ligand_216_ccd_92n",
            "task_name": "spec_ligand_216_ccd_92n_ligand_216_ccd_92n",
            "sampled_contig": "279",
            "num_tokens_in": 280,
            "num_residues_in": 280,
            "num_chains": 2,
            "num_atoms": 1414,
            "num_residues": 282,
            "example_id": "spec_ligand_216_ccd_92n_ligand_216_ccd_92n_1"
        },
        "select_fixed_atoms": {
            "92N": "ALL"
        },
        "select_unfixed_sequence": false
    },
    "ckpt_path": "/home/iska/amelie-ai/ThermoGFN/weights/rfd3_latest.ckpt",
    "seed": null
}