{
    "diffused_index_map": {},
    "metrics": {
        "max_ca_deviation": 0.09101152420043945,
        "n_chainbreaks": 0,
        "n_clashing.interresidue_clashes_w_sidechain": 0,
        "n_clashing.interresidue_clashes_w_backbone": 0,
        "n_clashing.ligand_clashes": 0,
        "n_clashing.ligand_min_distance": 4.007626056671143,
        "non_loop_fraction": 0.6378737541528239,
        "loop_fraction": 0.36212624584717606,
        "helix_fraction": 0.46179401993355484,
        "sheet_fraction": 0.1760797342192691,
        "num_ss_elements": 22,
        "radius_of_gyration": 17.526751336184347,
        "alanine_content": 0.4186046511627907,
        "glycine_content": 0.07308970099667775,
        "num_residues": 301,
        "diffused_com": [
            -3.4180619716644287,
            -0.5484415888786316,
            0.04897712543606758
        ],
        "fixed_com": [
            -0.0008223684271797538,
            -0.000263414898654446,
            5.139802669873461e-05
        ]
    },
    "specification": {
        "input": "/home/iska/amelie-ai/ThermoGFN/data/rfd3/ccd_ligands/structures/92N.cif",
        "length": "20-400",
        "ligand": "92N",
        "extra": {
            "example": "ligand_216_ccd_92n",
            "task_name": "spec_ligand_216_ccd_92n_ligand_216_ccd_92n",
            "sampled_contig": "301",
            "num_tokens_in": 302,
            "num_residues_in": 302,
            "num_chains": 2,
            "num_atoms": 1524,
            "num_residues": 304,
            "example_id": "spec_ligand_216_ccd_92n_ligand_216_ccd_92n_2"
        },
        "select_fixed_atoms": {
            "92N": "ALL"
        },
        "select_unfixed_sequence": false
    },
    "ckpt_path": "/home/iska/amelie-ai/ThermoGFN/weights/rfd3_latest.ckpt",
    "seed": null
}