{
    "diffused_index_map": {},
    "metrics": {
        "max_ca_deviation": 0.0869908332824707,
        "n_chainbreaks": 0,
        "n_clashing.interresidue_clashes_w_sidechain": 0,
        "n_clashing.interresidue_clashes_w_backbone": 0,
        "n_clashing.ligand_clashes": 0,
        "n_clashing.ligand_min_distance": 3.0462002754211426,
        "non_loop_fraction": 0.7057220708446866,
        "loop_fraction": 0.29427792915531337,
        "helix_fraction": 0.5803814713896458,
        "sheet_fraction": 0.12534059945504086,
        "num_ss_elements": 19,
        "radius_of_gyration": 18.254927046955398,
        "alanine_content": 0.2970027247956403,
        "glycine_content": 0.07629427792915532,
        "num_residues": 367,
        "diffused_com": [
            0.42633044719696045,
            -0.34809741377830505,
            1.2230883836746216
        ],
        "fixed_com": [
            -0.002642463194206357,
            -0.0003087660879828036,
            0.0004523782117757946
        ]
    },
    "specification": {
        "input": "/home/iska/amelie-ai/ThermoGFN/data/rfd3/ccd_ligands/structures/M4Q.cif",
        "length": "20-400",
        "ligand": "M4Q",
        "extra": {
            "example": "ligand_208_ccd_m4q",
            "task_name": "spec_ligand_208_ccd_m4q_ligand_208_ccd_m4q",
            "sampled_contig": "367",
            "num_tokens_in": 368,
            "num_residues_in": 368,
            "num_chains": 2,
            "num_atoms": 1852,
            "num_residues": 370,
            "example_id": "spec_ligand_208_ccd_m4q_ligand_208_ccd_m4q_0"
        },
        "select_fixed_atoms": {
            "M4Q": "ALL"
        },
        "select_unfixed_sequence": false
    },
    "ckpt_path": "/home/iska/amelie-ai/ThermoGFN/weights/rfd3_latest.ckpt",
    "seed": null
}