{
    "diffused_index_map": {},
    "metrics": {
        "max_ca_deviation": 0.10212993621826172,
        "n_chainbreaks": 0,
        "n_clashing.interresidue_clashes_w_sidechain": 1,
        "n_clashing.interresidue_clashes_w_backbone": 0,
        "n_clashing.ligand_clashes": 0,
        "n_clashing.ligand_min_distance": 2.687652349472046,
        "non_loop_fraction": 0.7227979274611398,
        "loop_fraction": 0.2772020725388601,
        "helix_fraction": 0.5544041450777202,
        "sheet_fraction": 0.16839378238341968,
        "num_ss_elements": 26,
        "radius_of_gyration": 18.329698402742927,
        "alanine_content": 0.4378238341968912,
        "glycine_content": 0.05958549222797927,
        "num_residues": 386,
        "diffused_com": [
            1.0699681043624878,
            2.8626677989959717,
            -2.7124524116516113
        ],
        "fixed_com": [
            -0.002642463194206357,
            -0.0003087660879828036,
            0.0004523782117757946
        ]
    },
    "specification": {
        "input": "/home/iska/amelie-ai/ThermoGFN/data/rfd3/ccd_ligands/structures/M4Q.cif",
        "length": "20-400",
        "ligand": "M4Q",
        "extra": {
            "example": "ligand_208_ccd_m4q",
            "task_name": "spec_ligand_208_ccd_m4q_ligand_208_ccd_m4q",
            "sampled_contig": "386",
            "num_tokens_in": 387,
            "num_residues_in": 387,
            "num_chains": 2,
            "num_atoms": 1947,
            "num_residues": 389,
            "example_id": "spec_ligand_208_ccd_m4q_ligand_208_ccd_m4q_1"
        },
        "select_fixed_atoms": {
            "M4Q": "ALL"
        },
        "select_unfixed_sequence": false
    },
    "ckpt_path": "/home/iska/amelie-ai/ThermoGFN/weights/rfd3_latest.ckpt",
    "seed": null
}