{
    "diffused_index_map": {},
    "metrics": {
        "max_ca_deviation": 0.10180473327636719,
        "n_chainbreaks": 0,
        "n_clashing.interresidue_clashes_w_sidechain": 1,
        "n_clashing.interresidue_clashes_w_backbone": 0,
        "n_clashing.ligand_clashes": 0,
        "n_clashing.ligand_min_distance": 3.1241228580474854,
        "non_loop_fraction": 0.6177215189873417,
        "loop_fraction": 0.3822784810126582,
        "helix_fraction": 0.4860759493670886,
        "sheet_fraction": 0.13164556962025317,
        "num_ss_elements": 25,
        "radius_of_gyration": 19.482597546497207,
        "alanine_content": 0.3265822784810127,
        "glycine_content": 0.05569620253164557,
        "num_residues": 395,
        "diffused_com": [
            -0.06476226449012756,
            -0.6340997815132141,
            0.7146742939949036
        ],
        "fixed_com": [
            -0.00041594330104999244,
            6.329571624519303e-05,
            9.042245073942468e-05
        ]
    },
    "specification": {
        "input": "/home/iska/amelie-ai/ThermoGFN/data/rfd3/ccd_ligands/structures/DF7.cif",
        "length": "20-400",
        "ligand": "DF7",
        "extra": {
            "example": "ligand_513_ccd_df7",
            "task_name": "spec_ligand_513_ccd_df7_ligand_513_ccd_df7",
            "sampled_contig": "395",
            "num_tokens_in": 396,
            "num_residues_in": 396,
            "num_chains": 2,
            "num_atoms": 2002,
            "num_residues": 398,
            "example_id": "spec_ligand_513_ccd_df7_ligand_513_ccd_df7_0"
        },
        "select_fixed_atoms": {
            "DF7": "ALL"
        },
        "select_unfixed_sequence": false
    },
    "ckpt_path": "/home/iska/amelie-ai/ThermoGFN/weights/rfd3_latest.ckpt",
    "seed": null
}