{
    "diffused_index_map": {},
    "metrics": {
        "max_ca_deviation": 0.07850432395935059,
        "n_chainbreaks": 0,
        "n_clashing.interresidue_clashes_w_sidechain": 0,
        "n_clashing.interresidue_clashes_w_backbone": 0,
        "n_clashing.ligand_clashes": 0,
        "n_clashing.ligand_min_distance": 3.2929158210754395,
        "non_loop_fraction": 0.7668393782383419,
        "loop_fraction": 0.23316062176165803,
        "helix_fraction": 0.6113989637305699,
        "sheet_fraction": 0.15544041450777202,
        "num_ss_elements": 13,
        "radius_of_gyration": 15.79781150903223,
        "alanine_content": 0.24352331606217617,
        "glycine_content": 0.046632124352331605,
        "num_residues": 193,
        "diffused_com": [
            0.3391874432563782,
            -0.7702008485794067,
            -1.704862117767334
        ],
        "fixed_com": [
            0.0005275181611068547,
            -0.0008370535797439516,
            -0.00019182477262802422
        ]
    },
    "specification": {
        "input": "/home/iska/amelie-ai/ThermoGFN/data/rfd3/ccd_ligands/structures/2J4.cif",
        "length": "20-400",
        "ligand": "2J4",
        "extra": {
            "example": "ligand_125_ccd_2j4",
            "task_name": "spec_ligand_125_ccd_2j4_ligand_125_ccd_2j4",
            "sampled_contig": "193",
            "num_tokens_in": 194,
            "num_residues_in": 194,
            "num_chains": 2,
            "num_atoms": 979,
            "num_residues": 196,
            "example_id": "spec_ligand_125_ccd_2j4_ligand_125_ccd_2j4_0"
        },
        "select_fixed_atoms": {
            "2J4": "ALL"
        },
        "select_unfixed_sequence": false
    },
    "ckpt_path": "/home/iska/amelie-ai/ThermoGFN/weights/rfd3_latest.ckpt",
    "seed": null
}