{
    "diffused_index_map": {},
    "metrics": {
        "max_ca_deviation": 0.760932445526123,
        "n_chainbreaks": 1,
        "n_clashing.interresidue_clashes_w_sidechain": 0,
        "n_clashing.interresidue_clashes_w_backbone": 0,
        "n_clashing.ligand_clashes": 0,
        "n_clashing.ligand_min_distance": 4.330883026123047,
        "non_loop_fraction": 0.6511627906976745,
        "loop_fraction": 0.3488372093023256,
        "helix_fraction": 0.49127906976744184,
        "sheet_fraction": 0.15988372093023256,
        "num_ss_elements": 20,
        "radius_of_gyration": 17.665295882877285,
        "alanine_content": 0.39825581395348836,
        "glycine_content": 0.0755813953488372,
        "num_residues": 344,
        "diffused_com": [
            -1.7163788080215454,
            1.2419888973236084,
            -0.7495360374450684
        ],
        "fixed_com": [
            0.0005275181611068547,
            -0.0008370535797439516,
            -0.00019182477262802422
        ]
    },
    "specification": {
        "input": "/home/iska/amelie-ai/ThermoGFN/data/rfd3/ccd_ligands/structures/2J4.cif",
        "length": "20-400",
        "ligand": "2J4",
        "extra": {
            "example": "ligand_125_ccd_2j4",
            "task_name": "spec_ligand_125_ccd_2j4_ligand_125_ccd_2j4",
            "sampled_contig": "344",
            "num_tokens_in": 345,
            "num_residues_in": 345,
            "num_chains": 2,
            "num_atoms": 1734,
            "num_residues": 347,
            "example_id": "spec_ligand_125_ccd_2j4_ligand_125_ccd_2j4_1"
        },
        "select_fixed_atoms": {
            "2J4": "ALL"
        },
        "select_unfixed_sequence": false
    },
    "ckpt_path": "/home/iska/amelie-ai/ThermoGFN/weights/rfd3_latest.ckpt",
    "seed": null
}