{
    "diffused_index_map": {},
    "metrics": {
        "max_ca_deviation": 0.07335424423217773,
        "n_chainbreaks": 0,
        "n_clashing.interresidue_clashes_w_sidechain": 2,
        "n_clashing.interresidue_clashes_w_backbone": 0,
        "n_clashing.ligand_clashes": 0,
        "n_clashing.ligand_min_distance": 3.331860065460205,
        "non_loop_fraction": 0.5431654676258992,
        "loop_fraction": 0.4568345323741007,
        "helix_fraction": 0.37410071942446044,
        "sheet_fraction": 0.16906474820143885,
        "num_ss_elements": 14,
        "radius_of_gyration": 18.393491558662227,
        "alanine_content": 0.16906474820143885,
        "glycine_content": 0.0683453237410072,
        "num_residues": 278,
        "diffused_com": [
            -1.1140636205673218,
            1.3091751337051392,
            7.6685686111450195
        ],
        "fixed_com": [
            0.0009260506485588849,
            0.00043776939855888486,
            0.0001010237101581879
        ]
    },
    "specification": {
        "input": "/home/iska/amelie-ai/ThermoGFN/data/rfd3/ccd_ligands/structures/1P5.cif",
        "length": "20-400",
        "ligand": "1P5",
        "extra": {
            "example": "ligand_580_ccd_1p5",
            "task_name": "spec_ligand_580_ccd_1p5_ligand_580_ccd_1p5",
            "sampled_contig": "278",
            "num_tokens_in": 279,
            "num_residues_in": 279,
            "num_chains": 2,
            "num_atoms": 1419,
            "num_residues": 281,
            "example_id": "spec_ligand_580_ccd_1p5_ligand_580_ccd_1p5_2"
        },
        "select_fixed_atoms": {
            "1P5": "ALL"
        },
        "select_unfixed_sequence": false
    },
    "ckpt_path": "/home/iska/amelie-ai/ThermoGFN/weights/rfd3_latest.ckpt",
    "seed": null
}