{
    "diffused_index_map": {},
    "metrics": {
        "max_ca_deviation": 0.12207317352294922,
        "n_chainbreaks": 0,
        "n_clashing.interresidue_clashes_w_sidechain": 0,
        "n_clashing.interresidue_clashes_w_backbone": 0,
        "n_clashing.ligand_clashes": 0,
        "n_clashing.ligand_min_distance": 4.576417922973633,
        "non_loop_fraction": 0.5478723404255319,
        "loop_fraction": 0.4521276595744681,
        "helix_fraction": 0.07446808510638298,
        "sheet_fraction": 0.4734042553191489,
        "num_ss_elements": 14,
        "radius_of_gyration": 15.621041995352186,
        "alanine_content": 0.1702127659574468,
        "glycine_content": 0.047872340425531915,
        "num_residues": 188,
        "diffused_com": [
            -0.4535592496395111,
            1.739280104637146,
            -3.0731818675994873
        ],
        "fixed_com": [
            0.001209077425301075,
            9.300595411332324e-05,
            -0.00024959020083770156
        ]
    },
    "specification": {
        "input": "/home/iska/amelie-ai/ThermoGFN/data/rfd3/ccd_ligands/structures/50P.cif",
        "length": "20-400",
        "ligand": "50P",
        "extra": {
            "example": "ligand_276_ccd_50p",
            "task_name": "spec_ligand_276_ccd_50p_ligand_276_ccd_50p",
            "sampled_contig": "188",
            "num_tokens_in": 189,
            "num_residues_in": 189,
            "num_chains": 2,
            "num_atoms": 961,
            "num_residues": 191,
            "example_id": "spec_ligand_276_ccd_50p_ligand_276_ccd_50p_2"
        },
        "select_fixed_atoms": {
            "50P": "ALL"
        },
        "select_unfixed_sequence": false
    },
    "ckpt_path": "/home/iska/amelie-ai/ThermoGFN/weights/rfd3_latest.ckpt",
    "seed": null
}