{
    "diffused_index_map": {},
    "metrics": {
        "max_ca_deviation": 0.06350922584533691,
        "n_chainbreaks": 0,
        "n_clashing.interresidue_clashes_w_sidechain": 0,
        "n_clashing.interresidue_clashes_w_backbone": 0,
        "n_clashing.ligand_clashes": 0,
        "n_clashing.ligand_min_distance": 3.814432144165039,
        "non_loop_fraction": 0.736842105263158,
        "loop_fraction": 0.2631578947368421,
        "helix_fraction": 0.6491228070175439,
        "sheet_fraction": 0.08771929824561403,
        "num_ss_elements": 5,
        "radius_of_gyration": 10.140212850319248,
        "alanine_content": 0.3684210526315789,
        "glycine_content": 0.05263157894736842,
        "num_residues": 57,
        "diffused_com": [
            -2.854435682296753,
            2.841465950012207,
            1.2692381143569946
        ],
        "fixed_com": [
            0.001209077425301075,
            9.300595411332324e-05,
            -0.00024959020083770156
        ]
    },
    "specification": {
        "input": "/home/iska/amelie-ai/ThermoGFN/data/rfd3/ccd_ligands/structures/50P.cif",
        "length": "20-400",
        "ligand": "50P",
        "extra": {
            "example": "ligand_276_ccd_50p",
            "task_name": "spec_ligand_276_ccd_50p_ligand_276_ccd_50p",
            "sampled_contig": "57",
            "num_tokens_in": 58,
            "num_residues_in": 58,
            "num_chains": 2,
            "num_atoms": 306,
            "num_residues": 60,
            "example_id": "spec_ligand_276_ccd_50p_ligand_276_ccd_50p_0"
        },
        "select_fixed_atoms": {
            "50P": "ALL"
        },
        "select_unfixed_sequence": false
    },
    "ckpt_path": "/home/iska/amelie-ai/ThermoGFN/weights/rfd3_latest.ckpt",
    "seed": null
}