{
    "diffused_index_map": {},
    "metrics": {
        "max_ca_deviation": 0.0698699951171875,
        "n_chainbreaks": 0,
        "n_clashing.interresidue_clashes_w_sidechain": 0,
        "n_clashing.interresidue_clashes_w_backbone": 0,
        "n_clashing.ligand_clashes": 0,
        "n_clashing.ligand_min_distance": 3.0840389728546143,
        "non_loop_fraction": 0.6404494382022472,
        "loop_fraction": 0.3595505617977528,
        "helix_fraction": 0.449438202247191,
        "sheet_fraction": 0.19101123595505617,
        "num_ss_elements": 12,
        "radius_of_gyration": 14.560109706112438,
        "alanine_content": 0.20786516853932585,
        "glycine_content": 0.07303370786516854,
        "num_residues": 178,
        "diffused_com": [
            1.7422809600830078,
            1.2048479318618774,
            -5.288665294647217
        ],
        "fixed_com": [
            -0.00015624999650754035,
            -0.0009179687476716936,
            0.00025390624068677425
        ]
    },
    "specification": {
        "input": "/home/iska/amelie-ai/ThermoGFN/data/rfd3/ccd_ligands/structures/K9Q.cif",
        "length": "20-400",
        "ligand": "K9Q",
        "extra": {
            "example": "ligand_436_ccd_k9q",
            "task_name": "spec_ligand_436_ccd_k9q_ligand_436_ccd_k9q",
            "sampled_contig": "178",
            "num_tokens_in": 179,
            "num_residues_in": 179,
            "num_chains": 2,
            "num_atoms": 915,
            "num_residues": 181,
            "example_id": "spec_ligand_436_ccd_k9q_ligand_436_ccd_k9q_2"
        },
        "select_fixed_atoms": {
            "K9Q": "ALL"
        },
        "select_unfixed_sequence": false
    },
    "ckpt_path": "/home/iska/amelie-ai/ThermoGFN/weights/rfd3_latest.ckpt",
    "seed": null
}