{
    "diffused_index_map": {},
    "metrics": {
        "max_ca_deviation": 0.06409978866577148,
        "n_chainbreaks": 0,
        "n_clashing.interresidue_clashes_w_sidechain": 1,
        "n_clashing.interresidue_clashes_w_backbone": 0,
        "n_clashing.ligand_clashes": 0,
        "n_clashing.ligand_min_distance": 3.3466243743896484,
        "non_loop_fraction": 0.6650485436893204,
        "loop_fraction": 0.33495145631067963,
        "helix_fraction": 0.32038834951456313,
        "sheet_fraction": 0.3446601941747573,
        "num_ss_elements": 15,
        "radius_of_gyration": 16.523993657893485,
        "alanine_content": 0.2087378640776699,
        "glycine_content": 0.05339805825242718,
        "num_residues": 206,
        "diffused_com": [
            -1.2103530168533325,
            -0.3105698823928833,
            1.3816614151000977
        ],
        "fixed_com": [
            0.0005231584655120969,
            -0.0006190708954818547,
            2.7247837351751514e-05
        ]
    },
    "specification": {
        "input": "/home/iska/amelie-ai/ThermoGFN/data/rfd3/ccd_ligands/structures/U4F.cif",
        "length": "20-400",
        "ligand": "U4F",
        "extra": {
            "example": "ligand_530_ccd_u4f",
            "task_name": "spec_ligand_530_ccd_u4f_ligand_530_ccd_u4f",
            "sampled_contig": "206",
            "num_tokens_in": 207,
            "num_residues_in": 207,
            "num_chains": 2,
            "num_atoms": 1058,
            "num_residues": 209,
            "example_id": "spec_ligand_530_ccd_u4f_ligand_530_ccd_u4f_1"
        },
        "select_fixed_atoms": {
            "U4F": "ALL"
        },
        "select_unfixed_sequence": false
    },
    "ckpt_path": "/home/iska/amelie-ai/ThermoGFN/weights/rfd3_latest.ckpt",
    "seed": null
}