{
    "diffused_index_map": {},
    "metrics": {
        "max_ca_deviation": 0.08645844459533691,
        "n_chainbreaks": 0,
        "n_clashing.interresidue_clashes_w_sidechain": 1,
        "n_clashing.interresidue_clashes_w_backbone": 0,
        "n_clashing.ligand_clashes": 0,
        "n_clashing.ligand_min_distance": 2.941620111465454,
        "non_loop_fraction": 0.6163522012578617,
        "loop_fraction": 0.3836477987421384,
        "helix_fraction": 0.4088050314465409,
        "sheet_fraction": 0.20754716981132076,
        "num_ss_elements": 12,
        "radius_of_gyration": 13.961333702343817,
        "alanine_content": 0.27044025157232704,
        "glycine_content": 0.08176100628930817,
        "num_residues": 159,
        "diffused_com": [
            3.284714460372925,
            -4.154056072235107,
            -6.17886209487915
        ],
        "fixed_com": [
            0.00034466912620700896,
            -0.00017233456310350448,
            -0.0004308364004828036
        ]
    },
    "specification": {
        "input": "/home/iska/amelie-ai/ThermoGFN/data/rfd3/ccd_ligands/structures/V36.cif",
        "length": "20-400",
        "ligand": "V36",
        "extra": {
            "example": "ligand_228_ccd_v36",
            "task_name": "spec_ligand_228_ccd_v36_ligand_228_ccd_v36",
            "sampled_contig": "159",
            "num_tokens_in": 160,
            "num_residues_in": 160,
            "num_chains": 2,
            "num_atoms": 812,
            "num_residues": 162,
            "example_id": "spec_ligand_228_ccd_v36_ligand_228_ccd_v36_0"
        },
        "select_fixed_atoms": {
            "V36": "ALL"
        },
        "select_unfixed_sequence": false
    },
    "ckpt_path": "/home/iska/amelie-ai/ThermoGFN/weights/rfd3_latest.ckpt",
    "seed": null
}