{
    "diffused_index_map": {},
    "metrics": {
        "max_ca_deviation": 0.8711814880371094,
        "n_chainbreaks": 2,
        "n_clashing.interresidue_clashes_w_sidechain": 2,
        "n_clashing.interresidue_clashes_w_backbone": 0,
        "n_clashing.ligand_clashes": 0,
        "n_clashing.ligand_min_distance": 3.2727584838867188,
        "non_loop_fraction": 0.7155172413793104,
        "loop_fraction": 0.28448275862068967,
        "helix_fraction": 0.632183908045977,
        "sheet_fraction": 0.08333333333333333,
        "num_ss_elements": 20,
        "radius_of_gyration": 18.160672984342757,
        "alanine_content": 0.29022988505747127,
        "glycine_content": 0.05172413793103448,
        "num_residues": 348,
        "diffused_com": [
            -0.5521594882011414,
            1.9124829769134521,
            -0.8830202221870422
        ],
        "fixed_com": [
            0.00034466912620700896,
            4.308364077587612e-05,
            -0.0001077091001207009
        ]
    },
    "specification": {
        "input": "/home/iska/amelie-ai/ThermoGFN/data/rfd3/ccd_ligands/structures/A1IO3.cif",
        "length": "20-400",
        "ligand": "A1IO3",
        "extra": {
            "example": "ligand_150_ccd_a1io3",
            "task_name": "spec_ligand_150_ccd_a1io3_ligand_150_ccd_a1io3",
            "sampled_contig": "348",
            "num_tokens_in": 349,
            "num_residues_in": 349,
            "num_chains": 2,
            "num_atoms": 1757,
            "num_residues": 351,
            "example_id": "spec_ligand_150_ccd_a1io3_ligand_150_ccd_a1io3_2"
        },
        "select_fixed_atoms": {
            "A1IO3": "ALL"
        },
        "select_unfixed_sequence": false
    },
    "ckpt_path": "/home/iska/amelie-ai/ThermoGFN/weights/rfd3_latest.ckpt",
    "seed": null
}