{
    "diffused_index_map": {},
    "metrics": {
        "max_ca_deviation": 0.11279988288879395,
        "n_chainbreaks": 0,
        "n_clashing.interresidue_clashes_w_sidechain": 0,
        "n_clashing.interresidue_clashes_w_backbone": 0,
        "n_clashing.ligand_clashes": 0,
        "n_clashing.ligand_min_distance": 3.9612629413604736,
        "non_loop_fraction": 0.6346153846153846,
        "loop_fraction": 0.36538461538461536,
        "helix_fraction": 0.4326923076923077,
        "sheet_fraction": 0.20192307692307693,
        "num_ss_elements": 19,
        "radius_of_gyration": 17.239883712462913,
        "alanine_content": 0.30128205128205127,
        "glycine_content": 0.060897435897435896,
        "num_residues": 312,
        "diffused_com": [
            3.6439807415008545,
            -2.8303842544555664,
            0.38552865386009216
        ],
        "fixed_com": [
            0.00034466912620700896,
            4.308364077587612e-05,
            -0.0001077091001207009
        ]
    },
    "specification": {
        "input": "/home/iska/amelie-ai/ThermoGFN/data/rfd3/ccd_ligands/structures/A1IO3.cif",
        "length": "20-400",
        "ligand": "A1IO3",
        "extra": {
            "example": "ligand_150_ccd_a1io3",
            "task_name": "spec_ligand_150_ccd_a1io3_ligand_150_ccd_a1io3",
            "sampled_contig": "312",
            "num_tokens_in": 313,
            "num_residues_in": 313,
            "num_chains": 2,
            "num_atoms": 1577,
            "num_residues": 315,
            "example_id": "spec_ligand_150_ccd_a1io3_ligand_150_ccd_a1io3_1"
        },
        "select_fixed_atoms": {
            "A1IO3": "ALL"
        },
        "select_unfixed_sequence": false
    },
    "ckpt_path": "/home/iska/amelie-ai/ThermoGFN/weights/rfd3_latest.ckpt",
    "seed": null
}