{
    "diffused_index_map": {},
    "metrics": {
        "max_ca_deviation": 0.09539604187011719,
        "n_chainbreaks": 0,
        "n_clashing.interresidue_clashes_w_sidechain": 0,
        "n_clashing.interresidue_clashes_w_backbone": 0,
        "n_clashing.ligand_clashes": 0,
        "n_clashing.ligand_min_distance": 3.2075493335723877,
        "non_loop_fraction": 0.6731301939058172,
        "loop_fraction": 0.3268698060941828,
        "helix_fraction": 0.48753462603878117,
        "sheet_fraction": 0.18559556786703602,
        "num_ss_elements": 25,
        "radius_of_gyration": 19.163944113259387,
        "alanine_content": 0.46537396121883656,
        "glycine_content": 0.08310249307479224,
        "num_residues": 361,
        "diffused_com": [
            -1.181938648223877,
            1.5864076614379883,
            0.13750576972961426
        ],
        "fixed_com": [
            -0.002036132849752903,
            -0.0003906250058207661,
            0.00019287109898868948
        ]
    },
    "specification": {
        "input": "/home/iska/amelie-ai/ThermoGFN/data/rfd3/ccd_ligands/structures/4TD.cif",
        "length": "20-400",
        "ligand": "4TD",
        "extra": {
            "example": "ligand_517_ccd_4td",
            "task_name": "spec_ligand_517_ccd_4td_ligand_517_ccd_4td",
            "sampled_contig": "361",
            "num_tokens_in": 362,
            "num_residues_in": 362,
            "num_chains": 2,
            "num_atoms": 1830,
            "num_residues": 364,
            "example_id": "spec_ligand_517_ccd_4td_ligand_517_ccd_4td_1"
        },
        "select_fixed_atoms": {
            "4TD": "ALL"
        },
        "select_unfixed_sequence": false
    },
    "ckpt_path": "/home/iska/amelie-ai/ThermoGFN/weights/rfd3_latest.ckpt",
    "seed": null
}