{
    "diffused_index_map": {},
    "metrics": {
        "max_ca_deviation": 0.09545636177062988,
        "n_chainbreaks": 0,
        "n_clashing.interresidue_clashes_w_sidechain": 0,
        "n_clashing.interresidue_clashes_w_backbone": 0,
        "n_clashing.ligand_clashes": 0,
        "n_clashing.ligand_min_distance": 3.4083549976348877,
        "non_loop_fraction": 0.6206896551724137,
        "loop_fraction": 0.3793103448275862,
        "helix_fraction": 0.42857142857142855,
        "sheet_fraction": 0.1921182266009852,
        "num_ss_elements": 14,
        "radius_of_gyration": 15.360993884984918,
        "alanine_content": 0.29064039408866993,
        "glycine_content": 0.08866995073891626,
        "num_residues": 203,
        "diffused_com": [
            -1.5628079175949097,
            -4.701881408691406,
            0.3521129786968231
        ],
        "fixed_com": [
            -0.0007161458488553762,
            0.0005289713735692203,
            -4.069010537932627e-05
        ]
    },
    "specification": {
        "input": "/home/iska/amelie-ai/ThermoGFN/data/rfd3/ccd_ligands/structures/J1K.cif",
        "length": "20-400",
        "ligand": "J1K",
        "extra": {
            "example": "ligand_105_ccd_j1k",
            "task_name": "spec_ligand_105_ccd_j1k_ligand_105_ccd_j1k",
            "sampled_contig": "203",
            "num_tokens_in": 204,
            "num_residues_in": 204,
            "num_chains": 2,
            "num_atoms": 1030,
            "num_residues": 206,
            "example_id": "spec_ligand_105_ccd_j1k_ligand_105_ccd_j1k_1"
        },
        "select_fixed_atoms": {
            "J1K": "ALL"
        },
        "select_unfixed_sequence": false
    },
    "ckpt_path": "/home/iska/amelie-ai/ThermoGFN/weights/rfd3_latest.ckpt",
    "seed": null
}