{
    "diffused_index_map": {},
    "metrics": {
        "max_ca_deviation": 0.07826709747314453,
        "n_chainbreaks": 0,
        "n_clashing.interresidue_clashes_w_sidechain": 0,
        "n_clashing.interresidue_clashes_w_backbone": 0,
        "n_clashing.ligand_clashes": 0,
        "n_clashing.ligand_min_distance": 2.6912167072296143,
        "non_loop_fraction": 0.7512820512820513,
        "loop_fraction": 0.24871794871794872,
        "helix_fraction": 0.6307692307692307,
        "sheet_fraction": 0.12051282051282051,
        "num_ss_elements": 24,
        "radius_of_gyration": 18.394260518518756,
        "alanine_content": 0.46153846153846156,
        "glycine_content": 0.06923076923076923,
        "num_residues": 390,
        "diffused_com": [
            -0.8560174703598022,
            1.3924585580825806,
            1.561043381690979
        ],
        "fixed_com": [
            -0.0007161458488553762,
            0.0005289713735692203,
            -4.069010537932627e-05
        ]
    },
    "specification": {
        "input": "/home/iska/amelie-ai/ThermoGFN/data/rfd3/ccd_ligands/structures/J1K.cif",
        "length": "20-400",
        "ligand": "J1K",
        "extra": {
            "example": "ligand_105_ccd_j1k",
            "task_name": "spec_ligand_105_ccd_j1k_ligand_105_ccd_j1k",
            "sampled_contig": "390",
            "num_tokens_in": 391,
            "num_residues_in": 391,
            "num_chains": 2,
            "num_atoms": 1965,
            "num_residues": 393,
            "example_id": "spec_ligand_105_ccd_j1k_ligand_105_ccd_j1k_0"
        },
        "select_fixed_atoms": {
            "J1K": "ALL"
        },
        "select_unfixed_sequence": false
    },
    "ckpt_path": "/home/iska/amelie-ai/ThermoGFN/weights/rfd3_latest.ckpt",
    "seed": null
}