{
    "diffused_index_map": {},
    "metrics": {
        "max_ca_deviation": 0.8525631427764893,
        "n_chainbreaks": 1,
        "n_clashing.interresidue_clashes_w_sidechain": 0,
        "n_clashing.interresidue_clashes_w_backbone": 0,
        "n_clashing.ligand_clashes": 0,
        "n_clashing.ligand_min_distance": 3.3583927154541016,
        "non_loop_fraction": 0.7461538461538462,
        "loop_fraction": 0.25384615384615383,
        "helix_fraction": 0.6102564102564103,
        "sheet_fraction": 0.1358974358974359,
        "num_ss_elements": 24,
        "radius_of_gyration": 18.79120880877665,
        "alanine_content": 0.3564102564102564,
        "glycine_content": 0.07948717948717948,
        "num_residues": 390,
        "diffused_com": [
            -0.012469231151044369,
            1.84503173828125,
            -2.344275951385498
        ],
        "fixed_com": [
            -0.0020559211261570454,
            -0.000162225027452223,
            7.529007461926085e-08
        ]
    },
    "specification": {
        "input": "/home/iska/amelie-ai/ThermoGFN/data/rfd3/ccd_ligands/structures/I77.cif",
        "length": "20-400",
        "ligand": "I77",
        "extra": {
            "example": "ligand_223_ccd_i77",
            "task_name": "spec_ligand_223_ccd_i77_ligand_223_ccd_i77",
            "sampled_contig": "390",
            "num_tokens_in": 391,
            "num_residues_in": 391,
            "num_chains": 2,
            "num_atoms": 1969,
            "num_residues": 393,
            "example_id": "spec_ligand_223_ccd_i77_ligand_223_ccd_i77_2"
        },
        "select_fixed_atoms": {
            "I77": "ALL"
        },
        "select_unfixed_sequence": false
    },
    "ckpt_path": "/home/iska/amelie-ai/ThermoGFN/weights/rfd3_latest.ckpt",
    "seed": null
}