{
    "diffused_index_map": {},
    "metrics": {
        "max_ca_deviation": 0.09468722343444824,
        "n_chainbreaks": 0,
        "n_clashing.interresidue_clashes_w_sidechain": 0,
        "n_clashing.interresidue_clashes_w_backbone": 0,
        "n_clashing.ligand_clashes": 0,
        "n_clashing.ligand_min_distance": 3.4404122829437256,
        "non_loop_fraction": 0.7911227154046997,
        "loop_fraction": 0.20887728459530025,
        "helix_fraction": 0.7780678851174935,
        "sheet_fraction": 0.013054830287206266,
        "num_ss_elements": 17,
        "radius_of_gyration": 18.30889306145007,
        "alanine_content": 0.4751958224543081,
        "glycine_content": 0.05221932114882506,
        "num_residues": 383,
        "diffused_com": [
            -1.692600965499878,
            1.1590895652770996,
            1.6034873723983765
        ],
        "fixed_com": [
            -0.00021701389050576836,
            -0.00048828125,
            0.00018988715601153672
        ]
    },
    "specification": {
        "input": "/home/iska/amelie-ai/ThermoGFN/data/rfd3/ccd_ligands/structures/49R.cif",
        "length": "20-400",
        "ligand": "49R",
        "extra": {
            "example": "ligand_200_ccd_49r",
            "task_name": "spec_ligand_200_ccd_49r_ligand_200_ccd_49r",
            "sampled_contig": "383",
            "num_tokens_in": 384,
            "num_residues_in": 384,
            "num_chains": 2,
            "num_atoms": 1933,
            "num_residues": 386,
            "example_id": "spec_ligand_200_ccd_49r_ligand_200_ccd_49r_2"
        },
        "select_fixed_atoms": {
            "49R": "ALL"
        },
        "select_unfixed_sequence": false
    },
    "ckpt_path": "/home/iska/amelie-ai/ThermoGFN/weights/rfd3_latest.ckpt",
    "seed": null
}