{
    "diffused_index_map": {},
    "metrics": {
        "max_ca_deviation": 0.1031944751739502,
        "n_chainbreaks": 0,
        "n_clashing.interresidue_clashes_w_sidechain": 1,
        "n_clashing.interresidue_clashes_w_backbone": 0,
        "n_clashing.ligand_clashes": 0,
        "n_clashing.ligand_min_distance": 2.723628520965576,
        "non_loop_fraction": 0.6020066889632107,
        "loop_fraction": 0.3979933110367893,
        "helix_fraction": 0.3979933110367893,
        "sheet_fraction": 0.2040133779264214,
        "num_ss_elements": 19,
        "radius_of_gyration": 17.705866507225874,
        "alanine_content": 0.25418060200668896,
        "glycine_content": 0.09364548494983277,
        "num_residues": 299,
        "diffused_com": [
            -0.7250126600265503,
            1.7437427043914795,
            0.5754682421684265
        ],
        "fixed_com": [
            -0.00021701389050576836,
            -0.00048828125,
            0.00018988715601153672
        ]
    },
    "specification": {
        "input": "/home/iska/amelie-ai/ThermoGFN/data/rfd3/ccd_ligands/structures/49R.cif",
        "length": "20-400",
        "ligand": "49R",
        "extra": {
            "example": "ligand_200_ccd_49r",
            "task_name": "spec_ligand_200_ccd_49r_ligand_200_ccd_49r",
            "sampled_contig": "299",
            "num_tokens_in": 300,
            "num_residues_in": 300,
            "num_chains": 2,
            "num_atoms": 1513,
            "num_residues": 302,
            "example_id": "spec_ligand_200_ccd_49r_ligand_200_ccd_49r_1"
        },
        "select_fixed_atoms": {
            "49R": "ALL"
        },
        "select_unfixed_sequence": false
    },
    "ckpt_path": "/home/iska/amelie-ai/ThermoGFN/weights/rfd3_latest.ckpt",
    "seed": null
}