{
    "diffused_index_map": {},
    "metrics": {
        "max_ca_deviation": 0.09500741958618164,
        "n_chainbreaks": 0,
        "n_clashing.interresidue_clashes_w_sidechain": 0,
        "n_clashing.interresidue_clashes_w_backbone": 0,
        "n_clashing.ligand_clashes": 0,
        "n_clashing.ligand_min_distance": 2.776538133621216,
        "non_loop_fraction": 0.7076502732240437,
        "loop_fraction": 0.2923497267759563,
        "helix_fraction": 0.4371584699453552,
        "sheet_fraction": 0.27049180327868855,
        "num_ss_elements": 25,
        "radius_of_gyration": 18.765601009827417,
        "alanine_content": 0.3524590163934426,
        "glycine_content": 0.04644808743169399,
        "num_residues": 366,
        "diffused_com": [
            -1.8894708156585693,
            -0.42323216795921326,
            2.1011574268341064
        ],
        "fixed_com": [
            -0.0004111842135898769,
            6.424753519240767e-05,
            -1.0038677373813698e-06
        ]
    },
    "specification": {
        "input": "/home/iska/amelie-ai/ThermoGFN/data/rfd3/ccd_ligands/structures/17W.cif",
        "length": "20-400",
        "ligand": "17W",
        "extra": {
            "example": "ligand_254_ccd_17w",
            "task_name": "spec_ligand_254_ccd_17w_ligand_254_ccd_17w",
            "sampled_contig": "366",
            "num_tokens_in": 367,
            "num_residues_in": 367,
            "num_chains": 2,
            "num_atoms": 1849,
            "num_residues": 369,
            "example_id": "spec_ligand_254_ccd_17w_ligand_254_ccd_17w_0"
        },
        "select_fixed_atoms": {
            "17W": "ALL"
        },
        "select_unfixed_sequence": false
    },
    "ckpt_path": "/home/iska/amelie-ai/ThermoGFN/weights/rfd3_latest.ckpt",
    "seed": null
}