{
    "diffused_index_map": {},
    "metrics": {
        "max_ca_deviation": 0.061419010162353516,
        "n_chainbreaks": 0,
        "n_clashing.interresidue_clashes_w_sidechain": 0,
        "n_clashing.interresidue_clashes_w_backbone": 0,
        "n_clashing.ligand_clashes": 0,
        "n_clashing.ligand_min_distance": 2.6990878582000732,
        "non_loop_fraction": 0.6823529411764706,
        "loop_fraction": 0.3176470588235294,
        "helix_fraction": 0.5235294117647059,
        "sheet_fraction": 0.1588235294117647,
        "num_ss_elements": 11,
        "radius_of_gyration": 14.195585573637684,
        "alanine_content": 0.2235294117647059,
        "glycine_content": 0.07058823529411765,
        "num_residues": 170,
        "diffused_com": [
            -0.1545134335756302,
            -5.366730213165283,
            -2.5525283813476562
        ],
        "fixed_com": [
            -0.00014241535973269492,
            0.0006510416860692203,
            -3.178914312229608e-06
        ]
    },
    "specification": {
        "input": "/home/iska/amelie-ai/ThermoGFN/data/rfd3/ccd_ligands/structures/A1D6H.cif",
        "length": "20-400",
        "ligand": "A1D6H",
        "extra": {
            "example": "ligand_007_ccd_a1d6h",
            "task_name": "spec_ligand_007_ccd_a1d6h_ligand_007_ccd_a1d6h",
            "sampled_contig": "170",
            "num_tokens_in": 171,
            "num_residues_in": 171,
            "num_chains": 2,
            "num_atoms": 862,
            "num_residues": 173,
            "example_id": "spec_ligand_007_ccd_a1d6h_ligand_007_ccd_a1d6h_0"
        },
        "select_fixed_atoms": {
            "A1D6H": "ALL"
        },
        "select_unfixed_sequence": false
    },
    "ckpt_path": "/home/iska/amelie-ai/ThermoGFN/weights/rfd3_latest.ckpt",
    "seed": null
}