{
    "diffused_index_map": {},
    "metrics": {
        "max_ca_deviation": 0.06384468078613281,
        "n_chainbreaks": 0,
        "n_clashing.interresidue_clashes_w_sidechain": 1,
        "n_clashing.interresidue_clashes_w_backbone": 0,
        "n_clashing.ligand_clashes": 0,
        "n_clashing.ligand_min_distance": 2.4317150115966797,
        "non_loop_fraction": 0.6200716845878136,
        "loop_fraction": 0.37992831541218636,
        "helix_fraction": 0.4659498207885305,
        "sheet_fraction": 0.15412186379928317,
        "num_ss_elements": 15,
        "radius_of_gyration": 16.618507227718727,
        "alanine_content": 0.2724014336917563,
        "glycine_content": 0.07168458781362007,
        "num_residues": 279,
        "diffused_com": [
            -0.7108885049819946,
            0.9150707125663757,
            3.827293872833252
        ],
        "fixed_com": [
            4.3596541217993945e-05,
            0.00022670200269203633,
            -0.0003138950851280242
        ]
    },
    "specification": {
        "input": "/home/iska/amelie-ai/ThermoGFN/data/rfd3/ccd_ligands/structures/E20.cif",
        "length": "20-400",
        "ligand": "E20",
        "extra": {
            "example": "ligand_546_ccd_e20",
            "task_name": "spec_ligand_546_ccd_e20_ligand_546_ccd_e20",
            "sampled_contig": "279",
            "num_tokens_in": 280,
            "num_residues_in": 280,
            "num_chains": 2,
            "num_atoms": 1423,
            "num_residues": 282,
            "example_id": "spec_ligand_546_ccd_e20_ligand_546_ccd_e20_2"
        },
        "select_fixed_atoms": {
            "E20": "ALL"
        },
        "select_unfixed_sequence": false
    },
    "ckpt_path": "/home/iska/amelie-ai/ThermoGFN/weights/rfd3_latest.ckpt",
    "seed": null
}