{
    "diffused_index_map": {},
    "metrics": {
        "max_ca_deviation": 0.09440374374389648,
        "n_chainbreaks": 0,
        "n_clashing.interresidue_clashes_w_sidechain": 0,
        "n_clashing.interresidue_clashes_w_backbone": 0,
        "n_clashing.ligand_clashes": 0,
        "n_clashing.ligand_min_distance": 3.4111554622650146,
        "non_loop_fraction": 0.6233766233766234,
        "loop_fraction": 0.37662337662337664,
        "helix_fraction": 0.4155844155844156,
        "sheet_fraction": 0.2077922077922078,
        "num_ss_elements": 16,
        "radius_of_gyration": 16.702685131649584,
        "alanine_content": 0.30735930735930733,
        "glycine_content": 0.08225108225108226,
        "num_residues": 231,
        "diffused_com": [
            0.08740228414535522,
            0.9017730951309204,
            0.7534255385398865
        ],
        "fixed_com": [
            4.3596541217993945e-05,
            0.00022670200269203633,
            -0.0003138950851280242
        ]
    },
    "specification": {
        "input": "/home/iska/amelie-ai/ThermoGFN/data/rfd3/ccd_ligands/structures/E20.cif",
        "length": "20-400",
        "ligand": "E20",
        "extra": {
            "example": "ligand_546_ccd_e20",
            "task_name": "spec_ligand_546_ccd_e20_ligand_546_ccd_e20",
            "sampled_contig": "231",
            "num_tokens_in": 232,
            "num_residues_in": 232,
            "num_chains": 2,
            "num_atoms": 1183,
            "num_residues": 234,
            "example_id": "spec_ligand_546_ccd_e20_ligand_546_ccd_e20_1"
        },
        "select_fixed_atoms": {
            "E20": "ALL"
        },
        "select_unfixed_sequence": false
    },
    "ckpt_path": "/home/iska/amelie-ai/ThermoGFN/weights/rfd3_latest.ckpt",
    "seed": null
}