{
    "diffused_index_map": {},
    "metrics": {
        "max_ca_deviation": 0.07240486145019531,
        "n_chainbreaks": 0,
        "n_clashing.interresidue_clashes_w_sidechain": 0,
        "n_clashing.interresidue_clashes_w_backbone": 0,
        "n_clashing.ligand_clashes": 0,
        "n_clashing.ligand_min_distance": 2.2157883644104004,
        "non_loop_fraction": 0.6728110599078341,
        "loop_fraction": 0.3271889400921659,
        "helix_fraction": 0.4700460829493088,
        "sheet_fraction": 0.20276497695852536,
        "num_ss_elements": 15,
        "radius_of_gyration": 16.094107112785974,
        "alanine_content": 0.19815668202764977,
        "glycine_content": 0.08755760368663594,
        "num_residues": 217,
        "diffused_com": [
            0.3914644718170166,
            4.18583869934082,
            3.192272901535034
        ],
        "fixed_com": [
            0.0008916440419852734,
            -0.00035028872662223876,
            -1.957105632754974e-05
        ]
    },
    "specification": {
        "input": "/home/iska/amelie-ai/ThermoGFN/data/rfd3/ccd_ligands/structures/ZX7.cif",
        "length": "20-400",
        "ligand": "ZX7",
        "extra": {
            "example": "ligand_382_ccd_zx7",
            "task_name": "spec_ligand_382_ccd_zx7_ligand_382_ccd_zx7",
            "sampled_contig": "217",
            "num_tokens_in": 218,
            "num_residues_in": 218,
            "num_chains": 2,
            "num_atoms": 1108,
            "num_residues": 220,
            "example_id": "spec_ligand_382_ccd_zx7_ligand_382_ccd_zx7_1"
        },
        "select_fixed_atoms": {
            "ZX7": "ALL"
        },
        "select_unfixed_sequence": false
    },
    "ckpt_path": "/home/iska/amelie-ai/ThermoGFN/weights/rfd3_latest.ckpt",
    "seed": null
}