{
    "diffused_index_map": {},
    "metrics": {
        "max_ca_deviation": 0.08744049072265625,
        "n_chainbreaks": 0,
        "n_clashing.interresidue_clashes_w_sidechain": 0,
        "n_clashing.interresidue_clashes_w_backbone": 0,
        "n_clashing.ligand_clashes": 0,
        "n_clashing.ligand_min_distance": 3.439089059829712,
        "non_loop_fraction": 0.5728155339805825,
        "loop_fraction": 0.42718446601941745,
        "helix_fraction": 0.44660194174757284,
        "sheet_fraction": 0.1262135922330097,
        "num_ss_elements": 17,
        "radius_of_gyration": 17.315360439000088,
        "alanine_content": 0.4045307443365696,
        "glycine_content": 0.10032362459546926,
        "num_residues": 309,
        "diffused_com": [
            -1.1961746215820312,
            2.0591607093811035,
            -2.625744104385376
        ],
        "fixed_com": [
            0.0008916440419852734,
            -0.00035028872662223876,
            -1.957105632754974e-05
        ]
    },
    "specification": {
        "input": "/home/iska/amelie-ai/ThermoGFN/data/rfd3/ccd_ligands/structures/ZX7.cif",
        "length": "20-400",
        "ligand": "ZX7",
        "extra": {
            "example": "ligand_382_ccd_zx7",
            "task_name": "spec_ligand_382_ccd_zx7_ligand_382_ccd_zx7",
            "sampled_contig": "309",
            "num_tokens_in": 310,
            "num_residues_in": 310,
            "num_chains": 2,
            "num_atoms": 1568,
            "num_residues": 312,
            "example_id": "spec_ligand_382_ccd_zx7_ligand_382_ccd_zx7_2"
        },
        "select_fixed_atoms": {
            "ZX7": "ALL"
        },
        "select_unfixed_sequence": false
    },
    "ckpt_path": "/home/iska/amelie-ai/ThermoGFN/weights/rfd3_latest.ckpt",
    "seed": null
}