{
    "diffused_index_map": {},
    "metrics": {
        "max_ca_deviation": 0.08292508125305176,
        "n_chainbreaks": 0,
        "n_clashing.interresidue_clashes_w_sidechain": 0,
        "n_clashing.interresidue_clashes_w_backbone": 0,
        "n_clashing.ligand_clashes": 0,
        "n_clashing.ligand_min_distance": 3.1221086978912354,
        "non_loop_fraction": 0.6526717557251909,
        "loop_fraction": 0.3473282442748092,
        "helix_fraction": 0.3969465648854962,
        "sheet_fraction": 0.25572519083969464,
        "num_ss_elements": 16,
        "radius_of_gyration": 17.057768004193044,
        "alanine_content": 0.2824427480916031,
        "glycine_content": 0.04580152671755725,
        "num_residues": 262,
        "diffused_com": [
            -0.4611600935459137,
            0.6939793825149536,
            2.343667984008789
        ],
        "fixed_com": [
            -0.0006757463561370969,
            1.743861685099546e-05,
            0.0005275181611068547
        ]
    },
    "specification": {
        "input": "/home/iska/amelie-ai/ThermoGFN/data/rfd3/ccd_ligands/structures/1SL.cif",
        "length": "20-400",
        "ligand": "1SL",
        "extra": {
            "example": "ligand_578_ccd_1sl",
            "task_name": "spec_ligand_578_ccd_1sl_ligand_578_ccd_1sl",
            "sampled_contig": "262",
            "num_tokens_in": 263,
            "num_residues_in": 263,
            "num_chains": 2,
            "num_atoms": 1338,
            "num_residues": 265,
            "example_id": "spec_ligand_578_ccd_1sl_ligand_578_ccd_1sl_2"
        },
        "select_fixed_atoms": {
            "1SL": "ALL"
        },
        "select_unfixed_sequence": false
    },
    "ckpt_path": "/home/iska/amelie-ai/ThermoGFN/weights/rfd3_latest.ckpt",
    "seed": null
}