{
    "diffused_index_map": {},
    "metrics": {
        "max_ca_deviation": 0.07255029678344727,
        "n_chainbreaks": 0,
        "n_clashing.interresidue_clashes_w_sidechain": 0,
        "n_clashing.interresidue_clashes_w_backbone": 0,
        "n_clashing.ligand_clashes": 0,
        "n_clashing.ligand_min_distance": 3.2466375827789307,
        "non_loop_fraction": 0.5515151515151515,
        "loop_fraction": 0.4484848484848485,
        "helix_fraction": 0.08484848484848485,
        "sheet_fraction": 0.4666666666666667,
        "num_ss_elements": 13,
        "radius_of_gyration": 14.473056161547527,
        "alanine_content": 0.21212121212121213,
        "glycine_content": 0.07272727272727272,
        "num_residues": 165,
        "diffused_com": [
            -0.39752060174942017,
            -0.7660589814186096,
            -1.2246806621551514
        ],
        "fixed_com": [
            -0.0006757463561370969,
            1.743861685099546e-05,
            0.0005275181611068547
        ]
    },
    "specification": {
        "input": "/home/iska/amelie-ai/ThermoGFN/data/rfd3/ccd_ligands/structures/1SL.cif",
        "length": "20-400",
        "ligand": "1SL",
        "extra": {
            "example": "ligand_578_ccd_1sl",
            "task_name": "spec_ligand_578_ccd_1sl_ligand_578_ccd_1sl",
            "sampled_contig": "165",
            "num_tokens_in": 166,
            "num_residues_in": 166,
            "num_chains": 2,
            "num_atoms": 853,
            "num_residues": 168,
            "example_id": "spec_ligand_578_ccd_1sl_ligand_578_ccd_1sl_0"
        },
        "select_fixed_atoms": {
            "1SL": "ALL"
        },
        "select_unfixed_sequence": false
    },
    "ckpt_path": "/home/iska/amelie-ai/ThermoGFN/weights/rfd3_latest.ckpt",
    "seed": null
}