{
    "diffused_index_map": {},
    "metrics": {
        "max_ca_deviation": 0.10862445831298828,
        "n_chainbreaks": 0,
        "n_clashing.interresidue_clashes_w_sidechain": 0,
        "n_clashing.interresidue_clashes_w_backbone": 0,
        "n_clashing.ligand_clashes": 0,
        "n_clashing.ligand_min_distance": 2.885402202606201,
        "non_loop_fraction": 0.7205882352941176,
        "loop_fraction": 0.27941176470588236,
        "helix_fraction": 0.5698529411764706,
        "sheet_fraction": 0.15073529411764705,
        "num_ss_elements": 17,
        "radius_of_gyration": 17.063247756407673,
        "alanine_content": 0.36764705882352944,
        "glycine_content": 0.06985294117647059,
        "num_residues": 272,
        "diffused_com": [
            -2.4842703342437744,
            3.8538103103637695,
            0.030003821477293968
        ],
        "fixed_com": [
            -0.0005289713735692203,
            -0.0005747477407567203,
            0.00017038981604855508
        ]
    },
    "specification": {
        "input": "/home/iska/amelie-ai/ThermoGFN/data/rfd3/ccd_ligands/structures/V91.cif",
        "length": "20-400",
        "ligand": "V91",
        "extra": {
            "example": "ligand_496_ccd_v91",
            "task_name": "spec_ligand_496_ccd_v91_ligand_496_ccd_v91",
            "sampled_contig": "272",
            "num_tokens_in": 273,
            "num_residues_in": 273,
            "num_chains": 2,
            "num_atoms": 1384,
            "num_residues": 275,
            "example_id": "spec_ligand_496_ccd_v91_ligand_496_ccd_v91_2"
        },
        "select_fixed_atoms": {
            "V91": "ALL"
        },
        "select_unfixed_sequence": false
    },
    "ckpt_path": "/home/iska/amelie-ai/ThermoGFN/weights/rfd3_latest.ckpt",
    "seed": null
}