{
    "diffused_index_map": {},
    "metrics": {
        "max_ca_deviation": 0.041585683822631836,
        "n_chainbreaks": 0,
        "n_clashing.interresidue_clashes_w_sidechain": 0,
        "n_clashing.interresidue_clashes_w_backbone": 0,
        "n_clashing.ligand_clashes": 0,
        "n_clashing.ligand_min_distance": 3.3423194885253906,
        "non_loop_fraction": 0.7938144329896907,
        "loop_fraction": 0.20618556701030927,
        "helix_fraction": 0.7525773195876289,
        "sheet_fraction": 0.041237113402061855,
        "num_ss_elements": 5,
        "radius_of_gyration": 13.097026942822534,
        "alanine_content": 0.3917525773195876,
        "glycine_content": 0.020618556701030927,
        "num_residues": 97,
        "diffused_com": [
            -1.2103259563446045,
            -0.6085376739501953,
            1.4069294929504395
        ],
        "fixed_com": [
            -0.0005289713735692203,
            -0.0005747477407567203,
            0.00017038981604855508
        ]
    },
    "specification": {
        "input": "/home/iska/amelie-ai/ThermoGFN/data/rfd3/ccd_ligands/structures/V91.cif",
        "length": "20-400",
        "ligand": "V91",
        "extra": {
            "example": "ligand_496_ccd_v91",
            "task_name": "spec_ligand_496_ccd_v91_ligand_496_ccd_v91",
            "sampled_contig": "97",
            "num_tokens_in": 98,
            "num_residues_in": 98,
            "num_chains": 2,
            "num_atoms": 509,
            "num_residues": 100,
            "example_id": "spec_ligand_496_ccd_v91_ligand_496_ccd_v91_0"
        },
        "select_fixed_atoms": {
            "V91": "ALL"
        },
        "select_unfixed_sequence": false
    },
    "ckpt_path": "/home/iska/amelie-ai/ThermoGFN/weights/rfd3_latest.ckpt",
    "seed": null
}